x0,y0,x1,y1,x2,y2,x3,y3,x4,y4,x5,y5,x6,y6,x7,y7,x8,y8,x9,y9,x10,y10,x11,y11,x12,y12,x13,y13,x14,y14,x15,y15,x16,y16,x17,y17,x18,y18,x19,y19,x20,y20,Gesture
0,0,-0.037540555,-0.012581438,-0.06121254,-0.041883677,-0.06831032,-0.070750803,-0.067598581,-0.111489028,-0.015897572,-0.100251019,-0.017110407,0.027998149,-0.021229327,0.118216723,-0.023440838,0.188637823,0.02287519,-0.08547914,0.016701579,0.055708259,0.010660887,0.14703849,0.005093277,0.221896738,0.051474333,-0.057497919,0.04663527,0.066057503,0.041960299,0.148290783,0.03751421,0.214495271,0.070668399,-0.02291736,0.07147938,0.06400311,0.066578329,0.126758188,0.061507106,0.175070614,Pitch_Forward
0,0,-0.055094123,0.017862603,-0.107719123,0.065254316,-0.151727974,0.072319999,-0.192423224,0.038246796,-0.080684841,0.071293607,-0.095232189,0.218854383,-0.101282239,0.310158834,-0.105939746,0.379743829,-0.034322023,0.078527406,-0.053708196,0.247777358,-0.063199699,0.348999694,-0.071421564,0.4205475,0.006921768,0.091570809,-0.010275722,0.24381347,-0.018439412,0.339538291,-0.024322569,0.406958476,0.040886283,0.108962789,0.025502503,0.226546422,0.01752001,0.295900956,0.01245451,0.351412252,Pitch_Forward
0,0,-0.059334099,0.059600815,-0.081525683,0.143043742,-0.075320303,0.231090501,-0.069978774,0.30343993,-0.084648013,0.098741338,-0.088158607,0.236770704,-0.091433167,0.330231443,-0.091867089,0.39877446,-0.036737561,0.090520844,-0.043328822,0.243415311,-0.049659729,0.34984304,-0.054378211,0.419110492,0.007552147,0.100218505,0.001358092,0.239692762,-0.005372226,0.340241566,-0.011937022,0.407404378,0.045354545,0.120736614,0.039891243,0.222759679,0.032420993,0.297730163,0.025343299,0.354003087,Pitch_Forward
0,0,-0.056820631,0.054988444,-0.081663132,0.147539973,-0.089462161,0.237800777,-0.109886348,0.314656109,-0.080894113,0.103430763,-0.080810726,0.244912118,-0.082225919,0.337370574,-0.082180977,0.406318098,-0.03411901,0.095551223,-0.038028479,0.248928696,-0.042747915,0.354328543,-0.046842337,0.426037282,0.010209024,0.103646383,0.007542551,0.240540922,0.000677466,0.339202642,-0.006741226,0.409657568,0.048852623,0.119155437,0.044812858,0.221407801,0.037869215,0.294611603,0.031981409,0.353355139,Pitch_Forward
0,0,-0.06776911,0.001427591,-0.129248738,0.047621191,-0.172258496,0.086599648,-0.218447864,0.09391591,-0.140090585,0.039265037,-0.15546304,0.223792374,-0.161952674,0.338243484,-0.16199249,0.418661714,-0.087334692,0.046607554,-0.108157814,0.264325619,-0.117319584,0.394410431,-0.122071207,0.480620265,-0.03513068,0.066213369,-0.054985285,0.270113647,-0.068136275,0.392550945,-0.075414538,0.472375512,0.012211442,0.097313821,-0.006054938,0.254833817,-0.021358967,0.355037987,-0.031308651,0.425866842,Pitch_Forward
0,0,-0.059699535,0.043431669,-0.116374314,0.106948823,-0.146659017,0.165090173,-0.176441431,0.211767435,-0.109348238,0.112279862,-0.098473549,0.303552419,-0.088511825,0.413856,-0.08119303,0.49271813,-0.051177025,0.099553257,-0.044219613,0.327410847,-0.038065791,0.454567343,-0.034461856,0.541175634,0.002352595,0.104438365,0.00744158,0.3148987,0.012044668,0.441795617,0.014679849,0.528286904,0.048992336,0.123417825,0.049740195,0.291406721,0.048869431,0.387375504,0.045931399,0.459656805,Pitch_Forward
0,0,-0.070000529,0.001911491,-0.12458539,0.001189381,-0.157110572,0.007262707,-0.191762388,0.009516418,-0.138763249,-0.093473643,-0.137014866,0.07539475,-0.128532112,0.179376066,-0.122233331,0.262052476,-0.085047305,-0.112257659,-0.079149723,0.096491039,-0.07277745,0.220306635,-0.068130076,0.315295637,-0.028327525,-0.106304914,-0.025034606,0.097654641,-0.024172425,0.217431068,-0.022733152,0.306322277,0.022744656,-0.078085721,0.021352232,0.069490612,0.017546296,0.170309484,0.012146056,0.244305074,Pitch_Forward
0,0,-0.074059248,0.007833958,-0.121744752,0.014844537,-0.150184035,0.028101861,-0.177129149,0.039911985,-0.129160404,-0.075560868,-0.126485705,0.088795006,-0.123987615,0.189918935,-0.121722639,0.271552622,-0.073262632,-0.086385489,-0.073321283,0.102825522,-0.07472086,0.222392023,-0.075316846,0.318026841,-0.017356932,-0.077094316,-0.015022337,0.113367677,-0.016337276,0.231435835,-0.016147196,0.322428644,0.032519162,-0.045937121,0.033101559,0.095472753,0.031000316,0.188794076,0.027686894,0.262048185,Pitch_Forward
0,0,-0.063507497,0.012094468,-0.115769506,0.062474668,-0.15243578,0.114009529,-0.19005084,0.140929133,-0.128386438,0.058782607,-0.129878104,0.236488014,-0.129769325,0.354611009,-0.126871586,0.440966874,-0.076372921,0.05570212,-0.079396963,0.272897512,-0.079729915,0.410413772,-0.076756477,0.502695471,-0.023979247,0.069060564,-0.023438156,0.276545018,-0.023138165,0.406193167,-0.020829976,0.4918845,0.025851965,0.10124442,0.028520346,0.25375393,0.025568783,0.353119344,0.023468316,0.423973352,Pitch_Forward
0,0,-0.050482273,0.01184389,-0.096224964,-0.012959778,-0.124647975,-0.048882127,-0.159805715,-0.092596143,-0.084232569,-0.091327578,-0.089726806,0.022633404,-0.085309327,0.105012357,-0.084055722,0.170796692,-0.041680455,-0.100442231,-0.038481236,0.043327808,-0.036215842,0.13673991,-0.036767483,0.205704987,0.001801789,-0.086687922,0.007782638,0.048884392,0.005963147,0.144310772,0.002266169,0.214865386,0.039054811,-0.056462556,0.046028018,0.041881561,0.043826461,0.118776739,0.038110316,0.17230767,Pitch_Forward
0,0,-0.056779742,0.006028831,-0.103341997,0.00292024,-0.135242164,-0.001672417,-0.175920606,-0.009788632,-0.106044829,-0.046852171,-0.105905294,0.091313004,-0.098914802,0.179173589,-0.093510091,0.247751117,-0.060029924,-0.060997546,-0.056848049,0.107176304,-0.05007112,0.213091373,-0.045041859,0.293107569,-0.013753891,-0.058877051,-0.009081781,0.106546998,-0.008854926,0.209970951,-0.007904053,0.287770033,0.02528286,-0.039031148,0.029127002,0.085867584,0.027829289,0.168119788,0.024120688,0.231980205,Pitch_Forward
0,0,-0.057142794,0.031947702,-0.112647057,0.086472392,-0.149777055,0.122049719,-0.183427811,0.135460794,-0.106809378,0.102461368,-0.101957798,0.260308206,-0.095292568,0.3561306,-0.089552939,0.425383449,-0.058407903,0.102123976,-0.058015347,0.284834266,-0.05323422,0.395452678,-0.048783958,0.473172665,-0.012629986,0.108471811,-0.014345586,0.281521797,-0.012017012,0.387183785,-0.008743167,0.459626913,0.028020024,0.12081337,0.024732113,0.258548558,0.023748875,0.340352058,0.022708058,0.402790129,Pitch_Forward
0,0,-0.069935441,0.032948583,-0.127237082,0.098684937,-0.165727913,0.156622857,-0.200327039,0.189010948,-0.112081766,0.153941303,-0.111362696,0.328484684,-0.10678643,0.426335841,-0.101744771,0.50024429,-0.06464684,0.164944649,-0.065562963,0.364272326,-0.06429714,0.475539833,-0.06427747,0.552486807,-0.018642724,0.174181372,-0.02428335,0.355763942,-0.025139153,0.46427539,-0.026026368,0.540316731,0.023370802,0.179568142,0.013302088,0.326620728,0.009662569,0.409125358,0.006190479,0.474045128,Pitch_Forward
0,0,-0.059145808,0.036955595,-0.088396728,0.115720272,-0.091836214,0.213199466,-0.082990229,0.28511557,-0.108238697,0.051249713,-0.10248071,0.196381778,-0.096415162,0.290981859,-0.084630668,0.360981435,-0.059584439,0.039406866,-0.052611291,0.219324201,-0.046170056,0.329235345,-0.039544106,0.402401954,-0.010479152,0.04730615,-0.006528139,0.217265338,-0.00617981,0.320634693,-0.002503514,0.386343092,0.033735752,0.072671682,0.033940256,0.195681602,0.031973004,0.274616867,0.033772528,0.329025596,Pitch_Forward
0,0,-0.055347204,0.041582882,-0.085972786,0.133078754,-0.087305009,0.237185657,-0.081184208,0.313698649,-0.099505603,0.078858644,-0.093095183,0.243663371,-0.08524406,0.348786354,-0.076268613,0.418979824,-0.046673715,0.069189399,-0.039474666,0.260621548,-0.035426855,0.380356669,-0.029178798,0.456419289,0.001587749,0.075921685,0.007142365,0.25248611,0.007437527,0.3640697,0.010614395,0.436937034,0.042116165,0.099547356,0.043913543,0.230463147,0.044227481,0.313407362,0.045744181,0.372671485,Pitch_Forward
0,0,-0.06357193,0.06220153,-0.094842553,0.171930403,-0.089387119,0.284423143,-0.08077693,0.366822869,-0.104290426,0.155634016,-0.096844852,0.333570629,-0.088735282,0.435124785,-0.081601501,0.513852268,-0.053772926,0.154685467,-0.046268582,0.349735707,-0.041458964,0.46795705,-0.038261473,0.551449686,-0.005593061,0.161100179,-0.000928521,0.343764216,0.001927376,0.456459671,0.003268421,0.534776479,0.035337865,0.172586173,0.036746562,0.317082018,0.037417591,0.404874116,0.036863565,0.472476035,Pitch_Forward
0,0,-0.051419854,-0.007730722,-0.089475453,-0.014029562,-0.110960424,-0.015390396,-0.129993558,-0.022504687,-0.088905573,-0.078659892,-0.096299708,0.056061447,-0.096235514,0.140846908,-0.096924603,0.207963288,-0.046348929,-0.08127591,-0.054561079,0.083650768,-0.058425128,0.181576431,-0.062887549,0.254946232,-0.00411731,-0.067298114,-0.015377223,0.091856837,-0.026260912,0.184682369,-0.034331739,0.254689574,0.031492472,-0.039926708,0.022027969,0.072193146,0.011729181,0.146988332,0.001906812,0.203435838,Pitch_Forward
0,0,-0.042779744,-0.017522335,-0.079845369,-0.066785336,-0.102144897,-0.108552635,-0.107025743,-0.14825651,-0.072194576,-0.195049644,-0.076955318,-0.128272533,-0.075183511,-0.056833148,-0.075403452,-0.002304912,-0.035499454,-0.201110005,-0.036035299,-0.115097582,-0.034505546,-0.042735696,-0.034628987,0.010140181,-0.000344813,-0.18406257,0.000273645,-0.10475111,-0.000433207,-0.041693091,-0.002723396,0.004723608,0.030521452,-0.1523664,0.029201567,-0.092990875,0.026763618,-0.044265926,0.024949014,-0.013404489,Pitch_Forward
0,0,-0.037680507,-0.008951902,-0.067579985,-0.034827948,-0.085477829,-0.059451759,-0.094106972,-0.08677119,-0.07186693,-0.142467141,-0.076685488,-0.062180102,-0.066168904,0.014717698,-0.057837605,0.076417148,-0.034524381,-0.15079388,-0.032901406,-0.044493556,-0.029861748,0.039744318,-0.02805388,0.103908122,0.003606796,-0.134988099,0.005405366,-0.037389457,0.00564748,0.039889157,0.004087508,0.100134254,0.037758887,-0.104341775,0.041778862,-0.038221419,0.04013139,0.022036016,0.036532223,0.068239331,Pitch_Forward
0,0,-0.037772417,-0.00202632,-0.070358157,0.002631247,-0.08931011,0.024313688,-0.095348001,0.051085413,-0.072678745,-0.115713179,-0.073058307,-0.013502657,-0.068119645,0.061714947,-0.066063821,0.120773554,-0.032957017,-0.121592104,-0.032741249,-0.010279,-0.031250536,0.066076458,-0.031452119,0.123758614,0.00421834,-0.105179667,0.006860018,-0.003283739,0.007041335,0.07126224,0.005403817,0.129636049,0.036497176,-0.073606253,0.040840387,0.002483428,0.039911807,0.063447177,0.036139429,0.108611643,Pitch_Forward
0,0,-0.03389293,0.018045604,-0.06414324,0.038677573,-0.083586514,0.069079399,-0.090254545,0.094996333,-0.069739938,-0.109896749,-0.070064306,-0.01565963,-0.065103054,0.061621964,-0.062814772,0.120095789,-0.031237543,-0.121858448,-0.02724421,-0.015123904,-0.026865661,0.066142082,-0.029176474,0.128833473,0.004900217,-0.109423339,0.011522591,-0.007871807,0.012469471,0.071401,0.010690749,0.13205725,0.036351025,-0.080744624,0.043191791,-0.007178724,0.043595433,0.054172218,0.040153265,0.100041866,Pitch_Forward
0,0,-0.037120581,0.019494653,-0.069090724,0.029196858,-0.094013989,0.047149241,-0.119690835,0.07870245,-0.070064664,-0.10836181,-0.068041265,-0.010561824,-0.062169492,0.065464079,-0.059023142,0.120527565,-0.032155633,-0.120291203,-0.026722729,-0.008226275,-0.024976671,0.072752714,-0.023440421,0.134446979,0.003415227,-0.107501209,0.011255503,-0.001490176,0.012298584,0.074577212,0.013101935,0.132256746,0.035112679,-0.080118239,0.040990055,-0.001534283,0.042116761,0.059494853,0.041137636,0.104186058,Pitch_Forward
0,0,-0.038259268,0.013303399,-0.068891406,0.042672217,-0.087469399,0.089243233,-0.101953864,0.135466754,-0.074074149,-0.061184943,-0.064730048,0.055204153,-0.054277778,0.136119008,-0.048074663,0.200371921,-0.031981111,-0.077385008,-0.022521496,0.06237185,-0.016438246,0.152530909,-0.013679802,0.220390201,0.008625269,-0.070053339,0.016979635,0.060500622,0.021514177,0.146225333,0.023109257,0.211739659,0.042935133,-0.04640007,0.04963392,0.05163157,0.050757766,0.118325174,0.048194468,0.16945529,Pitch_Forward
0,0,-0.041774452,0.022724152,-0.069068909,0.064317644,-0.071927607,0.1255849,-0.068615139,0.183724165,-0.072556555,-0.035479128,-0.064945161,0.092349529,-0.053568661,0.175994337,-0.046718895,0.242712617,-0.029487252,-0.052542567,-0.022113919,0.105067968,-0.013045609,0.204456091,-0.007631004,0.279036462,0.012239814,-0.047053099,0.016726315,0.102049291,0.021493316,0.194197774,0.024215937,0.263253629,0.046602547,-0.02440083,0.051319122,0.090937734,0.050632834,0.163226783,0.047762334,0.21669066,Pitch_Forward
0,0,-0.041595519,0.023987651,-0.070171773,0.065675557,-0.083945155,0.123554945,-0.091979504,0.173030257,-0.070366502,-0.029346228,-0.065000713,0.103828192,-0.056977808,0.184171736,-0.051805079,0.245137274,-0.028337121,-0.04245168,-0.023125112,0.115999937,-0.019176126,0.210906863,-0.016564846,0.281156182,0.012644291,-0.03617084,0.016993344,0.1132828,0.017279208,0.201452732,0.017890334,0.267151892,0.046635151,-0.013008595,0.047230065,0.095629275,0.042878866,0.16448015,0.038373172,0.217128754,Pitch_Forward
0,0,-0.041113615,-0.021993876,-0.074190438,-0.074064493,-0.08403945,-0.132462382,-0.077095211,-0.190882683,-0.033368707,-0.132541955,-0.033349216,-0.171566784,-0.027097881,-0.186960042,-0.018050134,-0.206725061,-0.000675201,-0.128020048,0.008976877,-0.171318054,0.017011881,-0.190972865,0.025721788,-0.216399133,0.027602732,-0.108908713,0.040218055,-0.156368673,0.050645828,-0.17992121,0.058879256,-0.208267391,0.051898777,-0.079499483,0.066030979,-0.119793713,0.074195266,-0.141438663,0.078722358,-0.168431461,Pitch_Backward
0,0,-0.050106108,-0.015464544,-0.088240564,-0.079093277,-0.095938683,-0.145745993,-0.089340746,-0.214031458,-0.042158306,-0.140847981,-0.037047803,-0.187504649,-0.022061825,-0.212582886,-0.001031876,-0.244366527,-0.000234425,-0.129133582,0.017348886,-0.183617949,0.032880187,-0.212659001,0.049975514,-0.252480507,0.034940064,-0.102684498,0.056871116,-0.159487367,0.076313436,-0.189905405,0.09270525,-0.226546586,0.064003408,-0.067389965,0.087196946,-0.11571604,0.10256964,-0.142177701,0.114596009,-0.175396681,Pitch_Backward
0,0,-0.050518513,-0.003334582,-0.093169212,-0.060561061,-0.110669911,-0.124956846,-0.120016038,-0.185606778,-0.071735561,-0.141559899,-0.083849788,-0.199068964,-0.081938148,-0.224804699,-0.078472197,-0.253928542,-0.035755098,-0.149755239,-0.042525113,-0.211349964,-0.043185711,-0.244215846,-0.043606818,-0.279440641,0.001017034,-0.135660589,-0.00131315,-0.198880017,0.000344574,-0.234812796,-0.000312865,-0.273356318,0.036734998,-0.108404875,0.038549423,-0.163650155,0.039566994,-0.196080446,0.03723377,-0.230350912,Pitch_Backward
0,0,-0.049747765,-0.012800097,-0.09152025,-0.073144078,-0.110202789,-0.139546275,-0.118915439,-0.205409586,-0.070492566,-0.162746727,-0.079782069,-0.233127534,-0.07859236,-0.272529066,-0.075099111,-0.314650834,-0.033127606,-0.173324823,-0.038787723,-0.249208391,-0.038630068,-0.292732924,-0.038885951,-0.338263333,0.003782988,-0.158719182,0.002796292,-0.23580724,0.005545855,-0.281058788,0.005180955,-0.329698026,0.039123118,-0.128351152,0.041509271,-0.188754976,0.042997897,-0.227820218,0.041581631,-0.269616127,Pitch_Backward
0,0,-0.051851869,-0.017007053,-0.093870342,-0.082908154,-0.109963119,-0.156250596,-0.110800147,-0.228076756,-0.068920612,-0.17434442,-0.072690785,-0.255595922,-0.069570303,-0.304105699,-0.064582229,-0.353688926,-0.030360162,-0.18322742,-0.031060398,-0.268641829,-0.028778374,-0.322895527,-0.027784944,-0.379044056,0.006701946,-0.16779685,0.009225368,-0.250215113,0.01444149,-0.302797735,0.015653491,-0.358475268,0.040858746,-0.137544394,0.045538366,-0.203766882,0.048624516,-0.249483943,0.049057722,-0.297543973,Pitch_Backward
0,0,-0.045037985,-0.019111872,-0.083412945,-0.078372717,-0.08356595,-0.148612797,-0.055530488,-0.191574037,-0.065728188,-0.197726905,-0.06945461,-0.28904289,-0.064957082,-0.34504807,-0.057757676,-0.400574028,-0.028122544,-0.207722366,-0.029938936,-0.305808455,-0.024574876,-0.366312414,-0.020443022,-0.429986417,0.007125437,-0.192281246,0.010358334,-0.287311554,0.017321944,-0.345741034,0.020736575,-0.40501982,0.040680349,-0.160472572,0.047142982,-0.235594809,0.052379549,-0.283501625,0.054268539,-0.334073067,Pitch_Backward
0,0,-0.045452654,-0.027338743,-0.082982719,-0.097510874,-0.079875946,-0.17097199,-0.048287451,-0.207524419,-0.060464501,-0.224925339,-0.062034965,-0.320777297,-0.056393504,-0.377326071,-0.047857106,-0.433908284,-0.022627711,-0.231639147,-0.022197545,-0.335386753,-0.016120017,-0.397746384,-0.010811806,-0.463691175,0.011980653,-0.212851107,0.017104805,-0.311658978,0.024390519,-0.372745663,0.028731108,-0.434705019,0.044315755,-0.177458763,0.050826013,-0.255855143,0.056408048,-0.306855857,0.059584737,-0.35993129,Pitch_Backward
0,0,-0.042877674,-0.009885967,-0.080159605,-0.053569734,-0.088007569,-0.101309478,-0.066779435,-0.136011422,-0.052007616,-0.160440266,-0.061706781,-0.212278485,-0.056703985,-0.234004974,-0.046846926,-0.258968771,-0.015075505,-0.158985436,-0.014076829,-0.21946156,-0.006710887,-0.249542713,0.003216147,-0.285309434,0.019493699,-0.136338353,0.025571704,-0.197267056,0.036970556,-0.22999537,0.046478033,-0.264117599,0.050829113,-0.09986496,0.064318955,-0.151352048,0.072820008,-0.184782386,0.078112006,-0.221557856,Pitch_Backward
0,0,-0.042374492,-0.015599251,-0.079085171,-0.063055634,-0.084585786,-0.112198114,-0.056922972,-0.138517201,-0.045853019,-0.166216433,-0.050969481,-0.221185923,-0.047802866,-0.234150648,-0.041473687,-0.248492718,-0.00883472,-0.160537183,-0.005070329,-0.222696781,0.001612544,-0.245656371,0.010567904,-0.270893157,0.024720132,-0.132283986,0.034051716,-0.195705175,0.046432912,-0.224287033,0.056536734,-0.253614008,0.054397225,-0.090167582,0.070420146,-0.141881764,0.080873251,-0.173201382,0.087636888,-0.207925439,Pitch_Backward
0,0,-0.045363843,-0.008969009,-0.08838588,-0.051755309,-0.099773169,-0.101369798,-0.071875215,-0.135953128,-0.07291615,-0.163850844,-0.092414916,-0.223140776,-0.090088308,-0.230601728,-0.085547268,-0.238758147,-0.036962867,-0.171157241,-0.052665591,-0.235421538,-0.052039981,-0.252016723,-0.050488591,-0.269454479,-0.000216603,-0.150862396,-0.007370353,-0.217825651,-0.005927265,-0.244294882,-0.008925259,-0.274485826,0.035356343,-0.116017342,0.038690507,-0.167234659,0.039451063,-0.198296249,0.033334255,-0.231985569,Pitch_Backward
0,0,-0.04477191,-0.008611679,-0.084764004,-0.053407252,-0.09798193,-0.110904813,-0.078130245,-0.158718705,-0.071440279,-0.155700982,-0.090068698,-0.223830521,-0.094069541,-0.265991747,-0.095461845,-0.309782982,-0.037355959,-0.168344736,-0.050598443,-0.242170691,-0.055045366,-0.287347496,-0.059028566,-0.332907379,-0.001663804,-0.154233634,-0.007932663,-0.231657207,-0.008218646,-0.277292609,-0.010750115,-0.323823005,0.033786714,-0.12347281,0.032471418,-0.185204446,0.030943632,-0.224930346,0.026448607,-0.26514858,Pitch_Backward
0,0,-0.047942877,-0.017854869,-0.090352714,-0.066786289,-0.107554078,-0.12812525,-0.092585862,-0.189175904,-0.082439065,-0.165982604,-0.107300878,-0.241843522,-0.120260179,-0.288306057,-0.131057858,-0.336228371,-0.052125156,-0.180700779,-0.073960423,-0.260613978,-0.087266922,-0.311399788,-0.100879014,-0.363755345,-0.017632127,-0.172935128,-0.034236014,-0.253032029,-0.042864382,-0.304276764,-0.054507494,-0.355858117,0.018433571,-0.150115967,0.009170473,-0.215161741,0.002317965,-0.259268224,-0.007813215,-0.30404973,Pitch_Backward
0,0,-0.046926022,-0.021681309,-0.089494646,-0.074015796,-0.106607556,-0.137526214,-0.090272546,-0.199806273,-0.080252051,-0.1795398,-0.104240477,-0.263461947,-0.115350306,-0.313752294,-0.123673677,-0.364859045,-0.049402237,-0.192977905,-0.070111394,-0.280331314,-0.081431031,-0.335031718,-0.092270255,-0.390777469,-0.015146613,-0.183371067,-0.030541301,-0.269344687,-0.036977232,-0.323301554,-0.04568994,-0.376859725,0.020217359,-0.158684731,0.011405945,-0.227702141,0.005966187,-0.273764491,-0.002267063,-0.320232034,Pitch_Backward
0,0,-0.049687266,-0.028549671,-0.085518658,-0.097662508,-0.095787466,-0.167875648,-0.092185557,-0.23386848,-0.05349201,-0.183437407,-0.054768026,-0.25266403,-0.048766315,-0.289496899,-0.039832056,-0.329836309,-0.015889406,-0.185911238,-0.012559772,-0.260788739,-0.006201029,-0.303279489,0.000108838,-0.348724008,0.01928407,-0.167063653,0.025333464,-0.241611958,0.033442616,-0.284987628,0.039105475,-0.329842091,0.051451504,-0.134735525,0.05855161,-0.196145117,0.063346982,-0.236224711,0.066253066,-0.277873814,Pitch_Backward
0,0,-0.051845849,-0.033978224,-0.086765647,-0.111473083,-0.096996725,-0.189160168,-0.096060455,-0.259424627,-0.056375444,-0.200229943,-0.060524046,-0.28287065,-0.058446288,-0.332647026,-0.054080844,-0.383869171,-0.020250976,-0.207341552,-0.022124648,-0.295847952,-0.020363212,-0.352375329,-0.019422829,-0.411015511,0.014072537,-0.192296505,0.015211523,-0.28061536,0.018964231,-0.337273747,0.01998204,-0.394217312,0.046434939,-0.162101984,0.048658013,-0.233874321,0.050187409,-0.281905413,0.049748242,-0.331024945,Pitch_Backward
0,0,-0.053853452,-0.045674682,-0.0892151,-0.131726027,-0.09917593,-0.215826809,-0.093458593,-0.287100405,-0.056505799,-0.229719937,-0.06069839,-0.322428524,-0.058880866,-0.376956344,-0.054659545,-0.432849258,-0.0217278,-0.237195492,-0.02358371,-0.337712586,-0.02173996,-0.401886821,-0.020087421,-0.467292249,0.011238754,-0.222742319,0.012562156,-0.319703013,0.015612304,-0.382491231,0.016957343,-0.445058584,0.0432266,-0.193210304,0.044570148,-0.271486104,0.046438932,-0.324489534,0.046972215,-0.378945202,Pitch_Backward
0,0,-0.054428875,-0.048038125,-0.089619219,-0.140233338,-0.09992218,-0.22963661,-0.09189409,-0.304848999,-0.058016956,-0.245458066,-0.060519278,-0.345643342,-0.058125615,-0.40654403,-0.053063929,-0.467058867,-0.023082137,-0.25510025,-0.023755312,-0.364095598,-0.02144742,-0.435058475,-0.019655526,-0.505754292,0.009489298,-0.24202776,0.01146549,-0.345167696,0.014641941,-0.413285315,0.01577282,-0.480326205,0.041094959,-0.213094652,0.042924464,-0.29627043,0.04534471,-0.353371561,0.046076536,-0.411295056,Pitch_Backward
0,0,-0.048356533,-0.025586128,-0.086304665,-0.092610657,-0.095883965,-0.163084984,-0.08666569,-0.225958228,-0.048779488,-0.176809132,-0.048449278,-0.240112066,-0.040777624,-0.27247268,-0.029718339,-0.3092103,-0.009605765,-0.177609563,-0.002445459,-0.248453796,0.005050302,-0.286206365,0.013584852,-0.329250991,0.026183844,-0.158744812,0.035596251,-0.229132295,0.045458853,-0.269322276,0.054050803,-0.310473204,0.057894647,-0.12646395,0.069271386,-0.185789466,0.07589829,-0.224119961,0.081072271,-0.264794409,Pitch_Backward
0,0,-0.04651314,-0.015361726,-0.084984303,-0.080365658,-0.100839615,-0.141328692,-0.113629937,-0.19774282,-0.067721367,-0.162260294,-0.082988083,-0.216122627,-0.088457525,-0.244344234,-0.092281044,-0.273335963,-0.03581959,-0.172645152,-0.050181627,-0.232518554,-0.057574749,-0.263904512,-0.064394116,-0.294282049,-0.00193584,-0.159131408,-0.010136306,-0.220749736,-0.016780257,-0.254289031,-0.025087297,-0.288363159,0.032736361,-0.129506409,0.028857768,-0.179431021,0.023627758,-0.211662948,0.016324759,-0.244645476,Pitch_Backward
0,0,-0.049038768,-0.0218876,-0.085241556,-0.090584755,-0.097432911,-0.159539342,-0.103889585,-0.224014938,-0.060553253,-0.171802878,-0.067775786,-0.242235422,-0.067424715,-0.281683803,-0.06540066,-0.324146569,-0.024502695,-0.179713666,-0.029486537,-0.254608035,-0.030232847,-0.300106645,-0.03155905,-0.348966658,0.010813296,-0.16506654,0.00904274,-0.241101325,0.010454059,-0.286190689,0.009189904,-0.334186494,0.044975817,-0.135985255,0.044677258,-0.197581947,0.044124663,-0.238132894,0.041894376,-0.280849457,Pitch_Backward
0,0,-0.052465796,-0.036152959,-0.087487936,-0.114032149,-0.097892582,-0.189938307,-0.100400865,-0.258831024,-0.05781579,-0.200759888,-0.065268338,-0.281957924,-0.064882159,-0.328812271,-0.062215328,-0.37794587,-0.022447348,-0.208284259,-0.028163016,-0.295775712,-0.029189944,-0.349760324,-0.03040725,-0.406769454,0.011735678,-0.193916142,0.009147465,-0.280403316,0.010138035,-0.334198058,0.009290397,-0.388886631,0.044619143,-0.164433062,0.043929696,-0.23447293,0.043579936,-0.280163884,0.041593492,-0.327131093,Pitch_Backward
0,0,-0.043331087,-0.022292435,-0.076930046,-0.082178056,-0.087299109,-0.148760736,-0.08530885,-0.210504055,-0.048557341,-0.160786867,-0.048089027,-0.226251662,-0.043465078,-0.261140525,-0.03624773,-0.297392905,-0.013952196,-0.161908805,-0.010059714,-0.230761588,-0.005132198,-0.269278705,-6.54E-05,-0.309621096,0.017831981,-0.143594861,0.025830984,-0.210650742,0.032593966,-0.249396801,0.037499726,-0.290689647,0.04739517,-0.112878323,0.056454897,-0.166901171,0.061175644,-0.201984227,0.063727558,-0.239614129,Pitch_Backward
0,0,-0.045720339,-0.023541689,-0.079303741,-0.086339116,-0.089127123,-0.153892875,-0.084226549,-0.219062686,-0.049681425,-0.168942213,-0.04635787,-0.249364078,-0.039441168,-0.298956871,-0.030315995,-0.348081112,-0.012893498,-0.170802474,-0.006200492,-0.256394267,0.00144136,-0.31383431,0.00767684,-0.372734487,0.020166934,-0.151573896,0.029908538,-0.233794212,0.038629711,-0.289154649,0.043602288,-0.346906424,0.048982918,-0.119964361,0.060178578,-0.185432851,0.066621244,-0.232104778,0.070761383,-0.28123939,Pitch_Backward
0,0,-0.043971896,-0.022880018,-0.076090753,-0.085839093,-0.085108876,-0.151600718,-0.080364585,-0.217945516,-0.044684112,-0.165207565,-0.038470089,-0.244339228,-0.029180467,-0.294381976,-0.017121732,-0.343789518,-0.007851183,-0.164149284,0.002342999,-0.24794358,0.013071477,-0.305183053,0.022834182,-0.364540875,0.024379611,-0.142398953,0.037990868,-0.221953988,0.049869239,-0.276348591,0.057845533,-0.333871841,0.052223384,-0.108588159,0.067806244,-0.170401454,0.077049792,-0.216573596,0.083720207,-0.265852153,Pitch_Backward
0,0,-0.039217591,-0.016181469,-0.070846498,-0.064274192,-0.070485175,-0.118342102,-0.04352802,-0.148948431,-0.049176693,-0.162381768,-0.047826111,-0.234449089,-0.03961885,-0.279601812,-0.02875632,-0.324044824,-0.013882041,-0.161934495,-0.008292854,-0.237606525,0.000604212,-0.285547793,0.008800507,-0.334888607,0.018560112,-0.138040483,0.026510477,-0.211639047,0.03703171,-0.257932603,0.044399738,-0.306707919,0.047580779,-0.102094531,0.057875395,-0.158396423,0.065678835,-0.198984325,0.07123667,-0.243555367,Pitch_Backward
0,0,-0.026922405,0.047475576,-0.06490016,0.048477173,-0.097452939,0.025407314,-0.1326195,0.009162664,-0.067206085,-0.034032166,-0.081765354,-0.057100832,-0.083068311,-0.082061946,-0.08215636,-0.115151882,-0.04662323,-0.082341373,-0.052783489,-0.123846591,-0.053868651,-0.146567971,-0.056317925,-0.1720137,-0.023480296,-0.114067495,-0.02651602,-0.161098361,-0.027336121,-0.185771316,-0.030127704,-0.206520498,0.001121759,-0.131181419,0.000439048,-0.180234522,-0.001628518,-0.203549087,-0.007472873,-0.220420599,Roll_Left
0,0,-0.039706528,0.02985239,-0.081942618,0.021528423,-0.108091295,-0.003833532,-0.124456704,-0.04810518,-0.077762008,-0.050373733,-0.096777439,-0.080337048,-0.098491848,-0.094168127,-0.09692204,-0.108760655,-0.047050655,-0.081170321,-0.059873164,-0.126106143,-0.062252343,-0.146304309,-0.062148094,-0.15942055,-0.013722599,-0.097288132,-0.021997154,-0.14469558,-0.021994889,-0.171420336,-0.023757696,-0.188179821,0.019335568,-0.098177671,0.018807292,-0.148183346,0.018685162,-0.17289865,0.014953017,-0.187907994,Roll_Left
0,0,-0.030023336,0.045008957,-0.066807747,0.064234257,-0.094237447,0.060429096,-0.116241574,0.033673942,-0.079446971,-0.010733187,-0.110057294,-0.0288589,-0.113312185,-0.030209839,-0.105895758,-0.027733505,-0.060374856,-0.04971379,-0.085336983,-0.07734555,-0.090194166,-0.081618905,-0.087639272,-0.078875899,-0.035191357,-0.079079211,-0.054232836,-0.110862613,-0.059452951,-0.12380439,-0.060762584,-0.121524215,-0.005292177,-0.098005056,-0.015197635,-0.138209909,-0.022650421,-0.15210554,-0.029639959,-0.148883611,Roll_Left
0,0,-0.024078965,0.041257679,-0.059193254,0.06344229,-0.082769334,0.053589106,-0.088498056,0.013945162,-0.087901473,-0.016401291,-0.120701253,-0.039663434,-0.120818317,-0.034431994,-0.109596312,-0.026905954,-0.070044875,-0.057633638,-0.098794103,-0.094092667,-0.098354936,-0.089334786,-0.090034664,-0.0818308,-0.044124603,-0.087923527,-0.066656053,-0.125870049,-0.06738019,-0.127082646,-0.063180387,-0.117012054,-0.013487518,-0.107593328,-0.026366591,-0.147276968,-0.032334268,-0.155294538,-0.035859168,-0.149684668,Roll_Left
0,0,-0.02159363,0.046121657,-0.057024121,0.080026686,-0.083129287,0.0777722,-0.084654987,0.035579443,-0.098960042,0.017417729,-0.140781105,0.013305724,-0.127289295,0.025285304,-0.110103488,0.028246582,-0.087447762,-0.028456926,-0.130536139,-0.044390202,-0.111174762,-0.02733928,-0.094499767,-0.023556709,-0.066538751,-0.067004204,-0.103363276,-0.089972675,-0.091726124,-0.076213598,-0.083598912,-0.068153828,-0.039525867,-0.099489391,-0.059947252,-0.127039403,-0.061548829,-0.123103619,-0.063362181,-0.117024064,Roll_Left
0,0,-0.028397381,0.058967829,-0.068386078,0.090786397,-0.10060972,0.095959425,-0.131745398,0.094470263,-0.097704053,0.045332611,-0.135542214,0.06065768,-0.139161527,0.067991138,-0.133237123,0.064061344,-0.086965501,-0.001046181,-0.122280777,0.000222027,-0.125737429,0.005770981,-0.12418431,0.006368458,-0.065951407,-0.045477659,-0.094361663,-0.052444756,-0.104582548,-0.047933966,-0.111875534,-0.041164786,-0.037658215,-0.084961295,-0.058530688,-0.097899258,-0.073368728,-0.094346941,-0.087053299,-0.085392922,Roll_Left
0,0,-0.034248471,0.017177999,-0.077768385,-0.003918529,-0.103138745,-0.028520286,-0.103912354,-0.06558305,-0.076065421,-0.117528826,-0.074230671,-0.074701667,-0.065566838,-0.046533346,-0.06173414,-0.04350704,-0.046301246,-0.144344866,-0.039505005,-0.092537731,-0.035443366,-0.062425494,-0.035013616,-0.064065605,-0.013172805,-0.14854905,-0.006670713,-0.099509776,-0.004643381,-0.073552549,-0.006673694,-0.078758687,0.018647075,-0.139572322,0.02611357,-0.106583506,0.025732219,-0.084808648,0.02201581,-0.087389827,Roll_Left
0,0,-0.02945596,0.040178955,-0.068146169,0.052363634,-0.097251773,0.036252499,-0.111497104,-0.003690839,-0.080644727,-0.029870629,-0.098497808,-0.055097878,-0.090024829,-0.059219718,-0.076499403,-0.056295812,-0.05873251,-0.070063531,-0.071838379,-0.103571147,-0.066042006,-0.106059134,-0.055850327,-0.097302169,-0.032657921,-0.097163081,-0.040319681,-0.131116897,-0.036825597,-0.139647812,-0.032601118,-0.132073104,-0.004852891,-0.113205224,-0.008835316,-0.155477405,-0.009373605,-0.163807333,-0.010499716,-0.15480119,Roll_Left
0,0,-0.026435852,0.050900519,-0.062716901,0.076001883,-0.092873156,0.076113522,-0.118234813,0.058255374,-0.086234629,0.015215158,-0.115340173,0.005752206,-0.119319975,0.007470906,-0.114452302,0.008873522,-0.073928654,-0.031012654,-0.099392295,-0.049726546,-0.102846861,-0.051079988,-0.099579036,-0.049429178,-0.053761303,-0.071599334,-0.073558092,-0.093378454,-0.077352762,-0.100141943,-0.077806771,-0.097001523,-0.027489245,-0.105204582,-0.041966915,-0.134550303,-0.050501943,-0.140127242,-0.057196796,-0.135082304,Roll_Left
0,0,-0.024193585,0.047281623,-0.054956317,0.083165288,-0.079309106,0.090546131,-0.087367117,0.056493104,-0.097975969,0.00632292,-0.127552927,-0.014384031,-0.124909639,-0.008148491,-0.112205327,0.00120765,-0.083892107,-0.041682661,-0.111842394,-0.064921409,-0.112292528,-0.063144743,-0.104140639,-0.057630539,-0.061580479,-0.079918742,-0.084135234,-0.103458405,-0.087302268,-0.10824275,-0.085671902,-0.103552043,-0.033150315,-0.111177593,-0.049266338,-0.138043076,-0.057120562,-0.142621934,-0.063763559,-0.137246668,Roll_Left
0,0,-0.031715274,0.052704632,-0.078739882,0.071839869,-0.118174613,0.080390632,-0.148765683,0.10683316,-0.091521442,0.00789243,-0.120103359,0.00190413,-0.122037649,0.002664328,-0.119464219,0.001517653,-0.079699695,-0.03508091,-0.105387449,-0.046822488,-0.10948962,-0.04882443,-0.108848989,-0.052564323,-0.0595451,-0.072304815,-0.082623363,-0.092036963,-0.089105368,-0.097361565,-0.094565392,-0.100648671,-0.033452928,-0.103093058,-0.049816251,-0.129223913,-0.058139145,-0.134699881,-0.067195296,-0.135290235,Roll_Left
0,0,-0.016723812,0.064918041,-0.055415273,0.112464845,-0.089528024,0.145988405,-0.117246389,0.191509783,-0.081634521,0.058116078,-0.10463196,0.062404096,-0.101061046,0.066252053,-0.092139781,0.070036352,-0.074359775,0.00552243,-0.101177335,-0.002011359,-0.097851336,0.002763033,-0.091044426,0.009038508,-0.062246919,-0.043689519,-0.080249488,-0.054168493,-0.082589328,-0.053688049,-0.081899583,-0.045765221,-0.043503582,-0.087671787,-0.059230208,-0.103165627,-0.06513226,-0.103819072,-0.069502592,-0.095902503,Roll_Left
0,0,-0.028760016,0.053911328,-0.074795365,0.078039348,-0.113001585,0.0924505,-0.142230034,0.124414265,-0.095593929,0.014904976,-0.119925439,0.001230121,-0.113812685,0.003464282,-0.104807317,0.005062461,-0.079756558,-0.031205952,-0.10672754,-0.06133908,-0.098533273,-0.051674545,-0.086213589,-0.04098171,-0.055203676,-0.068045616,-0.078023195,-0.09741357,-0.073552191,-0.091311276,-0.066897392,-0.079990655,-0.025841117,-0.094823867,-0.041668713,-0.121912807,-0.042965531,-0.121398419,-0.042888761,-0.113020122,Roll_Left
0,0,-0.03360039,0.045310915,-0.081803918,0.061082006,-0.12068373,0.068813622,-0.153634369,0.08688122,-0.08829236,-0.003931463,-0.113764346,-0.017155409,-0.114701092,-0.020244181,-0.111284196,-0.023195922,-0.068822384,-0.043823779,-0.094388783,-0.077148139,-0.094334185,-0.073838681,-0.086938202,-0.063511193,-0.040986955,-0.070924401,-0.060893416,-0.100999355,-0.062736213,-0.101980716,-0.062416732,-0.093442947,-0.009396851,-0.084692776,-0.019834578,-0.112121224,-0.024647415,-0.117738128,-0.0296942,-0.112028867,Roll_Left
0,0,-0.031241834,0.045530915,-0.07863313,0.062306046,-0.117134392,0.068853557,-0.148652971,0.088643134,-0.091440618,-0.005467474,-0.11489141,-0.021799028,-0.11106354,-0.02136904,-0.100455761,-0.018933713,-0.071632564,-0.046709716,-0.095314085,-0.079590082,-0.088305056,-0.071682334,-0.074685514,-0.056940973,-0.043772817,-0.076107681,-0.064200521,-0.105468482,-0.05978322,-0.100114137,-0.052312076,-0.084451616,-0.011919081,-0.093135178,-0.023469985,-0.118985772,-0.024559021,-0.118038923,-0.024444461,-0.107045919,Roll_Left
0,0,-0.033864677,0.039352357,-0.077838242,0.038649201,-0.111223876,0.021534145,-0.14278239,0.009439647,-0.081902683,-0.028906763,-0.111025691,-0.053330481,-0.116440892,-0.054337442,-0.113855064,-0.047977328,-0.062245846,-0.065844059,-0.087648034,-0.098460317,-0.093628228,-0.106191128,-0.092406511,-0.104429841,-0.034684181,-0.090081453,-0.053994775,-0.131800652,-0.059582651,-0.147432566,-0.063582957,-0.151798457,-0.00263828,-0.103188753,-0.014211297,-0.146273851,-0.020774841,-0.161461622,-0.028357148,-0.164583027,Roll_Left
0,0,-0.02767396,0.045841873,-0.066302061,0.063379228,-0.098646581,0.057258546,-0.130673051,0.051951528,-0.089428425,-0.00774616,-0.115709901,-0.022854269,-0.120575428,-0.023168921,-0.119303942,-0.020439386,-0.077091634,-0.054391623,-0.101579487,-0.08353278,-0.109265447,-0.09436354,-0.111080468,-0.099212021,-0.056224346,-0.089976847,-0.078486741,-0.126286566,-0.088082552,-0.146263272,-0.094844818,-0.158102572,-0.030142725,-0.115977108,-0.046349943,-0.151222855,-0.056465745,-0.16884625,-0.065759063,-0.179255962,Roll_Left
0,0,-0.024909496,0.039597332,-0.054431379,0.054634809,-0.072543919,0.052449942,-0.087099314,0.043248892,-0.091183543,-0.038557827,-0.091506422,0.003000081,-0.077774644,0.016765416,-0.071559787,0.013783395,-0.07471174,-0.073334336,-0.070289314,-0.042706132,-0.061810315,-0.032351673,-0.062344611,-0.037657738,-0.047653079,-0.092214644,-0.044629693,-0.069012702,-0.039310038,-0.057260692,-0.044077992,-0.057919145,-0.017072022,-0.095202088,-0.0124681,-0.086963713,-0.011412799,-0.077499211,-0.017855346,-0.077895343,Roll_Left
0,0,-0.025286317,0.042502165,-0.057465017,0.06303972,-0.082530916,0.06449455,-0.101489902,0.04595381,-0.080787182,-0.00245434,-0.104680598,0.000566363,-0.10017854,0.008019209,-0.088302553,0.011877179,-0.064888537,-0.037317336,-0.084512472,-0.046595633,-0.08254981,-0.041880906,-0.075597703,-0.039031148,-0.040752411,-0.063530445,-0.056418777,-0.076245785,-0.059994876,-0.077100396,-0.062314212,-0.073235452,-0.012156546,-0.078927338,-0.020096302,-0.099884391,-0.026655793,-0.103754699,-0.034215629,-0.098983347,Roll_Left
0,0,-0.033564627,0.025490522,-0.074111998,0.025892854,-0.10322088,0.013761401,-0.121744573,-0.010869443,-0.078434348,-0.051603973,-0.097599924,-0.057015061,-0.105512261,-0.05044353,-0.111156404,-0.045313835,-0.061957836,-0.078089297,-0.078240812,-0.081647098,-0.087657452,-0.075556099,-0.095406175,-0.068552852,-0.038614154,-0.093351781,-0.054125309,-0.099254489,-0.066626906,-0.095324039,-0.077868462,-0.08844465,-0.010596991,-0.099983871,-0.025887251,-0.111092031,-0.037116408,-0.110309899,-0.047526062,-0.103573561,Roll_Left
0,0,-0.027551413,0.049366117,-0.067412555,0.073303938,-0.098854899,0.069556773,-0.122560799,0.051398218,-0.089477956,0.01158309,-0.117673516,0.004920304,-0.121414483,0.006589651,-0.116207361,0.009212732,-0.078049064,-0.02828908,-0.105884135,-0.040309191,-0.110869229,-0.038878679,-0.106436491,-0.03349191,-0.056367993,-0.062434971,-0.07898736,-0.079281986,-0.086871862,-0.079997122,-0.091667473,-0.072009563,-0.027932584,-0.089204431,-0.041652143,-0.112737864,-0.050311923,-0.113956839,-0.058291793,-0.104371727,Roll_Left
0,0,-0.024760127,0.051392794,-0.053507209,0.08681649,-0.073192179,0.102202713,-0.080457985,0.071546197,-0.096897304,0.028900027,-0.127306223,0.042187274,-0.128195763,0.047923267,-0.118970275,0.046126842,-0.084139168,-0.014930069,-0.115064621,-0.018999994,-0.119789958,-0.008919835,-0.117935777,0.000764191,-0.062369227,-0.05414772,-0.088405311,-0.064479232,-0.100189745,-0.058506012,-0.104905903,-0.045667708,-0.034135997,-0.085010916,-0.050919354,-0.100450963,-0.063680768,-0.095112264,-0.073821664,-0.079788268,Roll_Left
0,0,-0.029641211,0.037843525,-0.067348361,0.051085889,-0.09684515,0.04411453,-0.118231714,0.024453819,-0.083931386,-0.014718831,-0.112438679,-0.027558148,-0.112386227,-0.019948304,-0.10371381,-0.01197648,-0.068476677,-0.050634146,-0.094046235,-0.071992517,-0.094319284,-0.065575063,-0.086740077,-0.057579279,-0.044546604,-0.077927351,-0.065565526,-0.104063451,-0.068513513,-0.1036973,-0.068692267,-0.095995754,-0.014969826,-0.097538382,-0.026146233,-0.129997969,-0.033779621,-0.135050833,-0.041255951,-0.127962083,Roll_Left
0,0,-0.025842905,0.04762876,-0.06301409,0.07122618,-0.093554735,0.070003033,-0.116854787,0.051063478,-0.086318493,0.010275483,-0.117179036,-0.000596762,-0.119753122,0.002243698,-0.112909377,0.004579127,-0.075968444,-0.030961215,-0.105582297,-0.045196354,-0.107571304,-0.04544729,-0.100800395,-0.045204461,-0.056774855,-0.067324758,-0.082552791,-0.08679381,-0.087159693,-0.090087146,-0.086240947,-0.086260885,-0.03148365,-0.098598033,-0.050687671,-0.126002371,-0.059506655,-0.128788382,-0.064627528,-0.12166366,Roll_Left
0,0,-0.019087434,0.049427092,-0.053028941,0.081293583,-0.080869615,0.091849446,-0.103523076,0.079426467,-0.086426616,0.038730443,-0.114591718,0.044186592,-0.114461958,0.044915676,-0.10530442,0.042438567,-0.082227945,-0.006459177,-0.113646746,-0.005797207,-0.113493502,-0.006802142,-0.104648829,-0.009634972,-0.067106247,-0.049200147,-0.094908178,-0.055938095,-0.100482881,-0.057437032,-0.101802468,-0.055032074,-0.044419289,-0.087678194,-0.063282609,-0.103868008,-0.072628021,-0.105599135,-0.079771578,-0.100398362,Roll_Left
0,0,-0.038867831,-0.064073741,-0.062893271,-0.118510604,-0.071855605,-0.150035977,-0.07160145,-0.160950422,-0.043242514,-0.147715747,-0.063772619,-0.17528972,-0.065569162,-0.198376685,-0.061291516,-0.201570272,-0.016337335,-0.105900526,-0.026209235,-0.12466228,-0.032954872,-0.138132274,-0.036704659,-0.137327015,0.003873885,-0.054535925,-0.002934515,-0.061466575,-0.010645747,-0.079174697,-0.013550937,-0.083996654,0.015404761,0.001798213,0.009204447,-0.000213683,0.006748021,-0.011432886,0.008096278,-0.019928992,Roll_Right
0,0,-0.040988922,-0.032766998,-0.056092858,-0.117364228,-0.061141074,-0.185802698,-0.07506144,-0.251739681,-0.01816994,-0.113954425,-0.015245974,-0.150636852,-0.016310036,-0.156351328,-0.020750761,-0.150461137,0.011763036,-0.079268456,0.025837958,-0.130499721,0.02417165,-0.125305831,0.017254055,-0.105375946,0.034276307,-0.035569727,0.049122393,-0.069446445,0.047694564,-0.066750765,0.036544979,-0.058739305,0.047661781,0.017921746,0.06685096,0.004096746,0.067645431,0.002776623,0.057154119,0.001026511,Roll_Right
0,0,-0.038384676,-0.046971858,-0.057656288,-0.114109874,-0.061953187,-0.165787339,-0.052458405,-0.214386135,-0.022206068,-0.139266074,-0.029918611,-0.190179348,-0.031748474,-0.204140723,-0.035552621,-0.197254062,0.006597519,-0.113365173,0.013238132,-0.156396091,0.012217045,-0.16521734,0.004811764,-0.155081511,0.029950261,-0.068595946,0.044866681,-0.095353544,0.047082007,-0.101928115,0.038157642,-0.099125326,0.044987142,-0.009851098,0.062627256,-0.021511197,0.065764606,-0.0299173,0.058638811,-0.033811748,Roll_Right
0,0,-0.033603191,-0.052145243,-0.04345721,-0.130002379,-0.042058468,-0.183593571,-0.022223353,-0.227001429,-0.008128524,-0.131226003,-0.00295645,-0.184926331,-0.003663838,-0.196117342,-0.009244204,-0.184615731,0.017154455,-0.090031862,0.033795238,-0.140420854,0.030357063,-0.154918969,0.018876076,-0.147105336,0.035105586,-0.03778255,0.05465126,-0.06657517,0.054303706,-0.076254964,0.040794611,-0.071697772,0.042195499,0.024894476,0.065665901,0.015840054,0.068994582,0.008449435,0.058261454,0.005723655,Roll_Right
0,0,-0.025733471,-0.068985045,-0.031947851,-0.143560946,-0.029747188,-0.191803575,-0.01676017,-0.235768855,0.007747352,-0.161154628,0.004004002,-0.209487557,-0.002289653,-0.223034233,-0.009683907,-0.218331665,0.029944181,-0.110964775,0.038592577,-0.153294206,0.024362206,-0.165546179,0.014063299,-0.162476659,0.042906761,-0.04928863,0.053157628,-0.071843803,0.042731583,-0.086634874,0.033538043,-0.090465963,0.044668078,0.014448643,0.050067127,0.011919856,0.043249667,0.00609982,0.035328269,-0.000977516,Roll_Right
0,0,-0.036886036,-0.054914773,-0.063736081,-0.105105639,-0.083138704,-0.139691591,-0.083257556,-0.148912132,-0.032079995,-0.182222247,-0.063937247,-0.158512652,-0.071295857,-0.133450389,-0.069588721,-0.121799946,-0.00468725,-0.146727622,-0.04131788,-0.107839644,-0.059531391,-0.077381134,-0.067068338,-0.065431058,0.013688505,-0.090343893,-0.019366801,-0.039840639,-0.041201591,-0.011084378,-0.052723348,0.002103269,0.022242308,-0.02568388,-0.000920236,0.018648744,-0.021184504,0.04001087,-0.034315407,0.051512837,Roll_Right
0,0,-0.03859967,-0.051584661,-0.053906322,-0.130547941,-0.055670142,-0.192063689,-0.059992909,-0.253835768,-0.013476491,-0.142984629,-0.013056576,-0.193352968,-0.018287599,-0.197875708,-0.022076011,-0.183194578,0.011164904,-0.11204505,0.017881095,-0.15788269,0.010864675,-0.165563822,0.00473392,-0.155890673,0.029812694,-0.067570686,0.039865077,-0.098727226,0.037373781,-0.113586664,0.031027555,-0.113942564,0.041333497,-0.012343526,0.056811929,-0.03068316,0.058264732,-0.043382466,0.05317384,-0.050788105,Roll_Right
0,0,-0.034949303,-0.061797261,-0.049693644,-0.13247323,-0.051809132,-0.179122388,-0.042828798,-0.228839278,-0.010910869,-0.151764393,-0.012927651,-0.197963715,-0.020050526,-0.207120836,-0.028135359,-0.197637856,0.012610435,-0.114736974,0.016952813,-0.158080071,0.005717754,-0.167197853,-0.004111111,-0.163909912,0.030515254,-0.067094624,0.039378226,-0.095325649,0.033114672,-0.110738814,0.023940563,-0.111778319,0.039761305,-0.010092914,0.052896321,-0.018479943,0.053859413,-0.028999925,0.049470186,-0.034353852,Roll_Right
0,0,-0.032726467,-0.044567704,-0.052482963,-0.101472914,-0.058766246,-0.138479352,-0.044170916,-0.130879343,-0.00879395,-0.142217517,-0.005187929,-0.184270352,-0.006730914,-0.185525626,-0.004144549,-0.176713407,0.016040146,-0.108070672,0.034054637,-0.152549326,0.022475958,-0.150065362,0.011493146,-0.129128098,0.032235682,-0.061245561,0.048216879,-0.091466546,0.038681626,-0.091036499,0.026284397,-0.077974021,0.040753782,-0.006721556,0.058666348,-0.013925374,0.056826651,-0.020380378,0.049312413,-0.023399055,Roll_Right
0,0,-0.035430551,-0.029157937,-0.05055517,-0.09801662,-0.05217737,-0.142899871,-0.040914118,-0.181161284,-0.006481409,-0.121064782,-0.006376505,-0.136548877,-0.005923748,-0.099679887,-0.005906582,-0.063807905,0.02167207,-0.08034727,0.033040941,-0.094514251,0.027109027,-0.054293454,0.021088123,-0.022521734,0.039430559,-0.034387112,0.047983885,-0.037639797,0.043786943,-0.01060003,0.035876155,0.009365618,0.04573977,0.015009046,0.056941211,0.018509626,0.056872129,0.036236644,0.051994085,0.049088717,Roll_Right
0,0,-0.035333455,-0.041975021,-0.049721479,-0.109499693,-0.050741196,-0.152547985,-0.043531418,-0.199656546,-0.003672302,-0.115197182,-0.003000438,-0.135272205,-0.00660342,-0.135837674,-0.013189316,-0.130716354,0.021585226,-0.070401847,0.028761268,-0.088986546,0.020189166,-0.083803385,0.011059761,-0.077083826,0.035812318,-0.019126236,0.040783465,-0.026643515,0.034679472,-0.023736835,0.024961412,-0.020214081,0.038761795,0.036404729,0.046548188,0.037413239,0.044002414,0.036604047,0.03654027,0.031642795,Roll_Right
0,0,-0.039227664,-0.050239027,-0.055669963,-0.122494131,-0.060872197,-0.172556937,-0.065710187,-0.225878119,-0.007602096,-0.153736413,-0.026495695,-0.163637936,-0.031379044,-0.158117831,-0.032983065,-0.150228441,0.020329416,-0.117714345,0.005561411,-0.131605178,-0.004125357,-0.122941762,-0.005544841,-0.114626527,0.041416943,-0.068727016,0.029099584,-0.081599891,0.017837703,-0.072298527,0.013148665,-0.064332008,0.052488089,-0.011797309,0.051964819,-0.022445977,0.043376088,-0.025451839,0.038140178,-0.02790451,Roll_Right
0,0,-0.038655519,-0.049352705,-0.053949237,-0.123088121,-0.059571266,-0.175929219,-0.066170096,-0.228962302,-0.004344702,-0.168493658,-0.030880809,-0.162130535,-0.034863472,-0.142866373,-0.029652834,-0.1295214,0.022706687,-0.129949689,-0.000374973,-0.121367484,-0.009495378,-0.110456049,-0.006011367,-0.102160752,0.040364325,-0.07439661,0.019953966,-0.063229859,0.009310901,-0.061394393,0.009214461,-0.063564539,0.047211647,-0.013967454,0.03845346,-2.40E-05,0.028855443,-0.003572702,0.025963843,-0.012755811,Roll_Right
0,0,-0.037866592,-0.027744472,-0.057694316,-0.10813573,-0.067070186,-0.155391097,-0.058859527,-0.184767008,-0.01360333,-0.148936093,-0.022846043,-0.158838749,-0.031265795,-0.138474196,-0.038895249,-0.108087957,0.01952529,-0.11789003,0.016898811,-0.132170469,0.00346595,-0.108118743,-0.007069528,-0.077472031,0.043274581,-0.073116541,0.041117311,-0.082819164,0.028431356,-0.06400913,0.015057683,-0.045302033,0.057491899,-0.021426797,0.061600089,-0.02373606,0.053011119,-0.013586164,0.041355133,-0.005548179,Roll_Right
0,0,-0.043434322,-0.055267811,-0.065208077,-0.119488001,-0.072912574,-0.157304466,-0.075660884,-0.202014267,-0.01762563,-0.151132047,-0.039969862,-0.160295963,-0.046480179,-0.155848801,-0.048038542,-0.142153919,0.007355571,-0.112710595,-0.011252463,-0.116364002,-0.02199471,-0.110265166,-0.022275507,-0.105859786,0.025140166,-0.060837865,0.009575546,-0.053874373,-0.002316117,-0.054274797,-0.004545867,-0.054537833,0.03159219,-0.002539515,0.027853787,0.006950915,0.018699467,0.004454792,0.014445901,-0.002538085,Roll_Right
0,0,-0.042337239,-0.047990322,-0.058847308,-0.133568704,-0.061717749,-0.204054832,-0.071441889,-0.265785933,-0.01668185,-0.145591795,-0.016213179,-0.182739496,-0.017922521,-0.193491817,-0.020496786,-0.194993883,0.009701848,-0.118558168,0.017980635,-0.163783878,0.01289326,-0.168776393,0.006146014,-0.158944905,0.030043781,-0.078019559,0.042147934,-0.113612592,0.038943648,-0.117812991,0.030331612,-0.110819876,0.042292893,-0.026753604,0.056175649,-0.050626159,0.056587279,-0.058561385,0.050976276,-0.061513364,Roll_Right
0,0,-0.032283604,-0.022096276,-0.055849433,-0.07863152,-0.061705589,-0.130323946,-0.046990216,-0.161505848,-0.005173087,-0.158581764,-0.010171592,-0.131619632,-0.011854827,-0.112872481,-0.007521868,-0.109961271,0.023673654,-0.140651345,0.015336752,-0.106787205,0.00800401,-0.088652551,0.010007262,-0.086154461,0.044855356,-0.104071259,0.037405491,-0.073080719,0.02868402,-0.062138617,0.027947009,-0.069089174,0.060242653,-0.058319688,0.061246574,-0.040544689,0.057006657,-0.032591105,0.055823386,-0.038787723,Roll_Right
0,0,-0.034597099,-0.026346564,-0.057091355,-0.086485744,-0.060527086,-0.139520526,-0.042883158,-0.173533797,-0.014625788,-0.123257726,-0.0097965,-0.150641143,-0.004173934,-0.142719418,0.000671744,-0.129160643,0.013540983,-0.09478128,0.024760664,-0.12849924,0.025642216,-0.115673125,0.02443403,-0.096355081,0.034192264,-0.054966092,0.045355558,-0.078223407,0.045343637,-0.067771375,0.040680885,-0.058082879,0.047943473,-0.007196486,0.063367903,-0.024208724,0.06410265,-0.018058598,0.057652295,-0.013826787,Roll_Right
0,0,-0.02212888,-0.04465431,-0.028177142,-0.106977046,-0.023465514,-0.149388313,-0.005160034,-0.16979751,0.01749444,-0.12283659,0.024760544,-0.131123245,0.028985918,-0.117476523,0.031995952,-0.099810302,0.038067937,-0.07415545,0.053713918,-0.083634377,0.051638782,-0.067394257,0.045793831,-0.047694445,0.048723638,-0.020616174,0.061347902,-0.025765538,0.059736669,-0.013094723,0.052805603,-0.003816187,0.049574494,0.033565402,0.063523412,0.035767376,0.063753486,0.042309403,0.058225155,0.04408735,Roll_Right
0,0,-0.024719357,-0.046908736,-0.026806533,-0.113364875,-0.019707918,-0.155726135,-0.001201332,-0.179941803,0.011095583,-0.104775965,0.017903328,-0.121355504,0.02318579,-0.122019529,0.027515233,-0.1178101,0.029111028,-0.052031815,0.053311586,-0.066869974,0.050706029,-0.065538108,0.04282403,-0.057931006,0.037511289,0.002587497,0.060000598,-0.003771901,0.054270148,-0.004791439,0.041665912,-0.005666256,0.034923851,0.056778431,0.052673936,0.057771444,0.049318612,0.057120681,0.038946092,0.051621199,Roll_Right
0,0,-0.037322521,-0.005286157,-0.06794709,-0.055772007,-0.073090732,-0.112306476,-0.057083607,-0.158839464,-0.038643539,-0.12539947,-0.048473895,-0.144857824,-0.048458457,-0.140749037,-0.0442909,-0.139659286,-0.009437144,-0.132075578,-0.010650277,-0.10737133,-0.007455826,-0.075076818,0.002901495,-0.07135731,0.013824224,-0.110820889,0.014103174,-0.054782808,0.01463449,-0.02717191,0.020675182,-0.036548913,0.032967985,-0.07731384,0.036341012,-0.024544597,0.042935848,0.000529647,0.051804781,-0.004789054,Roll_Right
0,0,-0.045330405,-0.021506608,-0.068756878,-0.085660338,-0.082623959,-0.135913908,-0.103678107,-0.190180302,-0.028757036,-0.126248956,-0.035474896,-0.089677036,-0.033445358,-0.070161462,-0.026336551,-0.069490612,0.002122164,-0.096739143,-0.003986239,-0.066022336,-0.005823314,-0.047512293,-0.000396371,-0.046456218,0.024665356,-0.056520045,0.01904881,-0.020477772,0.017264605,-0.002280414,0.019636929,-0.005540371,0.037692904,-0.011579275,0.037642181,0.013507485,0.035254478,0.023509264,0.035907507,0.017062843,Roll_Right
0,0,-0.039409518,-0.024318397,-0.064085662,-0.081445813,-0.071368337,-0.123899132,-0.061698854,-0.163679749,-0.039041221,-0.132720709,-0.05922389,-0.146441936,-0.054577172,-0.160122752,-0.047421753,-0.162235618,-0.008926213,-0.126461864,-0.014068723,-0.129701138,-0.01284951,-0.128552139,-0.013236761,-0.12336871,0.018290043,-0.095999062,0.016766191,-0.089477062,0.016796827,-0.080258071,0.012483537,-0.078059852,0.037588954,-0.049040616,0.047830641,-0.036383808,0.046892941,-0.030602276,0.04154402,-0.033663929,Roll_Right
0,0,-0.03346175,-0.04623127,-0.050585926,-0.111824453,-0.0505265,-0.165614307,-0.0371418,-0.205638528,-0.018813193,-0.13489759,-0.01938957,-0.182744205,-0.021897495,-0.193632305,-0.024176538,-0.193539798,0.005831838,-0.111338854,0.013882935,-0.156045377,0.010791004,-0.166246533,0.006381691,-0.156931937,0.02598381,-0.06879741,0.039512515,-0.100238144,0.041937947,-0.112826347,0.038964272,-0.113522947,0.039358079,-0.015790462,0.054324985,-0.034085631,0.057490468,-0.045406222,0.054162264,-0.050662518,Roll_Right
0,0,-0.030808508,-0.052671969,-0.044042408,-0.117571294,-0.044693887,-0.165682316,-0.031159461,-0.203805625,-0.011435211,-0.135514796,-0.017289102,-0.188970238,-0.022932827,-0.198620141,-0.025942326,-0.192284197,0.011772394,-0.106190145,0.015998363,-0.154300392,0.00794673,-0.165996611,-0.000719965,-0.160631895,0.029133201,-0.059048235,0.041980088,-0.096574128,0.03714031,-0.103466332,0.026145577,-0.10010767,0.038597941,-0.001570702,0.056902349,-0.010521889,0.05540216,-0.01910156,0.044774652,-0.025564909,Roll_Right
0,0,-0.050909162,-0.026327014,-0.089204431,-0.09476459,-0.106744647,-0.153318882,-0.121558666,-0.19668147,-0.059978068,-0.200708449,-0.096820116,-0.182399154,-0.121002972,-0.174775094,-0.140920341,-0.172653735,-0.029941142,-0.202811897,-0.070989907,-0.169206381,-0.086572766,-0.158518463,-0.096210957,-0.156303585,-0.003471136,-0.176635146,-0.042901814,-0.149010062,-0.055149138,-0.144184023,-0.06221354,-0.149662524,0.019379377,-0.130830705,-0.010956168,-0.129695654,-0.029087842,-0.13286224,-0.042342842,-0.138760477,Yaw_Left
0,0,-0.049455583,-0.002339482,-0.088010788,-0.042633533,-0.114636123,-0.079415321,-0.143309891,-0.103995442,-0.066861749,-0.154949188,-0.095608354,-0.124935836,-0.113476217,-0.112880439,-0.126741588,-0.105296314,-0.042417288,-0.1550937,-0.073504746,-0.122173756,-0.092459738,-0.109414876,-0.105831981,-0.100624502,-0.016324818,-0.131766707,-0.044680417,-0.109835982,-0.065290928,-0.104829669,-0.081420302,-0.103352845,0.008528709,-0.090876579,-0.010194361,-0.088281155,-0.026628971,-0.086707413,-0.040955901,-0.088204384,Yaw_Left
0,0,-0.042483389,0.002142251,-0.083199084,-0.017253518,-0.108226299,-0.041900814,-0.112808645,-0.068613172,-0.073326826,-0.140521675,-0.10287559,-0.126664966,-0.124984503,-0.120732486,-0.144636869,-0.118760765,-0.048345327,-0.152851462,-0.075624585,-0.136908203,-0.094063342,-0.124552667,-0.108647287,-0.113316476,-0.021307707,-0.138970762,-0.046132565,-0.126893938,-0.065785885,-0.121566117,-0.081959546,-0.115179926,0.004973948,-0.104987204,-0.013197005,-0.103783786,-0.02997154,-0.102476776,-0.045366347,-0.098884821,Yaw_Left
0,0,-0.045592368,0.021649361,-0.090222359,0.003510773,-0.113046587,-0.029320419,-0.106954157,-0.050340176,-0.072930098,-0.10056895,-0.108128369,-0.094976425,-0.135356307,-0.095277011,-0.159492791,-0.097947717,-0.053437471,-0.117327213,-0.094671905,-0.123795003,-0.110122144,-0.100975245,-0.114368796,-0.08017236,-0.030872226,-0.107002109,-0.068835676,-0.114376903,-0.092323303,-0.105831325,-0.105286658,-0.098897398,-0.009251952,-0.077197611,-0.031179011,-0.081523955,-0.050439954,-0.081144571,-0.064952731,-0.079220116,Yaw_Left
0,0,-0.053085566,0.010893762,-0.093720078,-0.008851528,-0.116455495,-0.026727438,-0.125688612,-0.048977017,-0.090625346,-0.137582421,-0.133560479,-0.106343776,-0.1626634,-0.094142258,-0.186170518,-0.094058514,-0.070080936,-0.144667327,-0.114086926,-0.102657735,-0.128272355,-0.073073626,-0.132939637,-0.054410517,-0.048674762,-0.126295477,-0.095999777,-0.100993156,-0.13004899,-0.091362238,-0.155937135,-0.094035715,-0.028755069,-0.086442351,-0.060351193,-0.080793202,-0.08483839,-0.081957817,-0.106414318,-0.088824153,Yaw_Left
0,0,-0.059811592,-0.028322518,-0.100548804,-0.0911327,-0.123186052,-0.14351365,-0.142557383,-0.185671329,-0.077120781,-0.181408644,-0.117749751,-0.147789657,-0.145557165,-0.134721518,-0.167693019,-0.130486637,-0.054462135,-0.180273801,-0.095864177,-0.144020855,-0.122184813,-0.132795125,-0.143250406,-0.126335174,-0.031036735,-0.157458544,-0.068559885,-0.127841413,-0.092497945,-0.120690286,-0.111967623,-0.118049264,-0.008516967,-0.117574692,-0.038303316,-0.115783036,-0.062125027,-0.115721047,-0.082326829,-0.116080999,Yaw_Left
0,0,-0.055693567,-0.02418226,-0.094016552,-0.084348142,-0.115800381,-0.136201769,-0.136209249,-0.177062392,-0.077273071,-0.177519053,-0.1200279,-0.148420393,-0.149464309,-0.137937576,-0.17301476,-0.136046767,-0.056477308,-0.181025624,-0.102629781,-0.148163199,-0.131893814,-0.140016973,-0.155715227,-0.137155503,-0.035205066,-0.161490321,-0.078121006,-0.135358036,-0.105483174,-0.134713322,-0.128030658,-0.140499294,-0.01626873,-0.122635722,-0.050312519,-0.116162509,-0.075909138,-0.116464347,-0.097367167,-0.119968534,Yaw_Left
0,0,-0.048168004,-0.006404817,-0.088581622,-0.027494133,-0.113673627,-0.048316598,-0.117966175,-0.068511248,-0.083544254,-0.157337606,-0.126369894,-0.131328225,-0.15681982,-0.125592113,-0.181855202,-0.127623916,-0.063567936,-0.167643517,-0.111895502,-0.142277002,-0.14494741,-0.134758949,-0.172394693,-0.131842673,-0.041280448,-0.153229594,-0.088230729,-0.128463626,-0.119447708,-0.123635024,-0.144627273,-0.125125676,-0.021255434,-0.115918994,-0.055119753,-0.106284887,-0.082303524,-0.107925981,-0.106360078,-0.114620239,Yaw_Left
0,0,-0.055938721,-0.022397339,-0.098352849,-0.087290108,-0.124022305,-0.141477346,-0.147769213,-0.183763504,-0.086890161,-0.172678411,-0.135601103,-0.143441617,-0.168010294,-0.133031279,-0.192483246,-0.134413898,-0.064653039,-0.18038857,-0.114251375,-0.136206418,-0.130720019,-0.120395154,-0.139243662,-0.114073873,-0.043175697,-0.16250205,-0.092566788,-0.126703143,-0.121628523,-0.12359497,-0.143464088,-0.132017046,-0.024242759,-0.124137014,-0.061137259,-0.115187377,-0.087586462,-0.116710067,-0.109325826,-0.12311095,Yaw_Left
0,0,-0.066069365,-0.006459355,-0.107157588,-0.037497163,-0.135103345,-0.059391081,-0.160913289,-0.07347399,-0.102196217,-0.156521052,-0.15261966,-0.142624378,-0.185574174,-0.138701409,-0.213781059,-0.141683251,-0.086736262,-0.157266408,-0.148455441,-0.135911286,-0.185277998,-0.128265589,-0.2165007,-0.128553808,-0.069461346,-0.134102643,-0.127814233,-0.109880924,-0.162530065,-0.100347906,-0.192076564,-0.099600732,-0.053173244,-0.09184292,-0.095778465,-0.076907635,-0.125458777,-0.065196693,-0.151885569,-0.061373472,Yaw_Left
0,0,-0.066520274,-0.00963676,-0.11152786,-0.057505548,-0.14117974,-0.098944277,-0.169370353,-0.125966668,-0.101010561,-0.151518345,-0.144580841,-0.125039637,-0.174356282,-0.115456611,-0.199015141,-0.114435971,-0.084495068,-0.150570154,-0.13966018,-0.115612358,-0.177185297,-0.099327236,-0.208270848,-0.090019226,-0.066499174,-0.130682886,-0.122460783,-0.096860111,-0.159823298,-0.079879284,-0.191009581,-0.073682368,-0.048245013,-0.092130095,-0.091492951,-0.073326111,-0.122664928,-0.059719205,-0.15029937,-0.054665446,Yaw_Left
0,0,-0.04415518,-0.010788083,-0.082632065,-0.058699131,-0.104007423,-0.104526132,-0.125146627,-0.139914572,-0.0581218,-0.159234077,-0.087410629,-0.148264587,-0.108781517,-0.145974696,-0.128331482,-0.1484873,-0.035590887,-0.171238065,-0.066802859,-0.150092304,-0.089117289,-0.144524962,-0.110561252,-0.144816339,-0.01193732,-0.160468578,-0.039772093,-0.142459422,-0.058074355,-0.13719064,-0.076998711,-0.136284292,0.011242747,-0.131942511,-0.012013316,-0.12493062,-0.029574037,-0.12225011,-0.046810865,-0.122072309,Yaw_Left
0,0,-0.056274951,-0.018787205,-0.096497595,-0.071605086,-0.119613111,-0.115481257,-0.142112613,-0.146361142,-0.078786194,-0.179842532,-0.116721988,-0.156621665,-0.142036498,-0.148487926,-0.162189245,-0.148902297,-0.054539621,-0.183730096,-0.097425103,-0.152527928,-0.12425822,-0.144592792,-0.147822142,-0.145838082,-0.030094683,-0.165856242,-0.071427703,-0.137366652,-0.091931105,-0.132821232,-0.10931778,-0.138761342,-0.00720787,-0.130944937,-0.040915966,-0.121839821,-0.064124346,-0.121015638,-0.083500266,-0.126519561,Yaw_Left
0,0,-0.057205915,-0.011112869,-0.104365408,-0.053094894,-0.131769538,-0.094546735,-0.156935632,-0.128614098,-0.093018711,-0.173188865,-0.138846755,-0.134610713,-0.169772685,-0.123024344,-0.192413867,-0.122019947,-0.06243372,-0.187017471,-0.109503686,-0.118554533,-0.119639575,-0.102828532,-0.120290637,-0.104945183,-0.033693492,-0.168919653,-0.079668462,-0.112516731,-0.099223495,-0.102369696,-0.108790815,-0.105043799,-0.005351186,-0.127389848,-0.042621672,-0.116434783,-0.071488202,-0.110239506,-0.093230844,-0.104815632,Yaw_Left
0,0,-0.06543833,-0.009183884,-0.11671865,-0.055362582,-0.149175644,-0.099355221,-0.180854142,-0.128278941,-0.101807714,-0.168593496,-0.150930464,-0.133155435,-0.183841765,-0.120145261,-0.209245384,-0.116999805,-0.072131515,-0.18305856,-0.121558964,-0.118215531,-0.133605242,-0.104183733,-0.136967003,-0.106460869,-0.044287503,-0.166089088,-0.092817605,-0.114991456,-0.118057609,-0.107555062,-0.134159505,-0.111543089,-0.016920507,-0.126653433,-0.054521441,-0.113355607,-0.083675444,-0.106928945,-0.106942832,-0.103305072,Yaw_Left
0,0,-0.066354036,-0.01477474,-0.119070351,-0.05842641,-0.150873363,-0.100879878,-0.181728482,-0.123297483,-0.106192052,-0.168865085,-0.15955174,-0.137562543,-0.194428921,-0.126507163,-0.222312391,-0.122668386,-0.077602029,-0.179961711,-0.132172287,-0.117195427,-0.131340683,-0.097537398,-0.121999919,-0.099899113,-0.051384985,-0.15732643,-0.103040814,-0.110939741,-0.12140286,-0.102059782,-0.128556609,-0.106567293,-0.026757896,-0.111858845,-0.06633234,-0.100602329,-0.094915748,-0.096506804,-0.115826726,-0.094673455,Yaw_Left
0,0,-0.07491523,0.007650554,-0.129683137,-0.029564083,-0.169434488,-0.060705632,-0.206911922,-0.07935968,-0.115809977,-0.1371966,-0.173222542,-0.113421738,-0.213058889,-0.109331369,-0.246982694,-0.115002006,-0.096902251,-0.137801796,-0.164182246,-0.114562511,-0.208161414,-0.11311692,-0.245110035,-0.119615257,-0.076572001,-0.11489889,-0.143513501,-0.096399993,-0.185296655,-0.097403467,-0.220266223,-0.107828677,-0.056753933,-0.07021156,-0.099922955,-0.065598369,-0.132330954,-0.070760787,-0.161530614,-0.085918993,Yaw_Left
0,0,-0.057097793,-0.007401943,-0.104084849,-0.040006727,-0.135675967,-0.066236585,-0.158897758,-0.079418451,-0.111318767,-0.137031049,-0.166901588,-0.105996847,-0.201814413,-0.090231419,-0.23091352,-0.085394979,-0.098608196,-0.133484036,-0.169373333,-0.109191358,-0.214265049,-0.100314111,-0.250813663,-0.097303361,-0.084097505,-0.105446637,-0.156140506,-0.092015535,-0.199530482,-0.088488996,-0.235154867,-0.094708651,-0.070309758,-0.059474766,-0.117802978,-0.060646474,-0.151452541,-0.065143585,-0.181486189,-0.077133149,Yaw_Left
0,0,-0.052944303,-0.008191049,-0.094822109,-0.031553626,-0.121386886,-0.047298014,-0.126618862,-0.065020442,-0.072088897,-0.167889535,-0.107835829,-0.156776965,-0.132875979,-0.148833156,-0.157145739,-0.144243538,-0.04395026,-0.170389831,-0.078751326,-0.159157574,-0.104280591,-0.146148562,-0.128231704,-0.134796977,-0.015498161,-0.146754563,-0.044933856,-0.137312591,-0.068632841,-0.127895951,-0.090631664,-0.116966486,0.010122657,-0.102415442,-0.015678644,-0.106562704,-0.036619067,-0.102837354,-0.0572294,-0.097092479,Yaw_Left
0,0,-0.052126825,-0.002132833,-0.093058467,-0.021096826,-0.119283617,-0.03169167,-0.135610402,-0.045689106,-0.080284178,-0.158553809,-0.122661352,-0.145562887,-0.153173387,-0.139327645,-0.179097116,-0.137154162,-0.055069983,-0.164118558,-0.101480603,-0.152753294,-0.135426342,-0.143980354,-0.165336132,-0.140082896,-0.028420746,-0.144370973,-0.067459762,-0.137283295,-0.096750498,-0.133456409,-0.121199906,-0.133079529,-0.00393194,-0.102851391,-0.035602808,-0.106464267,-0.060673296,-0.106916189,-0.082572579,-0.107741952,Yaw_Left
0,0,-0.06118685,-0.010048687,-0.104551792,-0.039194107,-0.13867712,-0.052571297,-0.167976797,-0.062843919,-0.099756479,-0.15663147,-0.159865022,-0.132748306,-0.196776927,-0.118709713,-0.227870405,-0.114201844,-0.093757689,-0.150116265,-0.163547516,-0.126708984,-0.204471767,-0.117090136,-0.23969835,-0.113475502,-0.087047458,-0.120446086,-0.155807257,-0.106953233,-0.193598926,-0.101579219,-0.226484358,-0.103709519,-0.080860198,-0.073321283,-0.129189968,-0.072159171,-0.160126984,-0.07168889,-0.187329173,-0.076491565,Yaw_Left
0,0,-0.05610162,-0.026704878,-0.099918246,-0.058801472,-0.132487774,-0.079428136,-0.158467889,-0.087236285,-0.10684967,-0.154605925,-0.169291854,-0.12814492,-0.204474092,-0.111717105,-0.234899402,-0.105539531,-0.103034437,-0.149096727,-0.174061954,-0.123617023,-0.214128494,-0.112201214,-0.249207556,-0.107179731,-0.099558949,-0.119631737,-0.170158625,-0.107126802,-0.208386242,-0.100119144,-0.241642892,-0.10303241,-0.097724438,-0.07277143,-0.153149009,-0.071706861,-0.182682037,-0.074387699,-0.208006024,-0.085484952,Yaw_Left
0,0,-0.045225382,-0.017150402,-0.08452332,-0.066084027,-0.105293512,-0.107910365,-0.122422457,-0.143341571,-0.071131885,-0.179401487,-0.104585111,-0.179997474,-0.126158357,-0.185056359,-0.145113468,-0.196760118,-0.048175335,-0.194147378,-0.086769283,-0.1832636,-0.111174941,-0.183895528,-0.134088635,-0.19059208,-0.02492851,-0.188395381,-0.063223422,-0.171805412,-0.081441641,-0.171405464,-0.097593009,-0.179096818,-0.003607213,-0.166118473,-0.036679626,-0.15825519,-0.056590319,-0.161140203,-0.072678924,-0.168665409,Yaw_Left
0,0,-0.04723376,-0.021711826,-0.085637689,-0.071458846,-0.105480731,-0.115431935,-0.119315743,-0.152038813,-0.075672269,-0.185177684,-0.112585247,-0.185929358,-0.137752533,-0.188993901,-0.159059048,-0.198221505,-0.052014768,-0.197315484,-0.089476943,-0.178019464,-0.111672819,-0.170604289,-0.130096078,-0.171470523,-0.029171288,-0.187737972,-0.066427231,-0.1644122,-0.0865224,-0.167408794,-0.102897525,-0.179356933,-0.008396626,-0.160128236,-0.041600287,-0.15334025,-0.062391639,-0.153783381,-0.078918159,-0.158308029,Yaw_Left
0,0,-0.057988167,-0.018719018,-0.098429322,-0.068271488,-0.12365675,-0.113976598,-0.14071542,-0.147483826,-0.096341431,-0.16863066,-0.145810366,-0.152381212,-0.178214431,-0.145571947,-0.205598652,-0.147270113,-0.080976248,-0.176307976,-0.137358785,-0.143938065,-0.172477722,-0.133539945,-0.203604698,-0.133883893,-0.065034986,-0.161902606,-0.109559238,-0.100791961,-0.098514497,-0.063413352,-0.085394859,-0.04713273,-0.052703917,-0.12836045,-0.094569623,-0.114967257,-0.119213939,-0.110081404,-0.138972461,-0.112844437,Yaw_Left
0,0,-0.034668088,0.015428185,-0.069989145,-0.009700358,-0.081145406,-0.056986868,-0.069602907,-0.102956653,-0.051481426,-0.106056511,-0.052554667,-0.12688306,-0.036381066,-0.121320039,-0.014576197,-0.117677331,-0.023129106,-0.123501629,-8.65E-05,-0.151463181,0.029657125,-0.157653362,0.06001991,-0.163359195,0.002693236,-0.120625913,0.031773031,-0.143896997,0.059199333,-0.151170254,0.083033502,-0.159351259,0.025870323,-0.104929864,0.04910773,-0.130338907,0.068327427,-0.140595168,0.085352421,-0.149037093,Yaw_Right
0,0,-0.046738267,0.016294897,-0.087064147,-0.019358158,-0.100859344,-0.070975572,-0.096248686,-0.136582285,-0.062230587,-0.109767973,-0.059787095,-0.150457144,-0.04095304,-0.151560545,-0.01731813,-0.150507033,-0.023631334,-0.115003884,-0.008938134,-0.149953634,0.015497148,-0.151518077,0.040868878,-0.154949754,0.011599541,-0.105395883,0.038119137,-0.131953448,0.065161824,-0.142759979,0.087419689,-0.150486022,0.043461978,-0.080212712,0.069999993,-0.113799244,0.093396723,-0.125456572,0.11240828,-0.132233202,Yaw_Right
0,0,-0.030311704,0.013148844,-0.060447514,0.010058463,-0.066527247,-0.008820355,-0.053494453,-0.030878186,-0.046197236,-0.144349843,-0.013284385,-0.120319664,0.016139746,-0.106724381,0.042649567,-0.096780658,-0.009271502,-0.157699853,0.020491242,-0.136841893,0.04305768,-0.124346972,0.06567502,-0.109547943,0.02310729,-0.144528985,0.050542593,-0.127530009,0.070229352,-0.120131791,0.089407265,-0.112859726,0.050321221,-0.113280386,0.078047633,-0.104566783,0.097143173,-0.099256516,0.11566776,-0.097748101,Yaw_Right
0,0,-0.031860054,0.015383601,-0.060890019,-0.007013619,-0.059440613,-0.052250326,-0.042747676,-0.094395876,-0.0364483,-0.132692486,-0.007485807,-0.138426036,0.024959445,-0.13229993,0.05986166,-0.124457866,-0.003310919,-0.148222238,0.034273446,-0.13433975,0.071816742,-0.129434526,0.10959959,-0.119090736,0.025371969,-0.138443589,0.065923274,-0.123803794,0.098299861,-0.118963122,0.129230738,-0.112031698,0.049824417,-0.111992389,0.082042158,-0.106485158,0.106361449,-0.102083653,0.130294025,-0.098846406,Yaw_Right
0,0,-0.038826704,0.011409283,-0.061836123,-0.020891488,-0.057681918,-0.067337245,-0.036972344,-0.115526736,-0.021011055,-0.105496198,0.022753537,-0.116187096,0.059498012,-0.108721048,0.098065495,-0.09660387,0.008558691,-0.12915805,0.065306008,-0.119534582,0.108372211,-0.114055097,0.152432323,-0.101237953,0.031690955,-0.130501539,0.069603682,-0.102800965,0.085922539,-0.090094686,0.105507791,-0.072995096,0.049403727,-0.116359591,0.082432091,-0.101512253,0.108330786,-0.091140062,0.130708456,-0.083365262,Yaw_Right
0,0,-0.023550451,-0.007017255,-0.030891001,-0.028149962,-0.032601237,-0.065538108,-0.046405137,-0.107740641,0.0400244,-0.130708873,0.09928447,-0.137256503,0.141899824,-0.140276104,0.180234373,-0.142431468,0.063480914,-0.116373956,0.127699316,-0.120572507,0.174413025,-0.126730412,0.214912713,-0.129217625,0.075146794,-0.09857589,0.130773544,-0.100910336,0.171039164,-0.105666339,0.207090318,-0.104146928,0.07947731,-0.080818683,0.121629894,-0.076808631,0.153201401,-0.0746243,0.181283593,-0.072774053,Yaw_Right
0,0,-0.005666614,0.008422256,0.005125582,-0.006270856,0.020510852,-0.043965846,0.028348446,-0.090256393,0.069380879,-0.098250568,0.139172077,-0.075389594,0.187378168,-0.06513679,0.227808297,-0.06024313,0.082988441,-0.11586529,0.15755254,-0.076295912,0.210204303,-0.059228718,0.254588485,-0.048589081,0.091574252,-0.122241914,0.156675935,-0.080589235,0.201872408,-0.063870102,0.242039323,-0.049319029,0.096221983,-0.117189646,0.146157324,-0.082193911,0.182300448,-0.063407928,0.21446079,-0.051740795,Yaw_Right
0,0,-0.041565716,-0.002421021,-0.071318805,-0.050014287,-0.073439658,-0.105322242,-0.05612427,-0.15688765,-0.025802135,-0.137887388,0.00755167,-0.145805418,0.037917256,-0.140261889,0.072105646,-0.136639744,0.004772484,-0.143853068,0.042859614,-0.142260313,0.077084243,-0.14328298,0.114003658,-0.144645035,0.028131008,-0.132164508,0.065888405,-0.134835094,0.094347,-0.138531685,0.123334885,-0.139714867,0.045997977,-0.111468136,0.078825772,-0.121480376,0.101976752,-0.127980918,0.124140203,-0.135001183,Yaw_Right
0,0,-0.042144418,-0.003726304,-0.068856239,-0.052149862,-0.063848376,-0.102056384,-0.040181756,-0.149350077,-0.024730265,-0.126231879,0.00569725,-0.138284832,0.038742304,-0.127647847,0.077717721,-0.11675483,0.00933814,-0.136453688,0.060908735,-0.134212613,0.103674114,-0.128694534,0.150080681,-0.126713157,0.034409761,-0.129376352,0.079330742,-0.129428953,0.111706138,-0.128661066,0.14486897,-0.124235272,0.05149132,-0.111449808,0.087590754,-0.114513963,0.114145756,-0.115667999,0.13805145,-0.116519481,Yaw_Right
0,0,-0.039540291,-0.001494288,-0.070343852,-0.046535373,-0.078255117,-0.101146102,-0.072996378,-0.156521469,-0.059470356,-0.134568632,-0.062873662,-0.170348108,-0.051348269,-0.172202766,-0.032431662,-0.173083276,-0.029655397,-0.147653639,-0.014241874,-0.174342424,0.003376126,-0.180505037,0.022313952,-0.192619503,0.000157475,-0.145288169,0.019185483,-0.173208743,0.035763085,-0.183319569,0.05144012,-0.192535341,0.027565479,-0.130515963,0.047258317,-0.161775589,0.062723458,-0.174023956,0.076607227,-0.186772257,Yaw_Right
0,0,-0.032075763,-0.00169915,-0.060243964,-0.038257003,-0.068018556,-0.086445391,-0.056230128,-0.140376419,-0.047264516,-0.138360322,-0.050296009,-0.15571624,-0.037652016,-0.126106173,-0.015193224,-0.092357874,-0.016533434,-0.153620332,0.003722012,-0.170088828,0.027716398,-0.157408595,0.057049513,-0.14669767,0.013051212,-0.150364488,0.043048024,-0.157828718,0.070435405,-0.155617893,0.09785217,-0.155462325,0.03932476,-0.132010967,0.065409839,-0.144722462,0.087772548,-0.143947691,0.108224571,-0.147530675,Yaw_Right
0,0,-0.031483769,-0.011091232,-0.055952787,-0.052281022,-0.054581225,-0.096442997,-0.036227524,-0.131061733,-0.034967303,-0.155876905,-0.034548223,-0.166139692,-0.021280408,-0.139449,-0.000697017,-0.109685361,-0.002693534,-0.166386336,0.0217731,-0.179358393,0.050680041,-0.163495123,0.08283937,-0.148712575,0.02617687,-0.156213164,0.061504006,-0.162439346,0.095058143,-0.156410277,0.12615025,-0.153818876,0.050050974,-0.129912257,0.082647741,-0.141356826,0.108707488,-0.1403943,0.133083582,-0.143662512,Yaw_Right
0,0,-0.036107421,-0.000224054,-0.065117776,-0.039813161,-0.070703328,-0.089480579,-0.064741015,-0.143768072,-0.052736223,-0.139463782,-0.060426056,-0.171976388,-0.049426794,-0.153584808,-0.030203521,-0.128767401,-0.023155928,-0.14758122,-0.010854781,-0.180166662,0.012321532,-0.170878142,0.037452161,-0.158384621,0.006270349,-0.138524652,0.028828204,-0.160088778,0.052578866,-0.15614745,0.073437452,-0.148562759,0.032772422,-0.115066469,0.054621279,-0.140354782,0.073019445,-0.145529747,0.089400828,-0.145567983,Yaw_Right
0,0,-0.040407181,-0.001681685,-0.069594324,-0.049583972,-0.072542191,-0.106269121,-0.061355829,-0.162142217,-0.038337052,-0.138393342,-0.015945733,-0.164789885,0.012935877,-0.164073169,0.04437393,-0.167853355,-0.00939554,-0.145345747,0.021153092,-0.170552015,0.051599324,-0.170885682,0.08205092,-0.170773566,0.015095472,-0.138761103,0.045064151,-0.164237231,0.068948627,-0.170522928,0.092731535,-0.173051536,0.036478877,-0.121638894,0.061701,-0.15055418,0.08068198,-0.161572635,0.098374903,-0.168610752,Yaw_Right
0,0,-0.032097399,-0.003484488,-0.058574319,-0.043673694,-0.059367359,-0.087260365,-0.043654442,-0.13301006,-0.038493335,-0.136963665,-0.042164803,-0.155403048,-0.032381296,-0.134788603,-0.012091875,-0.10574156,-0.005924582,-0.150201976,0.022381842,-0.164444387,0.053778648,-0.149684489,0.088720322,-0.134474188,0.023012578,-0.145813227,0.055522323,-0.153315604,0.086306691,-0.151008248,0.116508543,-0.147380173,0.04653275,-0.12561208,0.07554692,-0.136540741,0.100094855,-0.139445931,0.122463703,-0.142509818,Yaw_Right
0,0,-0.039225578,-0.004128695,-0.070601523,-0.039593577,-0.07549262,-0.091830075,-0.062101841,-0.141205102,-0.03828615,-0.155981094,-0.006770551,-0.136732519,0.021400988,-0.123479605,0.050195813,-0.113122016,-0.005428135,-0.162676454,0.02345258,-0.151566029,0.048175931,-0.135859072,0.074492514,-0.109149396,0.021237254,-0.147084415,0.051104724,-0.135830522,0.074962795,-0.123875082,0.0980317,-0.107484996,0.043800652,-0.117177486,0.069651604,-0.111875862,0.089633942,-0.10445118,0.10945189,-0.094976574,Yaw_Right
0,0,-0.039310217,-0.012070775,-0.068845689,-0.054775238,-0.070211112,-0.108713746,-0.050653577,-0.155069619,-0.031226039,-0.160184592,-0.007625937,-0.168797135,0.019522905,-0.16316098,0.051967204,-0.156198293,0.001386225,-0.164073884,0.029575527,-0.157561272,0.060014486,-0.146122873,0.093369663,-0.133496016,0.028432846,-0.147646099,0.063860416,-0.145783603,0.093823791,-0.141622871,0.123261452,-0.137267917,0.051553488,-0.119593829,0.083999097,-0.129355848,0.107859969,-0.130268872,0.131249964,-0.132738113,Yaw_Right
0,0,-0.040283382,-0.005092382,-0.069448531,-0.044556677,-0.061901808,-0.080978513,-0.034978867,-0.112292498,-0.042615354,-0.149616897,-0.025512755,-0.156529486,-0.001448989,-0.145618021,0.02712357,-0.136989892,-0.004372776,-0.159908682,0.044081867,-0.161314428,0.087194622,-0.155872613,0.131097615,-0.155683249,0.027175963,-0.147801101,0.073932946,-0.149424881,0.112414777,-0.148724288,0.149134815,-0.153475553,0.05146867,-0.119801253,0.090782404,-0.125517935,0.119297504,-0.125995338,0.146114588,-0.131233871,Yaw_Right
0,0,-0.037269056,-0.009142339,-0.068139255,-0.054175794,-0.074535251,-0.107897818,-0.060245454,-0.158089191,-0.041813731,-0.156788081,-0.049319386,-0.177517831,-0.04185462,-0.158332586,-0.02296859,-0.134263724,-0.008803606,-0.169440866,0.014260411,-0.193212122,0.040794194,-0.184286743,0.072103202,-0.175375998,0.020754755,-0.162560523,0.053246021,-0.18175894,0.083763242,-0.18356508,0.11333555,-0.185746431,0.045710564,-0.139476806,0.074468255,-0.164297104,0.098615885,-0.174056828,0.121794939,-0.184963137,Yaw_Right
0,0,-0.037037253,-0.004393339,-0.071160734,-0.045017183,-0.07387054,-0.091974527,-0.047594845,-0.116850972,-0.03918618,-0.156780213,-0.014114201,-0.183440894,0.02109319,-0.17953679,0.062629819,-0.181394219,-0.001884162,-0.159097761,0.031531692,-0.171496302,0.069483399,-0.179519683,0.110169053,-0.189943731,0.028320909,-0.144601703,0.064902067,-0.160219878,0.097841203,-0.165989459,0.130853355,-0.169563711,0.051719606,-0.119787902,0.084141433,-0.142773211,0.107669055,-0.151140392,0.129996955,-0.157530218,Yaw_Right
0,0,-0.031437635,0.015895963,-0.060323417,-0.005443215,-0.056474924,-0.041689515,-0.037418306,-0.085256487,-0.05747807,-0.132934719,-0.041205585,-0.153451145,-0.012787879,-0.146551579,0.020025432,-0.137313217,-0.022154391,-0.153540045,0.03057009,-0.155664086,0.08026427,-0.144362956,0.127382219,-0.13281554,0.010005891,-0.150887549,0.060395896,-0.141169965,0.098114312,-0.134720117,0.13179189,-0.128645003,0.036169231,-0.132789791,0.074761748,-0.129387528,0.103933096,-0.124134034,0.129282773,-0.118196189,Yaw_Right
0,0,-0.042467475,-0.014095604,-0.070685804,-0.066692472,-0.070628643,-0.127132416,-0.052378058,-0.179059267,-0.01947701,-0.147784799,0.020957172,-0.159393609,0.054601371,-0.164469361,0.090756297,-0.171928197,0.01019907,-0.158644885,0.054058671,-0.166403502,0.088549972,-0.174461603,0.124842823,-0.183812678,0.03258121,-0.153042018,0.073494971,-0.166336894,0.100749373,-0.172349334,0.128889024,-0.177599192,0.049856842,-0.137244821,0.084505916,-0.155751288,0.107089639,-0.164495498,0.128511488,-0.173731714,Yaw_Right
0,0,-0.037623227,-0.007944822,-0.064035058,-0.051729679,-0.060970902,-0.100914747,-0.039548337,-0.140668631,-0.027245343,-0.138352633,-0.010782242,-0.149469376,0.014606833,-0.141340703,0.045947075,-0.132233977,0.006712973,-0.150998861,0.04371798,-0.157342255,0.080419362,-0.152146995,0.120822728,-0.14602977,0.034460723,-0.142923474,0.075731814,-0.150152534,0.109746099,-0.149182767,0.143080056,-0.148870975,0.056854844,-0.11998871,0.093156934,-0.130123377,0.119970322,-0.13631916,0.146415353,-0.143699467,Yaw_Right
0,0,-0.044430077,-0.005692601,-0.072928488,-0.056455433,-0.071978033,-0.113124192,-0.05463624,-0.16251111,-0.031858802,-0.141555637,0.003455639,-0.144042909,0.03581214,-0.143649161,0.07065165,-0.145158291,-0.000567138,-0.154480129,0.040481567,-0.149273962,0.074523866,-0.154170424,0.109829068,-0.156851709,0.02469331,-0.146174073,0.063147962,-0.151088655,0.090365469,-0.154837638,0.117879272,-0.155835241,0.045478642,-0.12729454,0.078823209,-0.139941037,0.100336671,-0.145584106,0.120693445,-0.151022255,Yaw_Right
0,0,-0.040826619,-0.014069855,-0.068923771,-0.062743783,-0.070661545,-0.118006259,-0.051422954,-0.160274088,-0.022630453,-0.147989422,0.011599958,-0.155589849,0.04413569,-0.153755039,0.079977334,-0.152037144,0.009267986,-0.156109393,0.052959323,-0.158836454,0.088654578,-0.161570996,0.125707805,-0.163774163,0.033590078,-0.147856623,0.074369133,-0.158891857,0.10219723,-0.160865098,0.130009115,-0.161787152,0.051809669,-0.129969299,0.085621059,-0.146518797,0.108469546,-0.153775573,0.130601883,-0.16015926,Yaw_Right
0,0,-0.051383018,-0.041967094,-0.095428348,-0.133180737,-0.132787287,-0.205615401,-0.172962546,-0.239418268,-0.067511022,-0.277380645,-0.092533946,-0.382423669,-0.107190847,-0.447037816,-0.116883576,-0.508333832,-0.029833436,-0.298753619,-0.036883116,-0.419130147,-0.041082978,-0.496612489,-0.044693589,-0.566457212,0.00538367,-0.288421154,0.011123836,-0.4010939,0.015114903,-0.472820997,0.016599894,-0.539745688,0.037515938,-0.257539451,0.05429399,-0.339566827,0.06612891,-0.395658195,0.075805008,-0.452623576,Stop
0,0,-0.049514532,-0.055602849,-0.088616788,-0.154665232,-0.116344154,-0.241728246,-0.150197983,-0.294666797,-0.060673594,-0.283207893,-0.077342629,-0.395704597,-0.085496247,-0.462926984,-0.089897037,-0.527608365,-0.025474489,-0.301149368,-0.028764367,-0.42156142,-0.027662158,-0.497833818,-0.026640415,-0.567059636,0.006740034,-0.290149659,0.012965739,-0.39738214,0.018177748,-0.467152536,0.020388484,-0.531258613,0.036371768,-0.260593742,0.044512749,-0.340949118,0.048993289,-0.396002829,0.051796556,-0.451233745,Stop
0,0,-0.050654352,-0.050291538,-0.091668963,-0.142094314,-0.126451731,-0.21846503,-0.164842069,-0.261480451,-0.065643609,-0.278349131,-0.087219119,-0.386568248,-0.099265039,-0.451920569,-0.106687486,-0.514518529,-0.028642833,-0.298648447,-0.033919871,-0.417314172,-0.036062598,-0.4933936,-0.03753227,-0.561790228,0.004795551,-0.288298458,0.011465549,-0.397631526,0.01577574,-0.466517866,0.018097281,-0.529427201,0.035006642,-0.258755118,0.052210867,-0.337504506,0.064304709,-0.3907426,0.075033486,-0.444984436,Stop
0,0,-0.049425364,-0.054930151,-0.089463413,-0.148794472,-0.122103512,-0.225709081,-0.157215416,-0.274356872,-0.058957517,-0.287026793,-0.063014507,-0.400030017,-0.063563228,-0.469985336,-0.062743604,-0.534993827,-0.027238429,-0.300318301,-0.031438649,-0.423145801,-0.032505393,-0.501613051,-0.034408927,-0.572980851,0.003200531,-0.289185405,0.000954151,-0.401618421,-0.000234842,-0.474917412,-0.003620267,-0.541125119,0.034952521,-0.260110617,0.034895182,-0.347956508,0.032213628,-0.407276601,0.02732408,-0.463852346,Stop
0,0,-0.054006517,-0.06177789,-0.086333692,-0.162706375,-0.095963001,-0.262086004,-0.094329178,-0.349725366,-0.063488543,-0.289234459,-0.069717348,-0.402489781,-0.072152913,-0.470603526,-0.073261201,-0.536412805,-0.030585289,-0.30467999,-0.037183225,-0.427031994,-0.040305257,-0.504189849,-0.044789791,-0.578550786,-0.000739992,-0.295059741,-0.003332138,-0.408026695,-0.005071759,-0.480398715,-0.009791911,-0.546924651,0.031056285,-0.26829502,0.030195773,-0.356506974,0.027181327,-0.416385561,0.021330714,-0.47530508,Stop
0,0,-0.052513957,-0.059351027,-0.083088398,-0.160779655,-0.092458308,-0.258122653,-0.094367743,-0.34249717,-0.052211583,-0.293433368,-0.054484904,-0.410648942,-0.055975735,-0.481598213,-0.056023777,-0.547691524,-0.017494559,-0.304276228,-0.020694435,-0.430627793,-0.022642076,-0.509474188,-0.02606827,-0.581272244,0.012990534,-0.290106118,0.013739645,-0.40549168,0.013341069,-0.477146477,0.009380996,-0.541696459,0.043973744,-0.257697195,0.046384931,-0.345486164,0.045013547,-0.404783189,0.040603817,-0.461879194,Stop
0,0,-0.048475206,-0.050781906,-0.08984071,-0.150733292,-0.124022424,-0.231918931,-0.163115144,-0.270287573,-0.058349252,-0.289146096,-0.077608764,-0.402189821,-0.088011205,-0.470654339,-0.09451443,-0.533362508,-0.022203565,-0.307352483,-0.028771996,-0.432751775,-0.032502174,-0.511708677,-0.03625685,-0.579382777,0.012044251,-0.295846432,0.01544106,-0.410130918,0.015356123,-0.479624271,0.013361156,-0.541339457,0.044816732,-0.264170229,0.063427329,-0.343843639,0.075914741,-0.398632824,0.086502731,-0.45213291,Stop
0,0,-0.047462583,-0.05068177,-0.086744845,-0.149169922,-0.122648001,-0.228742301,-0.162471175,-0.266990751,-0.057330251,-0.288771957,-0.07711947,-0.398844063,-0.087842643,-0.466471821,-0.093818069,-0.529182911,-0.0205248,-0.308129311,-0.026566088,-0.431508958,-0.030418336,-0.510628253,-0.034124017,-0.580075622,0.013957739,-0.295972407,0.020130098,-0.408680737,0.021976054,-0.479523212,0.021262884,-0.54370755,0.046113312,-0.262744904,0.069479287,-0.339792848,0.085732937,-0.39370352,0.099412322,-0.446993917,Stop
0,0,-0.047357023,-0.049564779,-0.086751521,-0.145125687,-0.123753846,-0.224027336,-0.164328218,-0.264201671,-0.058186769,-0.290186763,-0.079503179,-0.401656747,-0.091333747,-0.470947504,-0.097784936,-0.535311311,-0.020597458,-0.310126305,-0.027149439,-0.435211837,-0.031123221,-0.516500622,-0.034463048,-0.588352114,0.014632404,-0.297676206,0.023234546,-0.411130786,0.02738601,-0.48446089,0.028534174,-0.551095366,0.047273517,-0.263444543,0.073763728,-0.339779258,0.092187464,-0.393499315,0.107464135,-0.446442962,Stop
0,0,-0.048068166,-0.045985162,-0.083565354,-0.136047482,-0.106446743,-0.217154205,-0.135803938,-0.277195752,-0.058606386,-0.287391186,-0.077676713,-0.399356157,-0.088776827,-0.468046963,-0.095270813,-0.533263713,-0.021176875,-0.306610048,-0.028689265,-0.432915986,-0.032774389,-0.512901604,-0.035963058,-0.585991621,0.012768865,-0.295205235,0.016815007,-0.407149673,0.019562185,-0.48143661,0.019634128,-0.549886227,0.045015335,-0.263197124,0.056787431,-0.348177195,0.063835561,-0.405880213,0.068408787,-0.463469744,Stop
0,0,-0.049165428,-0.05650723,-0.077887654,-0.160286248,-0.086878538,-0.261295408,-0.095590055,-0.349139065,-0.05791688,-0.292810351,-0.073364019,-0.407294869,-0.082696915,-0.475913763,-0.088271856,-0.542992622,-0.020971656,-0.31085521,-0.027881682,-0.437354594,-0.031003058,-0.517325193,-0.03374213,-0.592951775,0.011233151,-0.299039423,0.011919618,-0.413182378,0.013666451,-0.485452563,0.012645185,-0.552531064,0.042703688,-0.268084884,0.045778036,-0.354111761,0.046618938,-0.412594855,0.045453489,-0.470271438,Stop
0,0,-0.047816455,-0.056103528,-0.080229819,-0.156733751,-0.097087502,-0.250550389,-0.114290416,-0.328526884,-0.05584687,-0.288506567,-0.069801509,-0.403366625,-0.078340471,-0.472897887,-0.08316201,-0.538927943,-0.018438756,-0.306126654,-0.021386981,-0.432991147,-0.022005975,-0.513370812,-0.023120284,-0.587294638,0.014345169,-0.294192135,0.019065559,-0.406648993,0.023612678,-0.480406463,0.024776936,-0.548697293,0.045251489,-0.263395697,0.053555548,-0.349594116,0.058599174,-0.408089101,0.061555028,-0.465714902,Stop
0,0,-0.046531081,-0.051021218,-0.084346652,-0.150658607,-0.115369797,-0.234704852,-0.154343545,-0.278838992,-0.056568921,-0.287133455,-0.074601233,-0.401200712,-0.084265351,-0.471274853,-0.089537621,-0.537817389,-0.01845485,-0.306692302,-0.021187007,-0.433755934,-0.022139728,-0.515293211,-0.023082435,-0.589335024,0.015325367,-0.294120878,0.024179161,-0.406185478,0.028979361,-0.4803316,0.030939102,-0.548275948,0.046061695,-0.261506587,0.063177824,-0.344704688,0.074121475,-0.402636051,0.082414269,-0.460405827,Stop
0,0,-0.047643483,-0.052146316,-0.088150084,-0.14873755,-0.124621451,-0.225786448,-0.165606558,-0.262406975,-0.055399895,-0.290421247,-0.073589563,-0.406127572,-0.084038436,-0.476295531,-0.090289235,-0.541854113,-0.01762861,-0.308286667,-0.019839168,-0.435934186,-0.020406365,-0.517166018,-0.021167338,-0.590043545,0.016640902,-0.294885159,0.026344121,-0.410740018,0.032113433,-0.483930558,0.034551322,-0.551321685,0.047621429,-0.261122406,0.066691756,-0.343113959,0.079650879,-0.399919152,0.089883924,-0.456831723,Stop
0,0,-0.049983501,-0.053448081,-0.083593786,-0.155906558,-0.103687942,-0.24946332,-0.130866647,-0.315630108,-0.054062843,-0.291246444,-0.055124342,-0.409413695,-0.052324951,-0.48105526,-0.04791832,-0.548055559,-0.019161224,-0.30394727,-0.019649684,-0.433439076,-0.017595649,-0.514072716,-0.016954124,-0.58809188,0.012161493,-0.290394545,0.013568521,-0.408290029,0.014911115,-0.483910143,0.013641536,-0.552700788,0.044288754,-0.258452713,0.046602368,-0.350492269,0.046383381,-0.411238968,0.044152498,-0.469477654,Stop
0,0,-0.046155035,-0.051242411,-0.082851589,-0.149024308,-0.114595115,-0.231715798,-0.15119189,-0.275565624,-0.051297486,-0.288924009,-0.059024811,-0.407511771,-0.062139153,-0.480371088,-0.061852336,-0.546703249,-0.014393151,-0.304368198,-0.012202501,-0.4311333,-0.010004997,-0.51340121,-0.008357942,-0.586870968,0.019078732,-0.290423185,0.032937169,-0.406367779,0.04110074,-0.480448842,0.046221316,-0.548223734,0.050072074,-0.255383283,0.079009235,-0.333215892,0.099959612,-0.387171835,0.117772639,-0.440146685,Stop
0,0,-0.047433019,-0.043731809,-0.089030206,-0.132865369,-0.127790809,-0.205098689,-0.168355763,-0.241934419,-0.060824633,-0.283061773,-0.082502902,-0.392959058,-0.095131338,-0.463070214,-0.102606773,-0.528635651,-0.022701442,-0.304084361,-0.025531709,-0.429138243,-0.02735728,-0.511280805,-0.028899729,-0.584767669,0.012741923,-0.29177177,0.023803949,-0.405912638,0.029854834,-0.481010973,0.032866478,-0.550895751,0.044965208,-0.256785572,0.074637711,-0.333435506,0.095640659,-0.387738556,0.112802804,-0.442348063,Stop
0,0,-0.048054159,-0.040876031,-0.092024148,-0.125782251,-0.132443547,-0.190723777,-0.173566043,-0.222885251,-0.067773283,-0.276165068,-0.096642792,-0.380944729,-0.114108622,-0.449069381,-0.126225889,-0.511872023,-0.028393745,-0.299769312,-0.030792058,-0.426632762,-0.030676186,-0.510250509,-0.029901206,-0.583482325,0.008251607,-0.287527502,0.02124387,-0.403214127,0.029721558,-0.479538381,0.034972131,-0.549898356,0.041781723,-0.251158178,0.074747622,-0.328612804,0.098695219,-0.38124311,0.117681324,-0.433170974,Stop
0,0,-0.048288286,-0.040125251,-0.088110745,-0.122125089,-0.119659185,-0.191470444,-0.153860331,-0.230837405,-0.070048511,-0.243069232,-0.094224215,-0.33737582,-0.108068347,-0.394307137,-0.117998838,-0.448847771,-0.038137257,-0.265098363,-0.050459385,-0.372113287,-0.058234572,-0.440466881,-0.0653162,-0.50095588,-0.007576823,-0.260438442,-0.009047985,-0.358692557,-0.011169434,-0.420956463,-0.015200019,-0.476773918,0.021902621,-0.238860846,0.030895889,-0.313613921,0.03703177,-0.364158422,0.041480899,-0.413679004,Stop
0,0,-0.054603636,-0.051801801,-0.088910103,-0.145690739,-0.102680326,-0.235560358,-0.111186683,-0.312421948,-0.074774146,-0.259139061,-0.085405231,-0.361606598,-0.088942707,-0.424569368,-0.09105283,-0.484337807,-0.045965016,-0.278212667,-0.056300998,-0.389967918,-0.06037128,-0.460230082,-0.064952552,-0.526486814,-0.018222392,-0.275108099,-0.025783539,-0.379632175,-0.030037642,-0.446017623,-0.035811603,-0.505453318,0.01164335,-0.256866157,0.005612135,-0.339314431,0.000273287,-0.393794626,-0.006879747,-0.445205808,Stop
0,0,-0.049003363,-0.055166364,-0.08629483,-0.151630044,-0.113442183,-0.237324119,-0.145858884,-0.291772485,-0.061816216,-0.280686378,-0.078068376,-0.391643703,-0.086296141,-0.459053099,-0.090315819,-0.522952914,-0.024427235,-0.299204469,-0.025981128,-0.420687258,-0.02516073,-0.49824959,-0.023931146,-0.568824679,0.00902468,-0.287750959,0.018696368,-0.398395866,0.025347054,-0.469470501,0.029828727,-0.533699244,0.039766371,-0.256453574,0.061389744,-0.336644024,0.077471077,-0.391026855,0.091520548,-0.444387168,Stop
0,0,-0.048481345,-0.057110667,-0.081370711,-0.150128186,-0.097154856,-0.241087019,-0.10738939,-0.318608999,-0.061637461,-0.266830206,-0.065576553,-0.37327224,-0.066293776,-0.437015951,-0.065653563,-0.498335063,-0.028648674,-0.280481815,-0.028363049,-0.393209159,-0.026084185,-0.465193644,-0.025146484,-0.532874912,0.000603497,-0.269206703,0.005990982,-0.37288481,0.010545671,-0.441206545,0.012306094,-0.504750371,0.02908957,-0.242190182,0.034897983,-0.323467493,0.038434207,-0.37914601,0.040399313,-0.434697568,Stop
0,0,-0.045034647,-0.057282388,-0.074675918,-0.152801752,-0.096342742,-0.238049209,-0.12515831,-0.293391913,-0.05424273,-0.260941178,-0.070486784,-0.36231488,-0.079534888,-0.422235489,-0.084799111,-0.480294019,-0.020290971,-0.277058601,-0.024664879,-0.387824297,-0.025981903,-0.459398121,-0.026685894,-0.523319453,0.009463668,-0.265818059,0.017584801,-0.364240676,0.023464561,-0.428880394,0.026984513,-0.487531364,0.036341548,-0.238392949,0.051215529,-0.312839031,0.061483145,-0.363064229,0.07021004,-0.414014935,Stop
0,0,-0.052796185,-0.047966242,-0.092789292,-0.142059565,-0.123504758,-0.223873496,-0.159784555,-0.270777583,-0.073027074,-0.267832518,-0.098073602,-0.370381474,-0.112596512,-0.432327449,-0.123192668,-0.492495805,-0.037844181,-0.291354507,-0.051058531,-0.406418979,-0.059309065,-0.480086029,-0.066719234,-0.544925362,-0.004685938,-0.285843283,-0.007503986,-0.389626741,-0.010961115,-0.456948698,-0.016113102,-0.517513365,0.027169108,-0.261952609,0.033462882,-0.341773719,0.036699891,-0.395710766,0.038216114,-0.449445248,Stop
0,0,-0.04950434,-0.049464226,-0.088621438,-0.144463599,-0.116276205,-0.226079226,-0.149066567,-0.270559996,-0.068085194,-0.258307427,-0.088140488,-0.356806695,-0.099299252,-0.414306015,-0.10785085,-0.468598276,-0.036439717,-0.277084589,-0.047270775,-0.38299787,-0.053008258,-0.449454457,-0.057957947,-0.506753117,-0.006079078,-0.270758003,-0.007147968,-0.365845889,-0.008913934,-0.425223649,-0.012377799,-0.477273911,0.023206294,-0.248265862,0.029893219,-0.319754004,0.034114063,-0.366667211,0.037056446,-0.412402213,Stop
0,0,-0.034720063,-0.061655641,-0.052549601,-0.159488797,-0.034566104,-0.247304022,-0.011867762,-0.314040333,-0.069666445,-0.258708656,-0.077826679,-0.365807384,-0.081857443,-0.429448009,-0.082134545,-0.487245262,-0.033224285,-0.251683116,-0.019823611,-0.319358975,-0.028362274,-0.245009482,-0.03405118,-0.205550492,-4.68E-05,-0.230741799,0.009244084,-0.267262518,-0.002538562,-0.192144752,-0.008389294,-0.172839046,0.027202427,-0.200679243,0.029776454,-0.227500319,0.017856956,-0.171770453,0.012489319,-0.156231701,Thrust_Up
0,0,-0.038568437,-0.046555519,-0.06278348,-0.13857317,-0.051142633,-0.227394164,-0.034790754,-0.299548805,-0.075465381,-0.256980121,-0.086910546,-0.366885334,-0.092535794,-0.432027519,-0.093292475,-0.496022493,-0.038644433,-0.252980471,-0.032921553,-0.318497539,-0.038768828,-0.232405007,-0.041561723,-0.201188684,-0.004870772,-0.236071408,-0.002348065,-0.262298822,-0.01182729,-0.179120481,-0.015835583,-0.171509385,0.024737477,-0.211176097,0.022084475,-0.226977527,0.010943592,-0.164653182,0.006465614,-0.155349374,Thrust_Up
0,0,-0.032699287,-0.050210536,-0.051624537,-0.139560282,-0.034872591,-0.223082304,-0.013135731,-0.289110363,-0.061988771,-0.258165658,-0.0684582,-0.370861411,-0.07098484,-0.439612925,-0.069835186,-0.500970483,-0.025814891,-0.250100434,-0.016733766,-0.299279869,-0.02641356,-0.221987426,-0.029539287,-0.193561912,0.006447971,-0.227897763,0.011027336,-0.249916494,-0.003230274,-0.175334394,-0.007205784,-0.164619744,0.034287035,-0.197220504,0.032334924,-0.213641584,0.017544687,-0.157394171,0.012099981,-0.145721972,Thrust_Up
0,0,-0.029759824,-0.061224163,-0.04432261,-0.151164174,-0.025193155,-0.236560881,-0.000448823,-0.298696101,-0.067448497,-0.261634886,-0.074382126,-0.363449901,-0.079360068,-0.429720223,-0.07916224,-0.48527506,-0.030661285,-0.256115675,-0.01752001,-0.324949503,-0.024885178,-0.255152166,-0.030577362,-0.216104031,0.002553582,-0.235906303,0.013494372,-0.275431097,0.001073599,-0.207500458,-0.007058859,-0.182080626,0.029338241,-0.20139277,0.03584522,-0.229836762,0.022702932,-0.179546058,0.013002098,-0.160646498,Thrust_Up
0,0,-0.043915153,-0.045933306,-0.07127887,-0.131492019,-0.060926437,-0.209849656,-0.042492032,-0.264424384,-0.075230598,-0.239820123,-0.077851355,-0.342063189,-0.075744152,-0.406330496,-0.072095096,-0.464797854,-0.040438473,-0.240305007,-0.034771562,-0.297673136,-0.03045702,-0.212847888,-0.032287836,-0.182623863,-0.005824387,-0.2351982,0.0015378,-0.277050316,-0.001223087,-0.196264625,-0.007088482,-0.174655378,0.02595979,-0.221295774,0.031172693,-0.254418492,0.023512661,-0.19780153,0.017287493,-0.176803768,Thrust_Up
0,0,-0.033832312,-0.058365464,-0.052004576,-0.14823842,-0.04168576,-0.236739635,-0.024113536,-0.302084655,-0.076038301,-0.25806421,-0.079999268,-0.356057703,-0.082155585,-0.416839719,-0.078696012,-0.470680624,-0.038971841,-0.251292944,-0.027663827,-0.320316851,-0.032383621,-0.237738073,-0.037398517,-0.207630038,-0.004488468,-0.233345687,0.004906833,-0.274404943,-0.004099429,-0.196233153,-0.011290252,-0.179795027,0.024523914,-0.204387546,0.029674947,-0.238521338,0.01931715,-0.18111974,0.012004972,-0.163749874,Thrust_Up
0,0,-0.029265225,-0.056202352,-0.042009056,-0.143265963,-0.017830133,-0.224824071,0.01056391,-0.282334507,-0.078996837,-0.256804168,-0.088035583,-0.359834731,-0.092708528,-0.424271464,-0.09448421,-0.477659523,-0.042409956,-0.257740974,-0.035774589,-0.334054321,-0.035402417,-0.272827804,-0.039046526,-0.231314182,-0.008719146,-0.244852781,0.000194073,-0.28651911,-0.003380597,-0.224974513,-0.009638786,-0.194256723,0.019251466,-0.216616273,0.026091754,-0.259881735,0.019152582,-0.214549065,0.01021111,-0.186687887,Thrust_Up
0,0,-0.037442446,-0.054086387,-0.058727324,-0.151681006,-0.041365445,-0.23850286,-0.015173316,-0.301176935,-0.060381591,-0.256358445,-0.066218972,-0.36640209,-0.068046927,-0.433200151,-0.065098405,-0.494816989,-0.025182545,-0.248656809,-0.021444201,-0.302794576,-0.031504869,-0.225031674,-0.031419516,-0.198778808,0.005991876,-0.228406966,0.005794168,-0.250868261,-0.007739604,-0.175150692,-0.007261157,-0.168756664,0.033186316,-0.200799406,0.026505649,-0.213333964,0.013602197,-0.157333434,0.014309466,-0.150787473,Thrust_Up
0,0,-0.033165753,-0.059655726,-0.051087618,-0.153960407,-0.030716836,-0.23831749,-0.004561663,-0.2992028,-0.062732935,-0.264105499,-0.076468825,-0.377313405,-0.084907889,-0.443772674,-0.088107884,-0.502758563,-0.025914013,-0.25517571,-0.015161455,-0.308652222,-0.023607671,-0.2345559,-0.026453257,-0.203943253,0.006912887,-0.232381701,0.013681412,-0.257846177,-0.000932455,-0.185368538,-0.005271256,-0.169494987,0.034428298,-0.200251579,0.035123825,-0.221017122,0.019937575,-0.166467667,0.013747036,-0.1508497,Thrust_Up
0,0,-0.026837349,-0.06372571,-0.037966967,-0.156907916,-0.011986434,-0.23990804,0.018753052,-0.302076578,-0.051160753,-0.285498202,-0.055127621,-0.393550754,-0.057578743,-0.462250412,-0.055695832,-0.519773722,-0.013961494,-0.270757794,0.003977418,-0.338177443,-0.007925212,-0.26772517,-0.016000211,-0.230300248,0.0184955,-0.239686966,0.03345716,-0.276712716,0.014897585,-0.20492512,0.004821777,-0.181293249,0.044143021,-0.195558965,0.054313838,-0.224545419,0.036533713,-0.172141135,0.025303781,-0.153280973,Thrust_Up
0,0,-0.042694151,-0.061046243,-0.062251687,-0.167907536,-0.039571404,-0.258818626,-0.011696577,-0.305017203,-0.053993821,-0.268415034,-0.055324078,-0.368406475,-0.053007722,-0.432156354,-0.048199475,-0.486780912,-0.020613074,-0.259823978,-0.012658596,-0.339428544,-0.019552231,-0.260114253,-0.022625089,-0.211464345,0.010920763,-0.236844599,0.020088434,-0.30101347,0.003774464,-0.223888457,-0.002967,-0.181785882,0.03832978,-0.199691176,0.041027963,-0.24424839,0.024526298,-0.191940069,0.018768847,-0.160198987,Thrust_Up
0,0,-0.041448593,-0.054786444,-0.065125406,-0.159222722,-0.055212915,-0.255302966,-0.03694278,-0.321785361,-0.053719163,-0.264249265,-0.057093561,-0.368412018,-0.057586789,-0.433994412,-0.051540256,-0.498646349,-0.018196285,-0.247701466,-0.016665757,-0.300533712,-0.027153432,-0.205331028,-0.026533067,-0.187435925,0.013873339,-0.224183857,0.013337016,-0.252810478,-0.00117141,-0.161022544,-0.000704288,-0.156401396,0.04351294,-0.194590151,0.039727926,-0.214400291,0.024386644,-0.15172708,0.022555888,-0.140237629,Thrust_Up
0,0,-0.040177584,-0.056935608,-0.063355803,-0.15781945,-0.055642962,-0.252477765,-0.037902713,-0.320102572,-0.058624208,-0.269276381,-0.072146297,-0.378605932,-0.081478357,-0.446807384,-0.081845701,-0.512121201,-0.020890892,-0.260463059,-0.018812656,-0.309915006,-0.029223025,-0.21732533,-0.028333604,-0.196666241,0.012527823,-0.23837018,0.011070073,-0.256790102,-0.003585458,-0.169395506,-0.002586186,-0.16523546,0.041632295,-0.209017336,0.037455678,-0.215144694,0.021631122,-0.153776824,0.019702017,-0.146706998,Thrust_Up
0,0,-0.03222549,-0.051742673,-0.048628151,-0.14160794,-0.025733531,-0.22395885,0.004104197,-0.283486903,-0.067628443,-0.267472208,-0.081961036,-0.381985843,-0.092333734,-0.451188505,-0.097174168,-0.511676997,-0.028788805,-0.262041986,-0.019064903,-0.325608045,-0.02681905,-0.248364568,-0.030429721,-0.207187891,0.006268799,-0.239907384,0.013697386,-0.267439604,0.000551701,-0.189327896,-0.004529893,-0.166385531,0.035712779,-0.20488435,0.038998663,-0.226520598,0.023800611,-0.166042149,0.015948772,-0.14628768,Thrust_Up
0,0,-0.031096578,-0.054497778,-0.046090126,-0.145085335,-0.023660541,-0.226450503,0.003883421,-0.289725304,-0.056589007,-0.279664695,-0.062590718,-0.391974419,-0.067081869,-0.463350117,-0.065937221,-0.524619639,-0.019785047,-0.267570853,-0.008521616,-0.322228312,-0.019201577,-0.241291106,-0.023433566,-0.21277529,0.013178468,-0.241426587,0.020268261,-0.266638458,0.004538298,-0.18830806,-0.001318038,-0.177143216,0.04037714,-0.205653369,0.044420838,-0.223677099,0.027317405,-0.165748894,0.019160807,-0.153953612,Thrust_Up
0,0,-0.029965162,-0.057454884,-0.044944704,-0.150448561,-0.025573969,-0.233886838,0.004005492,-0.289603233,-0.054755867,-0.265067816,-0.056493521,-0.370678306,-0.057434022,-0.435387313,-0.053637922,-0.491069883,-0.019890428,-0.251645923,-0.009087801,-0.31568557,-0.02024591,-0.242828608,-0.024024963,-0.209716797,0.011667252,-0.225162387,0.017143011,-0.258870721,0.002071738,-0.187475145,-0.002004385,-0.171567738,0.038118243,-0.190030158,0.037540972,-0.214722216,0.022345781,-0.162255943,0.016989112,-0.148123622,Thrust_Up
0,0,-0.032910109,-0.050537288,-0.0501858,-0.139662027,-0.031657755,-0.221541345,-0.003790975,-0.278620839,-0.055686295,-0.255066514,-0.05817759,-0.361925662,-0.058023393,-0.428773433,-0.053408623,-0.486840874,-0.021848023,-0.245584011,-0.018245757,-0.303361654,-0.028475106,-0.228757977,-0.029881954,-0.199836075,0.009148538,-0.223158121,0.009254396,-0.252487481,-0.004499853,-0.179815829,-0.005931616,-0.166959047,0.036199391,-0.191648781,0.03202039,-0.212968409,0.017576098,-0.159646571,0.014660299,-0.146979868,Thrust_Up
0,0,-0.043597758,-0.042700231,-0.068356514,-0.131638825,-0.059248865,-0.212979972,-0.039855301,-0.257512927,-0.061296701,-0.239317417,-0.061357915,-0.334852815,-0.058475435,-0.399684429,-0.053023934,-0.453232884,-0.030323625,-0.234916925,-0.027244687,-0.294954598,-0.027344644,-0.213394642,-0.026924789,-0.178812444,0.000900805,-0.22370857,0.004993081,-0.274604976,-0.002324164,-0.197063267,-0.004604161,-0.168304443,0.030309498,-0.201570153,0.032061338,-0.240415871,0.020799279,-0.187257886,0.017316043,-0.164200902,Thrust_Up
0,0,-0.038995385,-0.037247598,-0.066881239,-0.123402536,-0.053300142,-0.202507317,-0.028933823,-0.252951145,-0.063585222,-0.244247377,-0.069744647,-0.350922704,-0.07155776,-0.418362081,-0.070507407,-0.477768987,-0.029449403,-0.236752629,-0.025570035,-0.287604988,-0.026848614,-0.197556376,-0.027958333,-0.167252898,0.003281772,-0.221769214,0.006591737,-0.262038589,-0.001560271,-0.178295612,-0.005428791,-0.157856584,0.032958806,-0.196758032,0.032656014,-0.232846022,0.021327555,-0.17412132,0.017283916,-0.152985215,Thrust_Up
0,0,-0.033332169,-0.043775797,-0.053990483,-0.124771953,-0.039660573,-0.205652535,-0.018981457,-0.264738679,-0.069262385,-0.246204615,-0.072679579,-0.34907192,-0.074573636,-0.414160103,-0.072861195,-0.470486045,-0.036648333,-0.241429806,-0.034163296,-0.319634974,-0.039019644,-0.237406731,-0.040846407,-0.200502336,-0.005423605,-0.224628448,-0.003451884,-0.273499846,-0.01291728,-0.189670384,-0.017114818,-0.164690197,0.022751629,-0.194784641,0.021164477,-0.234845579,0.010523677,-0.175160646,0.00619626,-0.152451813,Thrust_Up
0,0,-0.033315778,-0.055002511,-0.05000478,-0.145147264,-0.033589363,-0.228019476,-0.011489093,-0.29181236,-0.057801008,-0.250785947,-0.057427883,-0.347489268,-0.054648578,-0.40721783,-0.048061669,-0.46253249,-0.025381565,-0.240671754,-0.018246472,-0.307160378,-0.027920544,-0.233255267,-0.030964971,-0.204148054,0.004410982,-0.218600929,0.008639336,-0.253768981,-0.003948152,-0.179988325,-0.006917596,-0.168030858,0.030843318,-0.188800037,0.029461384,-0.218451321,0.017038941,-0.16385442,0.014103889,-0.149647832,Thrust_Up
0,0,-0.028869331,-0.052821755,-0.044044912,-0.137312353,-0.027315736,-0.217755914,-0.003000438,-0.278939128,-0.064171553,-0.244832516,-0.066981077,-0.342527986,-0.068688154,-0.404437631,-0.067789078,-0.457367986,-0.031138539,-0.240162253,-0.029415369,-0.308220744,-0.033881009,-0.243629634,-0.035672545,-0.207875192,0.000215828,-0.220638752,0.002525508,-0.257767797,-0.005465508,-0.191175699,-0.008629918,-0.170488179,0.027342021,-0.18926245,0.025325239,-0.218783319,0.015690327,-0.168941379,0.011563599,-0.152264714,Thrust_Up
0,0,-0.032544732,-0.051424384,-0.052020371,-0.141506672,-0.037704349,-0.2285496,-0.014476776,-0.293233573,-0.066343606,-0.250837445,-0.07377845,-0.355300605,-0.077858925,-0.421333075,-0.077041209,-0.477891237,-0.032646775,-0.246425509,-0.025100112,-0.31698817,-0.034171045,-0.243171096,-0.036833465,-0.202219009,-0.001670361,-0.227423489,0.002658904,-0.268326283,-0.010001063,-0.19456923,-0.012518764,-0.169313908,0.025326669,-0.197013497,0.023355424,-0.227196872,0.010851443,-0.173880816,0.008089662,-0.154448807,Thrust_Up
0,0,-0.033493161,-0.053746939,-0.050311387,-0.150799334,-0.033408165,-0.235960126,-0.007686675,-0.296050489,-0.057748377,-0.245969117,-0.059522033,-0.348469734,-0.059890747,-0.409506142,-0.055074513,-0.464952439,-0.024633527,-0.235972762,-0.01824373,-0.300677299,-0.029660583,-0.225842953,-0.030901194,-0.191761255,0.004893899,-0.213907242,0.007062197,-0.251775205,-0.007726371,-0.176802635,-0.008476555,-0.158485174,0.030272365,-0.184531093,0.025469303,-0.212567687,0.012064457,-0.15712595,0.011653066,-0.140221,Thrust_Up
0,0,-0.043566108,-0.0449512,-0.068309188,-0.122873724,-0.063091755,-0.201503515,-0.044571817,-0.253490746,-0.068586409,-0.237598538,-0.072323143,-0.338313729,-0.071970224,-0.402033716,-0.069788814,-0.457686424,-0.0368222,-0.235178173,-0.037099421,-0.293718755,-0.032235384,-0.208389342,-0.030741513,-0.178297639,-0.006034195,-0.227724135,-0.004079342,-0.275113761,-0.007163346,-0.193889678,-0.009081125,-0.170419157,0.023324668,-0.209192693,0.024934053,-0.251197696,0.016361237,-0.195115566,0.013264596,-0.17141062,Thrust_Up
0,0,-0.037102103,-0.048467159,-0.047447622,-0.12991631,-0.01747632,-0.199032843,0.010076702,-0.252375185,-0.055927217,-0.257050216,-0.072463572,-0.361134112,-0.082640827,-0.422382236,-0.090493083,-0.475262046,-0.020965755,-0.26589036,-0.013602674,-0.384158999,-0.009454072,-0.459060788,-0.005209148,-0.520927638,0.007799208,-0.241698682,0.012494385,-0.288984656,0.002359807,-0.223420799,-0.003385305,-0.180857182,0.032497883,-0.202705383,0.036795557,-0.248084962,0.024186552,-0.200671613,0.015511394,-0.162405431,Down
0,0,-0.034472644,-0.056493938,-0.041722178,-0.144027352,-0.014589369,-0.218804061,0.009361327,-0.281131417,-0.060132623,-0.243909121,-0.078402102,-0.346536756,-0.088764906,-0.40708527,-0.096797407,-0.457832366,-0.026168108,-0.252378047,-0.023336411,-0.3697716,-0.021420658,-0.443885297,-0.019372582,-0.500644952,0.003038764,-0.230471432,0.008383453,-0.276271641,0.002170622,-0.219488025,-0.001274705,-0.180147469,0.027569711,-0.198846996,0.032244861,-0.247835338,0.02326107,-0.207989812,0.017719388,-0.17348069,Down
0,0,-0.031431973,-0.055521071,-0.035779119,-0.142931759,-0.004557669,-0.213639855,0.02294147,-0.268711746,-0.047151566,-0.247299731,-0.053318381,-0.356690943,-0.057638466,-0.42226401,-0.062059402,-0.477365673,-0.01458621,-0.252792835,-0.009323299,-0.369498223,-0.005119085,-0.444221884,-0.00228554,-0.505114168,0.013602197,-0.228881299,0.023570776,-0.276459217,0.017968237,-0.22065568,0.012628734,-0.180098474,0.037442863,-0.193162441,0.045580506,-0.240570366,0.037954092,-0.204093158,0.031900525,-0.170663118,Down
0,0,-0.032443225,-0.052420557,-0.03889972,-0.138865888,-0.010187209,-0.209121287,0.016881645,-0.264569044,-0.043925822,-0.250167727,-0.043405175,-0.360862225,-0.042323411,-0.427963644,-0.040971339,-0.485659808,-0.012907088,-0.254217327,-0.012001336,-0.372730732,-0.011075377,-0.447749764,-0.009498477,-0.510846138,0.015540361,-0.230502784,0.023821712,-0.279583454,0.015461326,-0.219548941,0.008456647,-0.176712334,0.040531635,-0.194280803,0.046683729,-0.240673125,0.036956549,-0.20318532,0.029795051,-0.169799447,Down
0,0,-0.029973507,-0.054553509,-0.031015754,-0.13696909,0.001529992,-0.198235393,0.030691206,-0.24867177,-0.045473695,-0.240296125,-0.04929775,-0.348203361,-0.051403284,-0.412745714,-0.052856445,-0.46687746,-0.012571394,-0.241936445,-0.003247023,-0.356794834,0.002851903,-0.426679343,0.008224249,-0.483380765,0.015404582,-0.21749866,0.026455939,-0.248714089,0.01639235,-0.187454045,0.009102941,-0.153637886,0.038739026,-0.183604598,0.045310736,-0.207635045,0.033084393,-0.159150541,0.02336216,-0.12798816,Down
0,0,-0.029468,-0.065671861,-0.026727915,-0.15980798,0.011271298,-0.228380978,0.041208565,-0.279717982,-0.034848034,-0.272923052,-0.031721532,-0.388008773,-0.028547764,-0.456462801,-0.02504468,-0.51507926,-0.000915766,-0.26984036,0.010684669,-0.388502598,0.020170748,-0.463520586,0.029741824,-0.528804213,0.02749306,-0.239927173,0.045861721,-0.282331347,0.03459847,-0.220033467,0.02488333,-0.18104887,0.051486373,-0.199586213,0.063776076,-0.240589142,0.050326943,-0.196629107,0.038215399,-0.164800584,Down
0,0,-0.036330044,-0.057104826,-0.04105711,-0.148465455,-0.006937921,-0.220287204,0.022476852,-0.275357187,-0.056042969,-0.250977874,-0.066199362,-0.363403678,-0.073026299,-0.431379646,-0.079242527,-0.487770885,-0.021566093,-0.256587565,-0.017327607,-0.378660828,-0.015737772,-0.453984976,-0.013042927,-0.516823113,0.009094417,-0.23198688,0.017968178,-0.272366881,0.006972075,-0.209356904,0.00124234,-0.171020508,0.034788013,-0.193902671,0.038452208,-0.231026113,0.026107192,-0.182025492,0.018858075,-0.147188902,Down
0,0,-0.040231705,-0.053958654,-0.047804236,-0.146776199,-0.018665671,-0.218056321,0.004557729,-0.265157342,-0.051038146,-0.253623188,-0.069226384,-0.352150261,-0.080970824,-0.41522193,-0.089164138,-0.469757557,-0.015269578,-0.262523592,-0.018150091,-0.37493366,-0.019534767,-0.450261354,-0.018556356,-0.514472574,0.014915168,-0.241114259,0.024111092,-0.304023743,0.016500354,-0.238583624,0.010870278,-0.18646282,0.040724933,-0.205319643,0.045374632,-0.254089117,0.034016848,-0.209802747,0.025193572,-0.168461561,Down
0,0,-0.041229784,-0.057194769,-0.047425628,-0.153273046,-0.017375946,-0.222146749,0.006361187,-0.264698446,-0.045620978,-0.25824964,-0.054609418,-0.358445883,-0.059886515,-0.419720888,-0.062130809,-0.473164082,-0.010686636,-0.261972129,-0.010260105,-0.374400079,-0.01036036,-0.450942665,-0.007813454,-0.517797083,0.019184589,-0.236627519,0.029676497,-0.300558925,0.017547369,-0.229952395,0.008407056,-0.175569355,0.044512212,-0.198028982,0.047359526,-0.242986262,0.033729315,-0.194693804,0.023210645,-0.153220356,Down
0,0,-0.037139297,-0.056050956,-0.044242442,-0.14434886,-0.017941654,-0.21520108,0.004623413,-0.26425153,-0.041720808,-0.25692749,-0.045376658,-0.363195866,-0.047668993,-0.429571152,-0.047884405,-0.487456888,-0.008231223,-0.263716936,-0.009311914,-0.381596327,-0.009099543,-0.455290437,-0.007020712,-0.519523054,0.020558834,-0.242378056,0.032614768,-0.312871039,0.026354313,-0.24964118,0.020471215,-0.19652915,0.045953155,-0.204834461,0.053100288,-0.254419565,0.04329747,-0.213873744,0.034353793,-0.174224555,Down
0,0,-0.040223956,-0.052871883,-0.046178937,-0.145377934,-0.016775429,-0.21627897,0.00364691,-0.269324541,-0.047164619,-0.260454357,-0.060385704,-0.364414215,-0.0686239,-0.428952128,-0.073521435,-0.484263122,-0.011374652,-0.264582992,-0.009262621,-0.380151153,-0.006895125,-0.45674783,-0.002752066,-0.522961915,0.017532825,-0.239792049,0.029927313,-0.304381907,0.020911813,-0.241454422,0.013887286,-0.191296041,0.042689204,-0.202005148,0.048991442,-0.247473955,0.037947416,-0.204915881,0.029093981,-0.166796327,Down
0,0,-0.036398351,-0.062297225,-0.039082408,-0.157258689,-0.006340981,-0.230367243,0.021423101,-0.280727625,-0.042634666,-0.259377599,-0.047873557,-0.370652974,-0.050504923,-0.437556714,-0.053049803,-0.494498074,-0.009041905,-0.255983114,0.000149906,-0.373699009,0.005212009,-0.45030573,0.010505199,-0.511884719,0.019073427,-0.225759089,0.026856601,-0.272004843,0.012795448,-0.207941651,0.004802942,-0.161456048,0.041732848,-0.185209155,0.043278992,-0.227131546,0.028853357,-0.176923275,0.020288885,-0.135950923,Down
0,0,-0.036819994,-0.057992816,-0.042408347,-0.151464522,-0.009960294,-0.226251125,0.018212318,-0.2775172,-0.044755459,-0.254422605,-0.051851332,-0.365368545,-0.05609262,-0.433497965,-0.059513927,-0.491072774,-0.012449443,-0.25670296,-0.012251556,-0.374459475,-0.012408555,-0.450858712,-0.011179209,-0.511785626,0.0164361,-0.2326895,0.022112012,-0.273707271,0.011392117,-0.209194899,0.004458427,-0.163088858,0.040413678,-0.198061466,0.041905224,-0.240531743,0.030220747,-0.191738725,0.022997439,-0.150631249,Down
0,0,-0.036368728,-0.055978119,-0.043220639,-0.143388331,-0.014544964,-0.217821002,0.012001038,-0.272554278,-0.04422313,-0.252781332,-0.043985724,-0.363942772,-0.041974723,-0.432991624,-0.039092839,-0.492347151,-0.013091266,-0.25394851,-0.012851477,-0.371148199,-0.011504591,-0.447438508,-0.008410394,-0.509857148,0.016022146,-0.230263174,0.021012068,-0.274900794,0.010233283,-0.207683325,0.002966881,-0.158512712,0.040600181,-0.194477499,0.042396903,-0.239273965,0.030329406,-0.188864708,0.021685958,-0.146155,Down
0,0,-0.038072467,-0.051386535,-0.045001507,-0.136974871,-0.01191318,-0.206789792,0.015750289,-0.26664108,-0.050178945,-0.253114522,-0.065876126,-0.35973978,-0.076031089,-0.424832433,-0.083466828,-0.480560243,-0.014146149,-0.256443739,-0.003251731,-0.374298513,0.003049254,-0.452332705,0.009413779,-0.51380682,0.014831543,-0.228450894,0.021392226,-0.272711694,0.008131504,-0.205798507,0.000828803,-0.159776747,0.038712382,-0.189019978,0.042175591,-0.234803855,0.028691173,-0.183491766,0.019928932,-0.141756654,Down
0,0,-0.03516072,-0.052022815,-0.040862381,-0.13748306,-0.007456481,-0.208618283,0.020597517,-0.266465664,-0.046645641,-0.2508986,-0.055101216,-0.360288262,-0.060755312,-0.428172171,-0.065350652,-0.485414803,-0.012661874,-0.254646301,-0.006712794,-0.372570366,-0.003256857,-0.449934751,0.00043112,-0.512995839,0.016817033,-0.228952289,0.024072766,-0.267810345,0.012978733,-0.203877032,0.00619489,-0.159156561,0.04109478,-0.190429747,0.045308232,-0.230525851,0.03289938,-0.181092322,0.024468184,-0.140331388,Down
0,0,-0.038749814,-0.05218786,-0.046061218,-0.13640523,-0.009728372,-0.207542717,0.019558489,-0.267140388,-0.052452385,-0.251015425,-0.074863672,-0.353918433,-0.089214087,-0.418617189,-0.099208236,-0.47467044,-0.015158534,-0.257350445,-0.005058646,-0.373254895,0.003169954,-0.450860679,0.012289882,-0.51227656,0.014343083,-0.230035901,0.021799922,-0.271945179,0.009627461,-0.202901602,0.00364238,-0.155115902,0.038529992,-0.190364778,0.04231751,-0.235524595,0.029675126,-0.182482719,0.021714449,-0.138903558,Down
0,0,-0.035280645,-0.05436039,-0.041137695,-0.139400363,-0.006143987,-0.208623469,0.022104204,-0.265844226,-0.045820415,-0.254520595,-0.058080494,-0.362840891,-0.066664636,-0.429475874,-0.073286176,-0.485816061,-0.010946393,-0.257008731,-0.00222826,-0.372979105,0.003651619,-0.45118928,0.010366976,-0.513990998,0.018478274,-0.228624165,0.026555538,-0.265058458,0.013108015,-0.196789026,0.005539,-0.149665952,0.042493165,-0.187549829,0.046673596,-0.228986144,0.032967567,-0.178157806,0.023847163,-0.136648893,Down
0,0,-0.037645578,-0.052385569,-0.044376075,-0.136418164,-0.009172618,-0.204140484,0.019687891,-0.260744989,-0.047188163,-0.254600823,-0.061777532,-0.362532437,-0.071188211,-0.429479778,-0.078217685,-0.486416012,-0.010476112,-0.256796241,0.002155364,-0.372949958,0.01150614,-0.449775457,0.020389438,-0.511074483,0.018767595,-0.227114558,0.026472211,-0.266536891,0.011483073,-0.197937906,0.002762675,-0.150632977,0.042385399,-0.185601473,0.045769632,-0.226581812,0.031119883,-0.175036073,0.021083951,-0.133655548,Down
0,0,-0.038327634,-0.060029984,-0.045708954,-0.150336742,-0.015209377,-0.223309636,0.010021448,-0.280198753,-0.052521527,-0.266039968,-0.06974709,-0.379763186,-0.080384672,-0.448809683,-0.088571012,-0.508274287,-0.015731335,-0.268116534,-0.005525768,-0.392665386,0.000205994,-0.476189941,0.00591439,-0.541991621,0.014869571,-0.241390407,0.021467149,-0.283418477,0.007295489,-0.21558857,-0.001755774,-0.164526165,0.040867865,-0.204711497,0.045997202,-0.256304264,0.031606853,-0.208281219,0.020616174,-0.162712455,Down
0,0,-0.038958549,-0.057043672,-0.047304571,-0.143665314,-0.016243935,-0.213483095,0.01036793,-0.269270182,-0.053795338,-0.259036899,-0.070690691,-0.370610803,-0.081623375,-0.437715769,-0.090094864,-0.495015472,-0.017070651,-0.262700379,-0.008229494,-0.384535015,-0.003122866,-0.467351824,0.002053678,-0.532053083,0.013466299,-0.236960113,0.017603636,-0.274784684,0.005178392,-0.209428608,-0.002005756,-0.16236794,0.039524198,-0.201269746,0.043272734,-0.248467088,0.029634118,-0.198526978,0.01987654,-0.154472053,Down
0,0,-0.039048195,-0.053009748,-0.049520314,-0.139378309,-0.022201538,-0.211963594,0.002706289,-0.269131005,-0.055157065,-0.25806123,-0.068172276,-0.369526386,-0.076814294,-0.438486457,-0.083860576,-0.498066574,-0.020127237,-0.264174461,-0.01388073,-0.387946784,-0.010830224,-0.471269637,-0.007372499,-0.538841635,0.010658622,-0.241837382,0.015219867,-0.279406309,0.004086614,-0.209621727,-0.00252229,-0.159599006,0.037171125,-0.207307458,0.040497482,-0.252493262,0.027137399,-0.200526237,0.016825438,-0.155228078,Down
0,0,-0.036700845,-0.050921798,-0.046063364,-0.136521637,-0.016777515,-0.211200118,0.00874263,-0.272256076,-0.056662917,-0.256331921,-0.075105548,-0.364356041,-0.086434245,-0.430117011,-0.095197439,-0.485997587,-0.021525919,-0.265728652,-0.018968701,-0.387342751,-0.016524613,-0.465896696,-0.013758123,-0.528905451,0.007988393,-0.24227196,0.012760282,-0.297726035,0.006494641,-0.231544495,0.002863467,-0.18279475,0.032911003,-0.204039276,0.037442446,-0.25351429,0.027233064,-0.201731503,0.019514441,-0.156433463,Down
0,0,-0.037568569,-0.053546548,-0.046830475,-0.143208981,-0.019259989,-0.219633996,0.006799579,-0.277146637,-0.056858361,-0.255933106,-0.069723189,-0.366523683,-0.078401506,-0.433940828,-0.085609853,-0.491679221,-0.021778166,-0.264230967,-0.018145442,-0.387337327,-0.016632974,-0.4675017,-0.014448047,-0.533397794,0.008488238,-0.241416633,0.015156865,-0.299392939,0.007441103,-0.231250525,0.002752423,-0.18234843,0.034344971,-0.205292583,0.038273573,-0.251555502,0.027617812,-0.20069319,0.020224154,-0.158375263,Down
0,0,-0.038256764,-0.054012239,-0.046392441,-0.142299354,-0.016100883,-0.216264427,0.011151552,-0.275732636,-0.056131363,-0.260888338,-0.074604332,-0.368540049,-0.086399317,-0.435161829,-0.095475614,-0.491181731,-0.019636571,-0.266504884,-0.016018271,-0.389773428,-0.014244139,-0.470022768,-0.012117982,-0.534395814,0.010572553,-0.240259826,0.015324414,-0.300144911,0.006330609,-0.232316494,0.001188755,-0.182474613,0.035291255,-0.201820552,0.037807822,-0.250541508,0.026072204,-0.197748125,0.018384814,-0.15236032,Down
