x0,y0,x1,y1,x2,y2,x3,y3,x4,y4,x5,y5,x6,y6,x7,y7,x8,y8,x9,y9,x10,y10,x11,y11,x12,y12,x13,y13,x14,y14,x15,y15,x16,y16,x17,y17,x18,y18,x19,y19,x20,y20,Gesture
0,0,0.062095687,0.02818203,0.11753507,0.04772824,0.157802507,0.059504151,0.192763701,0.07844162,0.15538536,-0.115491599,0.149145469,0.025090039,0.129057273,0.128583252,0.112457469,0.208942354,0.095974669,-0.15199703,0.083184138,0.021836281,0.066735461,0.151763439,0.053330153,0.247802317,0.034057304,-0.154787958,0.019559681,0.010226667,0.006600931,0.138076723,-0.004268959,0.229104996,-0.02382116,-0.135321766,-0.028386697,-0.007001758,-0.031568691,0.089595437,-0.036663845,0.158065677,Pitch_Forward
0,0,0.055551708,0.023777604,0.103139848,0.014074445,0.134323061,-0.011193007,0.163252175,-0.037007958,0.119360626,-0.118107498,0.123594761,-0.031156242,0.117420256,0.046275914,0.111924529,0.102719605,0.074140519,-0.139270484,0.074750453,-0.023102731,0.071607322,0.069223464,0.068694115,0.130312741,0.028171822,-0.131333977,0.028422967,-0.013142437,0.031315804,0.065482676,0.032588005,0.111673415,-0.014244139,-0.106518924,-0.011824071,-0.01675275,-0.005613446,0.045295119,0.000850856,0.081945837,Pitch_Forward
0,0,0.058384299,0.032177538,0.101526022,0.049551278,0.129409075,0.076524347,0.14705199,0.108026475,0.13346222,-0.105139315,0.135736555,-0.003639072,0.128940135,0.079544753,0.125194788,0.141379267,0.088884294,-0.128394723,0.088519782,0.001132101,0.083507597,0.101505846,0.080383748,0.172373444,0.041033879,-0.124928743,0.040008962,-0.001414418,0.041331768,0.093521327,0.043722197,0.158920974,-0.003730565,-0.102742493,5.01E-05,-0.013310552,0.007282674,0.057170361,0.015875012,0.108785182,Pitch_Forward
0,0,0.057611361,0.03342393,0.100829646,0.050124496,0.129194126,0.07392022,0.146033451,0.103931636,0.134103373,-0.106923074,0.134919122,-0.004657716,0.125772223,0.081672639,0.119960651,0.145551115,0.089474633,-0.131621063,0.089031979,-0.004492849,0.082961753,0.094710201,0.078297779,0.166051179,0.041854039,-0.12849316,0.040595442,-0.00568217,0.041096523,0.08879301,0.042547718,0.15454635,-0.00288637,-0.106572509,0.001386717,-0.014902472,0.008123159,0.055987388,0.015974209,0.108134001,Pitch_Forward
0,0,0.059781998,0.022275895,0.10356003,0.038268834,0.125656188,0.074324936,0.133138686,0.119474441,0.133560807,-0.091600746,0.129916698,0.027624995,0.121192396,0.11119476,0.118323177,0.174339026,0.089197099,-0.113565266,0.086880594,0.032316059,0.08029905,0.1346232,0.078735322,0.206939071,0.042806894,-0.110602319,0.041295469,0.028950661,0.03945902,0.127800494,0.041721642,0.194392115,1.88E-05,-0.089968175,0.003310829,0.01508382,0.006612241,0.089160174,0.013257533,0.140561014,Pitch_Forward
0,0,0.059528887,0.032530546,0.109041572,0.023208976,0.147604913,0.012381613,0.187647551,0.026563644,0.121830463,-0.134528667,0.125356197,-0.06125468,0.118180007,0.013010621,0.111386627,0.067614257,0.076739222,-0.156317681,0.079685956,-0.064866006,0.073368698,0.024152517,0.066194206,0.091587782,0.031275272,-0.149660528,0.029670313,-0.057902217,0.031038761,0.026502073,0.031898052,0.089810133,-0.010114104,-0.124579102,-0.007433742,-0.05676043,-0.002440587,0.005656242,0.002567351,0.05128324,Pitch_Forward
0,0,0.054118872,0.031305194,0.097018093,0.042303205,0.125844151,0.053827763,0.140767336,0.068565309,0.120635986,-0.11730507,0.120664269,-0.042398632,0.109553993,0.036705315,0.101503909,0.097163081,0.076061815,-0.139004737,0.072408855,-0.040341109,0.064454734,0.049622536,0.058184534,0.116949677,0.029054433,-0.133367598,0.023414716,-0.035951883,0.022331059,0.049408913,0.022115231,0.111930788,-0.014101341,-0.109501958,-0.015214264,-0.033161163,-0.01048477,0.030259192,-0.004875809,0.076667607,Pitch_Forward
0,0,0.062022582,0.037835389,0.104872674,0.105066091,0.111398846,0.186682135,0.110146135,0.247928768,0.123283803,0.039071709,0.115363747,0.185879976,0.10812977,0.278354496,0.10194239,0.354151994,0.075297326,0.01556477,0.069479764,0.202918679,0.062766284,0.305312663,0.058178499,0.381605536,0.025917828,0.016902179,0.024432033,0.199641496,0.023215279,0.29972133,0.021019965,0.367854506,-0.016950518,0.03489846,-0.012769878,0.165178508,-0.006493598,0.24876669,-0.004071072,0.312824279,Pitch_Forward
0,0,0.060340866,0.021151781,0.114667356,0.027095497,0.149593741,0.023274541,0.179263622,0.023615718,0.133777291,-0.097317606,0.133176506,0.039914846,0.125527501,0.128942847,0.121442109,0.193616688,0.082195595,-0.119731754,0.081761062,0.047258615,0.077956751,0.154007316,0.075294435,0.227384806,0.031799585,-0.112669975,0.034772038,0.039051294,0.036124498,0.140337825,0.037400752,0.207180262,-0.014407694,-0.087697923,-0.005204976,0.025409997,0.002667874,0.10876441,0.009890735,0.166029215,Pitch_Forward
0,0,0.071861967,0.028912842,0.123158336,0.096567243,0.144405544,0.17044872,0.149194568,0.233646989,0.126969814,0.073627055,0.122858822,0.237985909,0.11561048,0.341382086,0.108339071,0.422096491,0.07492806,0.0560579,0.072135478,0.262337327,0.067086548,0.390497267,0.062521875,0.481352985,0.022361055,0.061417401,0.025408715,0.257183194,0.026543528,0.37527585,0.025831431,0.452660799,-0.022484779,0.080823481,-0.013426393,0.232107639,-0.003987089,0.326360703,0.000816941,0.396341681,Pitch_Forward
0,0,0.072618604,0.021493584,0.124146342,0.078940809,0.151234597,0.129010797,0.155607015,0.170173585,0.122905463,0.036542118,0.116397977,0.182403862,0.108561933,0.265180171,0.102187812,0.325929344,0.072602108,0.025090814,0.06441462,0.196323097,0.060623646,0.29707557,0.057564735,0.3694278,0.023314655,0.029750228,0.021899641,0.18698138,0.022868186,0.282931805,0.02062133,0.352212012,-0.019618601,0.046364456,-0.018826723,0.162619233,-0.014527887,0.241186798,-0.014806896,0.303126693,Pitch_Forward
0,0,0.052805424,0.018993437,0.102045283,0.011487186,0.132930472,-0.003467679,0.132323936,-0.024856091,0.102677599,-0.132944465,0.100343749,-0.057839513,0.089043751,0.017268956,0.076030686,0.073476613,0.052813709,-0.153645068,0.041344419,-0.05704546,0.030335724,0.022629261,0.019428253,0.079828203,0.003330633,-0.144456863,-0.008515909,-0.040972203,-0.013661042,0.029413342,-0.017476484,0.075015843,-0.039186433,-0.119472325,-0.047133327,-0.041094929,-0.050283432,0.014181554,-0.052011602,0.045592427,Pitch_Forward
0,0,0.074798822,0.034102231,0.126184106,0.093675822,0.149718225,0.146358967,0.156060517,0.184555352,0.123713255,0.041981816,0.116938263,0.192372859,0.111462384,0.281332493,0.107025117,0.350193322,0.072638661,0.024237812,0.066663027,0.200190544,0.062547147,0.307099402,0.058724821,0.385812342,0.022605419,0.025006294,0.021764338,0.19020915,0.022946462,0.29017365,0.021804601,0.361103714,-0.019851625,0.038543344,-0.018449008,0.156793177,-0.011799023,0.236216605,-0.009447739,0.298769355,Pitch_Forward
0,0,0.065922201,0.037886113,0.113913029,0.112907588,0.128510445,0.199422896,0.130000949,0.267998874,0.120564967,0.078496993,0.114021331,0.238254607,0.105008721,0.339292645,0.097256839,0.41979754,0.069734097,0.060278296,0.064957276,0.256337523,0.05626899,0.379108667,0.047611773,0.467135072,0.017824322,0.062243283,0.01643458,0.250115633,0.014765233,0.366089284,0.011860102,0.444930315,-0.026897609,0.07789135,-0.022981375,0.218746543,-0.017910779,0.309846818,-0.01691106,0.37949419,Pitch_Forward
0,0,0.050413698,0.022474229,0.096860483,0.020133674,0.130284145,0.01247555,0.157631412,0.010466099,0.123854533,-0.097800225,0.122855738,0.001133621,0.11418651,0.073949635,0.108112887,0.12635839,0.082297698,-0.121033788,0.080688104,0.00964427,0.074718818,0.102898657,0.069809303,0.167739689,0.038823798,-0.12093848,0.038975909,0.003226936,0.037349105,0.09145546,0.036202148,0.15007621,-0.002814934,-0.104227275,0.003370523,-0.008382678,0.00738813,0.061009407,0.010963634,0.107425928,Pitch_Forward
0,0,0.045430809,0.020514011,0.090437919,0.029845297,0.118204296,0.035654426,0.140647024,0.04238832,0.125013918,-0.088379443,0.117007643,0.026407838,0.101660103,0.111317933,0.093705744,0.174387753,0.079291254,-0.118213177,0.06805101,0.040652514,0.055516094,0.144147277,0.049671859,0.211847603,0.032755658,-0.11971885,0.029791906,0.02695787,0.023574069,0.129913867,0.021337181,0.197303414,-0.010239601,-0.10069868,-0.002431989,0.012490869,0.000359744,0.096523225,0.004060984,0.153600812,Pitch_Forward
0,0,0.064108521,0.0346241,0.109576792,0.101364374,0.123918176,0.165487707,0.125446647,0.201007843,0.120622784,0.056100965,0.112691253,0.204189479,0.104511261,0.296979725,0.095230669,0.371835113,0.074933916,0.034856558,0.068474263,0.217730701,0.061969578,0.326819956,0.057051286,0.406467259,0.028696001,0.036466986,0.029409781,0.215242326,0.026908204,0.315977633,0.022328347,0.384631455,-0.010696262,0.053593099,-0.00241068,0.188436329,0.002668917,0.271518528,0.003214359,0.334825933,Pitch_Forward
0,0,0.05219394,0.018837422,0.088889688,0.032979876,0.105298519,0.056332141,0.105490535,0.08767584,0.104793787,-0.080795258,0.101718247,0.015221864,0.093844414,0.089655131,0.089161396,0.142875522,0.059671253,-0.097296655,0.057964265,0.026205093,0.056085199,0.116984457,0.055533171,0.180420846,0.014450908,-0.089368343,0.013981819,0.032568842,0.018818319,0.118258148,0.02335313,0.174263746,-0.025656462,-0.065392464,-0.022176087,0.027885705,-0.014518172,0.092879385,-0.005846083,0.13624379,Pitch_Forward
0,0,0.051833823,0.021155,0.093172267,0.03101337,0.118950054,0.038522899,0.127481803,0.045950472,0.104770735,-0.086849451,0.103843257,0.007396758,0.097132698,0.085858643,0.09385775,0.145130336,0.060282335,-0.102754593,0.059831366,0.026374102,0.058260247,0.119539499,0.058710948,0.186926365,0.016453788,-0.095031291,0.016482174,0.029995799,0.01975058,0.117552578,0.024177119,0.177879095,-0.022590086,-0.072998464,-0.01988855,0.018952668,-0.014059961,0.084887743,-0.006711349,0.13122195,Pitch_Forward
0,0,0.053863302,0.013087749,0.100775108,0.035114288,0.13003929,0.057156324,0.149619296,0.073130727,0.120562956,-0.055850714,0.12180759,0.072052419,0.119097725,0.157099724,0.11978586,0.221306324,0.076806501,-0.076229036,0.079319343,0.086508989,0.078860179,0.189586043,0.081220374,0.26309514,0.033532873,-0.072006643,0.038643703,0.085246623,0.043646023,0.18271178,0.048128024,0.251900673,-0.005082235,-0.051902533,0.002907395,0.073381066,0.010091648,0.14994067,0.017307296,0.205763459,Pitch_Forward
0,0,0.056386381,0.015442401,0.103582978,0.027692646,0.132254273,0.04088977,0.151932955,0.059583575,0.12634328,-0.081216842,0.129507214,0.032014877,0.123286843,0.115705818,0.12173748,0.177847773,0.083056927,-0.098854512,0.084194243,0.054976076,0.084874481,0.158190459,0.089847386,0.229353517,0.038840935,-0.091514856,0.042841136,0.059020847,0.04719919,0.158161253,0.052816659,0.224648744,-0.001598418,-0.067468733,0.007012516,0.046173722,0.013399333,0.121432334,0.019991577,0.172354072,Pitch_Forward
0,0,0.0625958,0.022272706,0.116368264,0.009968579,0.155593753,-0.00623852,0.199513942,-0.021387726,0.129628778,-0.112126678,0.137360454,-0.003709793,0.137968302,0.080488145,0.139291406,0.139957428,0.084955275,-0.125127763,0.093424469,0.021269977,0.098388672,0.125603735,0.101273388,0.195737481,0.042073682,-0.11089316,0.052240774,0.029157519,0.06118001,0.128271461,0.067088068,0.194086194,0.002783418,-0.080672383,0.016582876,0.022023797,0.027883083,0.096027613,0.037495643,0.144904137,Pitch_Forward
0,0,0.059995264,0.012760609,0.115875691,0.016555905,0.155979514,0.009855688,0.194173098,-0.005510151,0.130921334,-0.064568967,0.134539992,0.06844753,0.133756191,0.155254602,0.135288745,0.222215831,0.08799538,-0.082010925,0.09259066,0.084303796,0.095757395,0.186757445,0.098627061,0.259321332,0.043601707,-0.074192911,0.051722482,0.084760368,0.059982166,0.182434797,0.065583646,0.25175184,0.003092691,-0.049628645,0.014359474,0.069844842,0.023798794,0.143962801,0.031669602,0.198019624,Pitch_Forward
0,0,0.050704747,0.0098176,0.101441681,-0.004217565,0.136382103,-0.026389837,0.164389461,-0.0503214,0.120743275,-0.113973737,0.123020113,0.010025799,0.114851236,0.094804883,0.109512776,0.158142567,0.076582342,-0.132340819,0.07691142,0.019012809,0.071873352,0.120030522,0.068506151,0.191569448,0.031161606,-0.124563068,0.034827724,0.012481511,0.035027981,0.108822703,0.035317793,0.1750772,-0.011222601,-0.097842485,-0.001770735,-6.50E-05,0.004450813,0.073514104,0.008415118,0.125128627,Pitch_Forward
0,0,0.05801484,0.010057926,0.109977484,0.015575111,0.141583502,0.012441516,0.161820412,0.007109284,0.128994942,-0.069077283,0.117381245,0.076064289,0.106702954,0.163408101,0.103537649,0.229627311,0.083577484,-0.096175075,0.073952466,0.079916537,0.068865329,0.182772398,0.068174183,0.256583154,0.037841558,-0.09615308,0.035483196,0.070240676,0.035735637,0.171763241,0.037372813,0.243570805,-0.003923416,-0.077117503,0.001271814,0.046070099,0.005319372,0.126703084,0.010017157,0.183466017,Pitch_Forward
0,0,0.051480994,0.005404413,0.093809247,-0.032406926,0.118090779,-0.088689983,0.126023859,-0.156014085,0.077533349,-0.122738004,0.092233151,-0.18466568,0.096887261,-0.232655644,0.101655513,-0.278184801,0.043495968,-0.143417418,0.055829912,-0.216615081,0.06164816,-0.271852165,0.068196967,-0.323469132,0.007617921,-0.142560542,0.014499724,-0.211001158,0.01911746,-0.262324393,0.025341243,-0.310404539,-0.028177544,-0.124913812,-0.024698317,-0.178144693,-0.021780208,-0.219739318,-0.017893195,-0.260351539,Pitch_Backward
0,0,0.051066294,0.00014776,0.095217407,-0.03232789,0.12609607,-0.067575097,0.142310649,-0.111593843,0.083810151,-0.112680972,0.10215795,-0.167057216,0.106152534,-0.196349651,0.104188561,-0.212068737,0.045932829,-0.130135775,0.054555222,-0.194526523,0.056801796,-0.223579466,0.05639255,-0.239224225,0.005034134,-0.121386588,0.003536373,-0.163226306,0.005200803,-0.195144147,0.006300271,-0.217776358,-0.035980836,-0.094370961,-0.045355372,-0.133894503,-0.046145976,-0.15673852,-0.047755711,-0.17535606,Pitch_Backward
0,0,0.059179813,0.013615847,0.101233736,-0.018969834,0.125633672,-0.061499894,0.131048128,-0.127659142,0.084349707,-0.127270699,0.099668518,-0.195123792,0.102550283,-0.250853956,0.105844155,-0.304015994,0.043911129,-0.14425993,0.054772601,-0.225110948,0.056653291,-0.287507057,0.062358424,-0.354574502,0.002723455,-0.140157819,0.004652992,-0.205583394,0.0053965,-0.263686955,0.007413015,-0.318704963,-0.038430497,-0.118508339,-0.040376097,-0.169206917,-0.040357128,-0.211086333,-0.041656688,-0.257703781,Pitch_Backward
0,0,0.051105171,0.020028055,0.091120005,0.004928172,0.119439512,-0.019237995,0.140261173,-0.062575817,0.08511126,-0.080930769,0.10397464,-0.129120111,0.108338475,-0.161103129,0.107199043,-0.183428407,0.049107671,-0.10392791,0.060608178,-0.160422444,0.063218325,-0.192269683,0.063176244,-0.217470646,0.009292364,-0.102137029,0.011819959,-0.137745738,0.013392538,-0.172551751,0.011830449,-0.201705813,-0.031409085,-0.080461025,-0.035969436,-0.104456961,-0.037507489,-0.128617048,-0.042199165,-0.154197097,Pitch_Backward
0,0,0.066987783,0.017628551,0.109971583,-0.015745282,0.133063763,-0.062349319,0.137188256,-0.129776537,0.093104631,-0.129910588,0.115108043,-0.205560952,0.118791312,-0.278344393,0.119353771,-0.343798339,0.051973298,-0.141763747,0.067666948,-0.241885573,0.071179062,-0.325778782,0.076451153,-0.406297863,0.010843724,-0.134466112,0.019324288,-0.217064083,0.021583676,-0.295090973,0.023560703,-0.361500561,-0.029588789,-0.11396718,-0.025589615,-0.166897357,-0.023553401,-0.217422366,-0.023893654,-0.268940806,Pitch_Backward
0,0,0.041680098,0.016669929,0.074774265,-0.000257909,0.095952898,-0.031198204,0.102988273,-0.076767623,0.071460485,-0.084651113,0.089261651,-0.137998044,0.095667779,-0.182143331,0.10277465,-0.223895967,0.044707596,-0.102070868,0.058261544,-0.163835645,0.066242754,-0.212631226,0.075792193,-0.259837866,0.015366614,-0.102754593,0.022941679,-0.15906918,0.029815823,-0.202461481,0.037242383,-0.243079126,-0.014554799,-0.092928648,-0.009554863,-0.133742213,-0.005671561,-0.166671634,-0.001851022,-0.202573538,Pitch_Backward
0,0,0.044111371,-5.53E-05,0.081277192,-0.041540504,0.101679653,-0.096012771,0.113969445,-0.154108942,0.064785182,-0.123834729,0.076811314,-0.189836144,0.079907954,-0.237448573,0.082919359,-0.283322573,0.035209477,-0.138163269,0.04559803,-0.214370131,0.050445259,-0.267753005,0.05506596,-0.318565428,0.004538506,-0.133817077,0.009180844,-0.204935789,0.013437808,-0.255016923,0.01811114,-0.301699042,-0.026096582,-0.116460562,-0.022600636,-0.171571314,-0.01958172,-0.211648762,-0.016487747,-0.250870824,Pitch_Backward
0,0,0.045276612,0.003559113,0.085753709,-0.031412125,0.106560767,-0.082021117,0.115499765,-0.142876267,0.06955269,-0.126164317,0.08251375,-0.201179206,0.086016059,-0.255349576,0.089197099,-0.307146549,0.039298356,-0.14323777,0.05094105,-0.232749999,0.056939572,-0.295590222,0.063034624,-0.356199384,0.008512706,-0.141558766,0.014460564,-0.221417606,0.020089954,-0.277469993,0.025821745,-0.328175873,-0.022051275,-0.126532316,-0.018373325,-0.188849032,-0.013987392,-0.231239438,-0.009219676,-0.270786166,Pitch_Backward
0,0,0.04091844,-2.80E-05,0.078168541,-0.026439846,0.097829193,-0.063285887,0.100190759,-0.110567093,0.062607825,-0.098958611,0.072678626,-0.157353461,0.073518962,-0.195839107,0.07376647,-0.234147727,0.035713702,-0.107069135,0.042405784,-0.175297201,0.043637574,-0.220450759,0.044820845,-0.265545785,0.008523971,-0.099785984,0.009073108,-0.160742283,0.009132802,-0.200558245,0.010304332,-0.242020547,-0.018062472,-0.08159107,-0.020253628,-0.126016796,-0.021403253,-0.157028675,-0.021724671,-0.190304697,Pitch_Backward
0,0,0.045588672,-0.001748621,0.085871339,-0.042178869,0.106088638,-0.092681587,0.112721801,-0.147398531,0.075150341,-0.136151314,0.0876064,-0.218527734,0.089897513,-0.27445519,0.091397643,-0.327575982,0.046906233,-0.147356212,0.057124197,-0.243321896,0.061624169,-0.305920184,0.065954655,-0.365216643,0.018655241,-0.139164388,0.02419436,-0.22407937,0.028656811,-0.280870855,0.032816738,-0.334126353,-0.009182364,-0.11756742,-0.006932825,-0.179867744,-0.004636288,-0.222828329,-0.002532899,-0.266097724,Pitch_Backward
0,0,0.044416249,0.008158684,0.079999179,-0.018751681,0.100844532,-0.060512483,0.104547799,-0.110098064,0.065582603,-0.09247613,0.080213547,-0.142098427,0.084384173,-0.180724263,0.088624775,-0.216492832,0.039907813,-0.105065167,0.050348014,-0.160329938,0.055421829,-0.201964915,0.060832918,-0.241337121,0.012515992,-0.100741327,0.017805845,-0.150109649,0.022274762,-0.189220488,0.027007222,-0.228417635,-0.015025854,-0.086094081,-0.014024287,-0.125455439,-0.013017893,-0.158364475,-0.011752874,-0.193977475,Pitch_Backward
0,0,0.037877321,0.008516669,0.072403908,-0.017925858,0.082270205,-0.0614115,0.066049963,-0.096781909,0.071223974,-0.116675138,0.080824673,-0.180758178,0.081941128,-0.227962792,0.083279818,-0.273896575,0.044435352,-0.126526237,0.052195221,-0.203094602,0.053753823,-0.256385326,0.055598676,-0.307743669,0.01745376,-0.117124081,0.02031976,-0.185228229,0.021102518,-0.231222272,0.021681279,-0.276194692,-0.009804189,-0.096107423,-0.010242432,-0.144217968,-0.010659218,-0.176328838,-0.011081666,-0.210976303,Pitch_Backward
0,0,0.041280389,0.003924608,0.078964293,-0.024190545,0.092221379,-0.067497969,0.085398108,-0.117635608,0.079400539,-0.127272248,0.091520607,-0.203652143,0.093607843,-0.254542887,0.095654368,-0.303740352,0.053011626,-0.138611317,0.06288594,-0.227290571,0.066289574,-0.285417378,0.069819629,-0.340787768,0.025794566,-0.131299078,0.030370921,-0.211317599,0.032866329,-0.261530042,0.035520613,-0.309537053,-0.001658559,-0.111183584,-0.000505596,-0.168424487,0.00082761,-0.205314159,0.002426118,-0.243497729,Pitch_Backward
0,0,0.044719875,0.010484993,0.078139126,-0.020320535,0.098082483,-0.062200725,0.10878849,-0.113423944,0.065490931,-0.082558334,0.079522878,-0.124728382,0.085067987,-0.160169661,0.089641601,-0.19023627,0.04020068,-0.095866144,0.050349355,-0.143517911,0.055835456,-0.181250572,0.061778843,-0.215137959,0.01314351,-0.093147635,0.017752051,-0.132018507,0.022394598,-0.167741299,0.026928902,-0.200995207,-0.014418304,-0.077746749,-0.012584478,-0.107568204,-0.010891438,-0.136248469,-0.00973773,-0.167541027,Pitch_Backward
0,0,0.043754637,0.002720058,0.082149357,-0.036263525,0.102778792,-0.088100016,0.107610375,-0.143058062,0.066129744,-0.109270155,0.080469221,-0.172277749,0.085947245,-0.21715802,0.091442108,-0.259818852,0.03983143,-0.123280764,0.053121984,-0.196474254,0.060334176,-0.247531593,0.066970915,-0.295032918,0.012184769,-0.118408322,0.019880086,-0.182659447,0.026447594,-0.227669477,0.033144295,-0.270568728,-0.015494168,-0.100586653,-0.011470884,-0.14773643,-0.008761287,-0.183249295,-0.005885869,-0.219175398,Pitch_Backward
0,0,0.046306401,-0.005680501,0.087925106,-0.053866506,0.109513789,-0.110767663,0.114984363,-0.170053482,0.074890435,-0.141519248,0.089931339,-0.218626857,0.094316334,-0.271322191,0.097728521,-0.322168291,0.047715425,-0.155954182,0.060526937,-0.242623329,0.067381173,-0.301219761,0.073502839,-0.355974495,0.019824117,-0.151129425,0.026592225,-0.229073286,0.03328383,-0.281475365,0.040047795,-0.331579924,-0.008820266,-0.132573664,-0.004354566,-0.19281739,-0.00057444,-0.234299958,0.003330737,-0.275684357,Pitch_Backward
0,0,0.048931718,-0.011093736,0.089758426,-0.063735843,0.110491544,-0.123624861,0.116535336,-0.186094701,0.079164088,-0.162396371,0.093577504,-0.244743049,0.097662687,-0.299680352,0.100859523,-0.352569461,0.052535981,-0.175109208,0.065027744,-0.266446888,0.07235235,-0.329521358,0.07846871,-0.389328808,0.024342597,-0.16747129,0.03055954,-0.250799537,0.038582861,-0.30819416,0.046124011,-0.363431782,-0.005078137,-0.146064639,-0.000546426,-0.210376024,0.00420326,-0.255910754,0.008555263,-0.30172646,Pitch_Backward
0,0,0.037819296,0.007459342,0.072643906,-0.018775344,0.078444391,-0.067236662,0.062227279,-0.110807419,0.068442702,-0.119352639,0.078687549,-0.175447285,0.079245448,-0.217326581,0.080396652,-0.259303629,0.041730106,-0.131370604,0.050552338,-0.195577502,0.0515984,-0.242025077,0.052769125,-0.286875188,0.013885945,-0.12404269,0.018157393,-0.181710005,0.019319177,-0.221084833,0.020293415,-0.260374546,-0.015792251,-0.105893075,-0.01253736,-0.148961306,-0.011504054,-0.178942919,-0.011510968,-0.211470544,Pitch_Backward
0,0,0.030913413,0.010043859,0.061297953,-0.005105793,0.062286019,-0.048265576,0.046505004,-0.088245571,0.06263566,-0.100155115,0.072987109,-0.139596641,0.072164655,-0.170104444,0.070736557,-0.198361993,0.034867525,-0.119319856,0.041385651,-0.163529694,0.041662157,-0.192433655,0.043492943,-0.215493798,0.006568611,-0.116927266,0.008638084,-0.158191264,0.009686351,-0.183583796,0.012057006,-0.204528272,-0.022052765,-0.099207461,-0.022007316,-0.139734626,-0.0218606,-0.160889447,-0.020604253,-0.17865926,Pitch_Backward
0,0,0.034230828,0.007426083,0.067205966,-0.00346595,0.074191242,-0.030089557,0.055630177,-0.05521065,0.069965392,-0.123569965,0.075294852,-0.108090103,0.071246833,-0.083752871,0.061288476,-0.069005072,0.038696557,-0.14081049,0.0380404,-0.12540853,0.03639558,-0.103679895,0.032079309,-0.096824825,0.006558567,-0.130849719,0.005747169,-0.112068355,0.008085549,-0.094529033,0.009169161,-0.095004678,-0.023545653,-0.103442371,-0.026783645,-0.09716934,-0.022490829,-0.088523924,-0.017138064,-0.093217731,Pitch_Backward
0,0,0.030674994,0.012211144,0.062592179,-0.006881833,0.069479823,-0.047655642,0.057236284,-0.08268857,0.064700127,-0.092586815,0.073403567,-0.138061225,0.073256522,-0.16811204,0.069084227,-0.18094027,0.036346287,-0.114375174,0.042557269,-0.166489184,0.042818606,-0.192987859,0.041428685,-0.195552945,0.007110864,-0.111242592,0.009393662,-0.153639257,0.010700285,-0.178184927,0.011787206,-0.185782909,-0.021516502,-0.092156112,-0.023313195,-0.126353025,-0.023823947,-0.146253705,-0.024578959,-0.156612515,Pitch_Backward
0,0,0.042782217,0.013666093,0.076407462,-0.011658907,0.082689166,-0.056189895,0.066554219,-0.099572182,0.070055038,-0.108564317,0.081795692,-0.159403682,0.084305376,-0.199582279,0.086322904,-0.238579154,0.042801559,-0.11808908,0.053343356,-0.181329668,0.056210399,-0.22409004,0.059256434,-0.266210645,0.014936417,-0.110212088,0.020281941,-0.167550325,0.023377925,-0.205620766,0.025080502,-0.241866708,-0.013818443,-0.091464579,-0.010131657,-0.130089641,-0.008620948,-0.159971595,-0.008438528,-0.192312598,Pitch_Backward
0,0,0.0406169,0.008407295,0.067343503,-0.020013154,0.079553962,-0.058696568,0.093066037,-0.109750569,0.065976828,-0.110626817,0.076415718,-0.165103793,0.079235375,-0.206540287,0.082487911,-0.245075941,0.040034413,-0.120720387,0.047484159,-0.183490217,0.051357895,-0.227053344,0.055939108,-0.270732731,0.012622118,-0.113359272,0.015656769,-0.168082118,0.019346356,-0.207204103,0.022234559,-0.24423635,-0.015350163,-0.093353748,-0.014231652,-0.134363174,-0.012711883,-0.16523236,-0.012128323,-0.196341693,Pitch_Backward
0,0,0.04216665,0.002261162,0.076081961,-0.030743897,0.091197729,-0.079213619,0.108337194,-0.12707448,0.070872039,-0.120039046,0.083857358,-0.184398115,0.086963922,-0.23069793,0.089617014,-0.275172174,0.045610338,-0.13057524,0.055908859,-0.202672184,0.06022051,-0.252696216,0.06400159,-0.301412165,0.019268781,-0.12349689,0.023918688,-0.187676787,0.028472513,-0.230465889,0.032862276,-0.272735953,-0.007500499,-0.10421747,-0.006215006,-0.153078258,-0.004569501,-0.186128676,-0.002897382,-0.220463574,Pitch_Backward
0,0,0.043332458,0.005506694,0.075447828,-0.031917453,0.093183219,-0.078393281,0.116925091,-0.126740098,0.068330467,-0.11894381,0.079274148,-0.180013597,0.081980854,-0.226631522,0.084761858,-0.271209449,0.042679846,-0.12883848,0.050980568,-0.200830162,0.053986251,-0.249543309,0.057947516,-0.300728559,0.015136272,-0.120516479,0.018222868,-0.183204293,0.021464795,-0.227151513,0.024335831,-0.270765066,-0.012854367,-0.099048615,-0.012680799,-0.145055771,-0.011292279,-0.178821087,-0.010617197,-0.214390218,Pitch_Backward
0,0,0.048082322,-0.0178563,0.075750053,-0.067570925,0.086586952,-0.115387917,0.095861882,-0.170082211,0.057586521,-0.122938097,0.064206481,-0.17727375,0.063663691,-0.214633763,0.059723705,-0.23772186,0.033270091,-0.111187935,0.035744905,-0.176155984,0.034901857,-0.209471822,0.033544987,-0.231869042,0.010575563,-0.086630881,0.013127178,-0.130816042,0.014825046,-0.160959363,0.013056725,-0.18362999,-0.010060459,-0.052165568,-0.006575674,-0.07809031,-0.006018043,-0.101261795,-0.010043353,-0.125180066,Roll_Left
0,0,0.042055875,-0.009236634,0.069778681,-0.055399477,0.081064969,-0.103466034,0.088742316,-0.147751629,0.069411099,-0.099133849,0.08743152,-0.14537853,0.089319974,-0.179619372,0.085755169,-0.205406904,0.041003704,-0.108035803,0.054298013,-0.165553212,0.05541116,-0.201959014,0.051273286,-0.223861396,0.012226075,-0.097566426,0.021025211,-0.131862938,0.022055089,-0.139754891,0.019476295,-0.141124666,-0.014321655,-0.073264599,-0.010833144,-0.076681852,-0.009343863,-0.07378161,-0.009455621,-0.070925474,Roll_Left
0,0,0.051458269,-0.015857816,0.082932174,-0.074565291,0.105197996,-0.11777693,0.124876201,-0.167930782,0.071767807,-0.071145833,0.084164083,-0.119580269,0.083165258,-0.151978433,0.074288756,-0.1796363,0.046117783,-0.055666924,0.054053366,-0.099131525,0.053616405,-0.135451257,0.046824813,-0.161034882,0.022241175,-0.035401642,0.025829196,-0.063565552,0.025519043,-0.086186707,0.018832833,-0.098083436,0.001669914,-0.012209594,-0.000380754,-0.024390161,-0.004887879,-0.026249766,-0.010937303,-0.028852046,Roll_Left
0,0,0.054771811,-0.011752903,0.093426108,-0.072495401,0.120968372,-0.125159681,0.155027032,-0.174851835,0.072494596,-0.127794504,0.085989088,-0.18804723,0.088656932,-0.239562094,0.089833826,-0.283420593,0.043365061,-0.12399739,0.053457707,-0.191059649,0.05535832,-0.242927521,0.057423174,-0.291417331,0.013574511,-0.104521632,0.019160956,-0.156727135,0.023617238,-0.198648989,0.025515288,-0.237344265,-0.01671508,-0.073982,-0.013184845,-0.102767527,-0.0093126,-0.129479468,-0.00855878,-0.163046479,Roll_Left
0,0,0.063960373,0.003639698,0.102065563,-0.045178831,0.118933469,-0.100847542,0.130371451,-0.163553357,0.084683627,-0.117352068,0.104279757,-0.175169945,0.110826969,-0.223492533,0.111731708,-0.263677776,0.053497702,-0.110565603,0.072089106,-0.179812729,0.078968674,-0.232540041,0.082768321,-0.279864192,0.023917168,-0.09138155,0.037638098,-0.142985642,0.047063649,-0.183560193,0.050572872,-0.216089845,-0.004602015,-0.064769924,0.005670458,-0.089847863,0.013576925,-0.118005097,0.018237412,-0.147143841,Roll_Left
0,0,0.05970186,-0.03434813,0.098555356,-0.0921911,0.108923465,-0.146042049,0.107909948,-0.200680137,0.072306722,-0.120312631,0.105168968,-0.166440427,0.116859674,-0.204427421,0.116356045,-0.230497092,0.049748391,-0.095195174,0.070921689,-0.13743335,0.08539629,-0.171105325,0.093762189,-0.198874354,0.031825662,-0.055196702,0.052141577,-0.072153807,0.069226325,-0.089774489,0.080384195,-0.110150754,0.021435738,-0.002496779,0.042456567,-0.00036335,0.05723989,-0.009637415,0.069020987,-0.02737236,Roll_Left
0,0,0.06310159,-0.049387038,0.092315376,-0.112944663,0.101038456,-0.163753629,0.102042764,-0.218144357,0.066064894,-0.139568686,0.097607285,-0.181879401,0.113699257,-0.21942693,0.118205428,-0.24859041,0.046578437,-0.105331123,0.064814866,-0.149654448,0.083214074,-0.188215733,0.096743703,-0.220491707,0.033332422,-0.059128761,0.047739744,-0.083678603,0.067061186,-0.107069969,0.080913216,-0.127566099,0.029848665,-0.004055619,0.044601649,-0.009710968,0.058908194,-0.019553661,0.071762353,-0.037155569,Roll_Left
0,0,0.050946325,-0.073413074,0.080123574,-0.1357373,0.09914875,-0.17629534,0.111265987,-0.23013401,0.083481669,-0.141934395,0.10619241,-0.202195525,0.116511166,-0.258056343,0.114644021,-0.307841659,0.06351921,-0.099513948,0.078731447,-0.1571908,0.087136656,-0.195767164,0.092063963,-0.231749892,0.045040399,-0.049585044,0.053137362,-0.085366488,0.067089647,-0.111415625,0.076621324,-0.137274206,0.032178462,0.006172955,0.041290522,-0.005334675,0.0523794,-0.017839432,0.064271569,-0.038953125,Roll_Left
0,0,0.053495854,-0.023994029,0.083230168,-0.079809129,0.100410968,-0.125683546,0.116415501,-0.175668776,0.074241161,-0.121930659,0.09004274,-0.176705718,0.096966863,-0.222368538,0.097308844,-0.256523907,0.053609967,-0.105757236,0.068355113,-0.1633057,0.075384259,-0.209446758,0.07750231,-0.249492586,0.030715466,-0.077319622,0.039802253,-0.12353909,0.051632255,-0.157322526,0.057366639,-0.183513403,0.006100506,-0.041428924,0.01337105,-0.063071549,0.023364663,-0.083467305,0.030168921,-0.104187071,Roll_Left
0,0,0.057008564,-0.027130604,0.095544636,-0.083927333,0.107021242,-0.136182547,0.112951189,-0.186212063,0.08685562,-0.111096263,0.096686572,-0.172761977,0.09212625,-0.217626989,0.077794641,-0.251316488,0.064983398,-0.091803908,0.077724725,-0.153282583,0.077244192,-0.200779021,0.070773959,-0.240713954,0.045605212,-0.062159956,0.055530459,-0.100500107,0.060603172,-0.133383393,0.057088614,-0.165339768,0.027716041,-0.023272276,0.037647933,-0.033790231,0.043787271,-0.053421497,0.045388788,-0.079646409,Roll_Left
0,0,0.027937025,-0.058510423,0.045974225,-0.110375822,0.053244114,-0.147176743,0.055755496,-0.186835647,0.063059002,-0.106049001,0.075338393,-0.150639176,0.070916712,-0.184496939,0.058838934,-0.208928913,0.042497754,-0.07573843,0.042452127,-0.12551868,0.029430628,-0.166295797,0.014388651,-0.186547369,0.020709693,-0.038627803,0.016370147,-0.073837519,0.007760972,-0.104407072,-0.00148344,-0.113948822,0.000281781,0.000694275,-0.005146921,-0.014357209,-0.007830203,-0.02514571,-0.009904206,-0.027548552,Roll_Left
0,0,0.034616113,-0.055622995,0.048053026,-0.123770773,0.05803442,-0.177216947,0.069464505,-0.23980844,0.01410082,-0.131692708,0.00143075,-0.170147508,-0.015393645,-0.191760838,-0.031310678,-0.213536501,-0.009315044,-0.094169497,-0.025170952,-0.124155104,-0.042355269,-0.145843744,-0.05630742,-0.169106603,-0.024868757,-0.045893013,-0.029358029,-0.054995358,-0.037017196,-0.068450272,-0.043377727,-0.078344166,-0.031850249,0.007901549,-0.034884721,0.005538762,-0.036991775,0.001569748,-0.041968077,-0.000710785,Roll_Left
0,0,0.042273223,-0.041989505,0.065400273,-0.104278266,0.077330083,-0.154976845,0.092307538,-0.211266875,0.037293077,-0.117153347,0.038024396,-0.156451941,0.02835235,-0.181796372,0.017958432,-0.203602493,0.008146375,-0.092348158,-0.000599295,-0.13567549,-0.010270953,-0.162062883,-0.018020332,-0.183832765,-0.014131963,-0.053699076,-0.01897791,-0.077241719,-0.025430441,-0.096272647,-0.030784875,-0.108167112,-0.028906196,-0.005162239,-0.033720106,-0.010746181,-0.03914839,-0.02269578,-0.046387583,-0.032221675,Roll_Left
0,0,0.034270465,-0.048786819,0.047482133,-0.104758382,0.05335623,-0.151140332,0.059473038,-0.207350165,0.016151428,-0.123614192,0.013341397,-0.157675207,0.003556252,-0.176849008,-0.006046236,-0.195303321,-0.00835976,-0.091266215,-0.021087617,-0.12526679,-0.030855477,-0.14254421,-0.037175328,-0.155827999,-0.024030119,-0.046206653,-0.029533297,-0.059937239,-0.034998119,-0.069730699,-0.037821263,-0.074154675,-0.031314462,0.005779803,-0.035227835,0.009704411,-0.039382041,0.005501091,-0.044596285,0.002007782,Roll_Left
0,0,0.049440116,-0.03733927,0.08173427,-0.11325866,0.099100322,-0.168083906,0.111517996,-0.23427695,0.056987852,-0.09451139,0.045797169,-0.14837575,0.032653511,-0.180159062,0.017189264,-0.201937497,0.032559514,-0.058974862,0.019981802,-0.107092023,0.010873079,-0.128689229,0.003015161,-0.141891241,0.013778299,-0.02283603,0.004532814,-0.038170695,4.23E-06,-0.047768354,-0.005924314,-0.056729257,0.001116633,0.014652252,-0.004125088,0.023165762,-0.00851953,0.030757189,-0.011905432,0.02886647,Roll_Left
0,0,0.031229347,-0.075657785,0.060010046,-0.133398056,0.076936692,-0.173172325,0.090267986,-0.228267938,0.071827173,-0.103058696,0.065054059,-0.14603883,0.048449934,-0.170639426,0.032915175,-0.193764389,0.052604735,-0.060416877,0.037239939,-0.102400422,0.021149516,-0.123868465,0.019344807,-0.142244637,0.03207919,-0.019984901,0.016098976,-0.044149101,0.006481588,-0.052022338,0.00993365,-0.054002881,0.014392763,0.02327311,0.002074987,0.014158726,-0.002212644,0.012114167,0.005974054,0.011109829,Roll_Left
0,0,0.030693889,-0.059926152,0.060765028,-0.119650304,0.076348424,-0.167251825,0.083593667,-0.225477159,0.083657801,-0.107732296,0.074373513,-0.16516459,0.052585661,-0.189099193,0.038379937,-0.213360965,0.060536385,-0.06925869,0.040552318,-0.125729799,0.016931742,-0.130990267,0.018792748,-0.139380276,0.038033247,-0.032648623,0.013883054,-0.065288007,-0.004401058,-0.047380447,0.003068238,-0.036440849,0.019755274,0.002543092,0.00284341,-0.012075245,-0.009465858,-0.003365397,-0.000787988,0.00668335,Roll_Left
0,0,0.031814232,-0.07408613,0.064503416,-0.138405502,0.080747381,-0.186112285,0.089938179,-0.247742355,0.076475307,-0.111625731,0.065335497,-0.159286976,0.047622189,-0.173933953,0.032526597,-0.190262705,0.0552959,-0.064133823,0.031552568,-0.10435915,0.014266148,-0.107063174,0.017024145,-0.117269456,0.033592209,-0.020843804,0.012907043,-0.041949689,0.001685604,-0.036156952,0.006651208,-0.039763093,0.01411356,0.02175951,0.001155838,0.020635426,-0.006683886,0.024411738,0.000592873,0.020439208,Roll_Left
0,0,0.03048858,-0.084679067,0.061515361,-0.139946878,0.076846331,-0.182700098,0.085464418,-0.24089098,0.076301247,-0.110934854,0.068223029,-0.15713352,0.046219677,-0.172431469,0.029058754,-0.188588798,0.055878639,-0.0638448,0.038748831,-0.094593763,0.015567482,-0.102364421,0.015508711,-0.115021825,0.035565376,-0.018570721,0.018264741,-0.027466118,8.45E-05,-0.028625906,0.004085422,-0.035547912,0.018490225,0.022637844,0.003011554,0.029080808,-0.009844184,0.032263517,-0.001756668,0.029201806,Roll_Left
0,0,0.022094458,-0.04133153,0.028482348,-0.09501484,0.023238122,-0.131496102,0.014437854,-0.164346099,0.000623673,-0.09399125,-0.012803316,-0.128088176,-0.02323401,-0.145115823,-0.031921983,-0.158814639,-0.017834336,-0.062703133,-0.035661757,-0.096037626,-0.047026008,-0.11425072,-0.053587317,-0.126552373,-0.029092282,-0.024286598,-0.04670772,-0.046671301,-0.056241304,-0.058938414,-0.059562594,-0.065455407,-0.034933507,0.017455816,-0.051606715,0.000937402,-0.060091615,-0.00786981,-0.064097673,-0.01156202,Roll_Left
0,0,0.010919034,-0.04970938,0.006041497,-0.10213998,-0.002779454,-0.136074424,0.0128479,-0.165765882,-0.020730495,-0.089213192,-0.03813687,-0.115572155,-0.051404446,-0.128576845,-0.062610745,-0.139658511,-0.033152133,-0.050207525,-0.054783076,-0.070510268,-0.068306208,-0.082493961,-0.076570928,-0.091656268,-0.037133425,-0.007909089,-0.057323188,-0.018892914,-0.06644541,-0.023008198,-0.068820655,-0.024361581,-0.035202533,0.034215629,-0.053710252,0.030053079,-0.056722909,0.028203666,-0.054551929,0.028985202,Roll_Left
0,0,0.009936988,-0.047350317,0.009456426,-0.091606081,0.00557375,-0.116784453,0.010562986,-0.118048638,-0.025551736,-0.082635075,-0.043095499,-0.101093024,-0.056632698,-0.106794775,-0.065559179,-0.110424131,-0.03639099,-0.040205121,-0.060809255,-0.051189393,-0.070196122,-0.055362701,-0.072660953,-0.061273158,-0.037882507,0.004910737,-0.059382677,0.00669536,-0.064333439,0.003351688,-0.058707416,-0.002380937,-0.031901151,0.049676001,-0.05042243,0.06211412,-0.051281244,0.0593189,-0.04341048,0.052713871,Roll_Left
0,0,0.010280341,-0.051004112,0.00541687,-0.104205549,0.001839846,-0.151904494,0.003708273,-0.203557074,-0.02245906,-0.098742306,-0.037918448,-0.123921007,-0.051923513,-0.134659111,-0.064644307,-0.143685251,-0.034755319,-0.059624732,-0.058201015,-0.07770744,-0.066359907,-0.085190028,-0.069678694,-0.08963564,-0.039471298,-0.015246093,-0.063694626,-0.02237463,-0.065173656,-0.024960577,-0.059874535,-0.025264919,-0.038466007,0.030469894,-0.060299158,0.033798873,-0.056340188,0.030325294,-0.046182901,0.026497304,Roll_Left
0,0,0.010266393,-0.051477969,-0.000905097,-0.102371305,-0.013300061,-0.141593039,0.023375958,-0.192896664,-0.025965601,-0.076567352,-0.040030092,-0.09636429,-0.05341357,-0.105225891,-0.064036429,-0.111852765,-0.037679344,-0.034282625,-0.060403347,-0.048933744,-0.068128854,-0.053635895,-0.069286823,-0.057671398,-0.040476829,0.009751201,-0.064859062,0.00733608,-0.068262279,0.007733166,-0.060518771,0.008818507,-0.035999,0.053218365,-0.05811888,0.061958909,-0.056868732,0.059606373,-0.046815485,0.057472348,Roll_Left
0,0,0.010738134,-0.053406298,0.003175944,-0.097024441,-0.005446285,-0.130518347,0.016346246,-0.176968336,-0.022991419,-0.077036411,-0.036021322,-0.097360462,-0.04842791,-0.103818536,-0.056873858,-0.109487414,-0.033348948,-0.035108298,-0.054142028,-0.047733694,-0.060018003,-0.049054354,-0.060489953,-0.052616537,-0.034733444,0.008107245,-0.052337199,0.009636462,-0.054703385,0.009182394,-0.048325211,0.005970299,-0.028522462,0.051041603,-0.04331705,0.065312386,-0.044019431,0.062225401,-0.037865013,0.055429399,Roll_Left
0,0,0.022611022,0.067288488,0.051802054,0.102788776,0.077295914,0.120982796,0.099942401,0.134963483,0.068737313,0.071919888,0.096293285,0.079403728,0.116946205,0.078359812,0.13289316,0.077212185,0.060094759,0.027665645,0.088085398,0.025385082,0.108898506,0.024453044,0.125757143,0.022529811,0.041254565,-0.017763555,0.06177257,-0.024405986,0.079187408,-0.025173753,0.095190778,-0.027124941,0.017296806,-0.062534213,0.029701814,-0.076514155,0.043843463,-0.083211511,0.059394434,-0.091425687,Roll_Right
0,0,0.019020885,0.041721314,0.045842767,0.070778638,0.069766462,0.083506078,0.091631263,0.086750537,0.059003443,0.052287012,0.082765907,0.061255664,0.099996358,0.062341541,0.110599011,0.063107997,0.054415822,0.021325797,0.08084777,0.026795417,0.097988129,0.028938621,0.108675987,0.03016445,0.040061295,-0.014887005,0.065048784,-0.018538624,0.081809759,-0.022152573,0.095220864,-0.024346054,0.020949602,-0.056256324,0.03668052,-0.068274111,0.051797509,-0.07506302,0.066358477,-0.079754084,Roll_Right
0,0,0.014928281,0.052538395,0.036445737,0.09169817,0.05677411,0.105140567,0.067034602,0.080418169,0.063782752,0.059981227,0.0910348,0.071907341,0.109299928,0.076825976,0.124058694,0.083626866,0.059218615,0.024057835,0.087824434,0.030700505,0.105422556,0.034605443,0.117584556,0.038679183,0.044952452,-0.012907505,0.06994164,-0.011286229,0.086497217,-0.008993238,0.100249857,-0.005637646,0.02516979,-0.048614651,0.043179601,-0.051238447,0.058352917,-0.052840829,0.073699087,-0.055101275,Roll_Right
0,0,0.011519939,0.058200717,0.028518379,0.100450516,0.044907629,0.106651425,0.056816906,0.080256701,0.056025803,0.085151792,0.080024391,0.114746988,0.099894315,0.121536374,0.117290288,0.124950051,0.055171728,0.05041033,0.083110213,0.075631261,0.104055792,0.087143898,0.123633325,0.094312429,0.04490456,0.011393189,0.071798384,0.024344891,0.086035401,0.03118214,0.102438122,0.036604881,0.028600246,-0.027530581,0.043302685,-0.021942675,0.056916177,-0.019097328,0.073824376,-0.017742276,Roll_Right
0,0,0.015675649,0.041953027,0.036706284,0.073218256,0.048659757,0.056827873,0.054065093,0.019208521,0.081898555,0.022999674,0.071090832,0.023058385,0.059617534,0.00824067,0.054644838,-0.010163903,0.072756603,-0.041275501,0.059538499,-0.048169047,0.058909491,-0.057055503,0.064612821,-0.061303765,0.054833815,-0.092020094,0.046800122,-0.107482404,0.048076585,-0.112030059,0.057825759,-0.11170879,0.031273171,-0.130300462,0.031375751,-0.15835309,0.03692086,-0.165973216,0.050402775,-0.166755006,Roll_Right
0,0,0.022320926,0.048478335,0.053560942,0.082762241,0.079651982,0.096031487,0.100332052,0.08898598,0.068543643,0.044085383,0.096081972,0.037596017,0.104995698,0.031655431,0.106514245,0.028985232,0.058311522,0.000941306,0.086240739,-0.0137541,0.097200274,-0.020978481,0.102427304,-0.023028374,0.038441688,-0.039437354,0.058421612,-0.057668626,0.071385056,-0.067249507,0.082666934,-0.068863481,0.013908803,-0.07566756,0.025432125,-0.096818984,0.037309572,-0.112167895,0.050248563,-0.122877717,Roll_Right
0,0,-0.014705464,-0.0612683,-0.01337494,-0.116935253,-0.005821243,-0.148506552,0.006987587,-0.164530843,-0.001169696,-0.130862653,0.002105013,-0.177630246,0.019401833,-0.19710061,0.036653444,-0.208285406,0.016664371,-0.084788799,0.029110566,-0.117551804,0.043505207,-0.136151046,0.051993564,-0.148174495,0.026913896,-0.026107699,0.036556736,-0.028395951,0.049046621,-0.041689962,0.055632964,-0.053380907,0.031977996,0.033784211,0.037715569,0.039374143,0.04040511,0.036784917,0.040439919,0.033049911,Roll_Right
0,0,0.018995374,0.001463503,0.031318933,-0.010468602,0.031863928,-0.022046745,0.030190647,-0.029831886,0.017193735,-0.068110466,0.022436023,-0.088246912,0.026882231,-0.089347005,0.031068563,-0.089939773,0.004309833,-0.087606609,0.011399627,-0.119870335,0.018889487,-0.132323205,0.027370691,-0.138102263,-0.010678202,-0.099559963,-0.005983949,-0.138267726,0.003705233,-0.155001998,0.014105439,-0.165419281,-0.025799513,-0.103448689,-0.022753224,-0.138222098,-0.016595736,-0.15339455,-0.009388506,-0.160980046,Roll_Right
0,0,-0.003216058,0.052119702,0.014373273,0.097153604,0.032461137,0.116489053,0.048650652,0.120256662,0.055682808,0.053452432,0.073610365,0.055826962,0.066086054,0.050059646,0.055998474,0.045464933,0.056912005,-0.00032416,0.081768751,-0.005387962,0.071005106,-0.006547421,0.055843145,-0.000375152,0.04929772,-0.047964454,0.074348658,-0.061931312,0.065201849,-0.061582983,0.050174147,-0.052783996,0.034278542,-0.090670884,0.053116381,-0.119215548,0.05189833,-0.124199927,0.044393927,-0.117186815,Roll_Right
0,0,0.01175414,0.057969749,0.033026248,0.105109274,0.052604795,0.125574291,0.069791377,0.11551398,0.072033495,0.048400253,0.08623594,0.048922271,0.077865243,0.042187512,0.068044245,0.035657287,0.067293823,-0.007344604,0.08789143,-0.015430272,0.079586208,-0.017490387,0.070751518,-0.014283419,0.056022853,-0.054288119,0.075050563,-0.06976819,0.073984385,-0.073658168,0.074564904,-0.070279598,0.038824677,-0.092520893,0.055396914,-0.117657542,0.061874121,-0.124150455,0.069435954,-0.122626901,Roll_Right
0,0,0.01425904,0.053954273,0.034885615,0.098795891,0.054774225,0.116584063,0.069555819,0.094713479,0.068290949,0.042477757,0.087018549,0.04253152,0.084110528,0.035025209,0.074877292,0.02858749,0.063798249,-0.01287958,0.087771088,-0.026811123,0.087149978,-0.030558705,0.079174817,-0.024349034,0.052549183,-0.059728146,0.073428154,-0.082419664,0.08131668,-0.089105397,0.0852786,-0.083270788,0.035445601,-0.097953826,0.053108484,-0.128519595,0.063905507,-0.139146894,0.073763907,-0.137645543,Roll_Right
0,0,0.013964504,0.05478245,0.034183711,0.099237651,0.053749889,0.116356581,0.06798467,0.094282657,0.067912608,0.042800725,0.087149024,0.04239881,0.083828956,0.035799235,0.075085372,0.0300439,0.063892841,-0.01180169,0.088572651,-0.024640471,0.087688565,-0.028584808,0.08010748,-0.023095995,0.05293557,-0.058713555,0.075157762,-0.080173403,0.082477182,-0.086743563,0.085845351,-0.081441671,0.036165088,-0.097186536,0.054142803,-0.127377927,0.064891309,-0.137747675,0.074621081,-0.136510164,Roll_Right
0,0,0.013374612,0.056427538,0.034334749,0.101019084,0.054981947,0.117022663,0.0695526,0.093340129,0.069089621,0.040709317,0.085237354,0.038583875,0.083993018,0.03057009,0.077465266,0.023092508,0.06463927,-0.015441746,0.087182701,-0.029920995,0.087815493,-0.034851968,0.081878155,-0.030294508,0.052865922,-0.061981708,0.072922021,-0.083300859,0.080237478,-0.0906789,0.084163874,-0.086268574,0.035141945,-0.099118799,0.051974863,-0.126849741,0.06291762,-0.138510793,0.073034406,-0.13931334,Roll_Right
0,0,0.015471533,0.05519858,0.037422732,0.098674417,0.058293507,0.114389449,0.073193625,0.091455221,0.07185711,0.038925976,0.08881171,0.038416058,0.087135658,0.030587316,0.080209598,0.022217453,0.067275211,-0.016493767,0.090720519,-0.031110972,0.089865491,-0.035622269,0.082649842,-0.030911595,0.055317476,-0.063187927,0.076860502,-0.085735559,0.08296217,-0.092849016,0.085089341,-0.088398963,0.037153646,-0.100545228,0.055160955,-0.130205512,0.065758154,-0.142072886,0.074700549,-0.1426557,Roll_Right
0,0,0.014903352,0.053332508,0.037694514,0.096815944,0.058576733,0.11150533,0.07199797,0.086552382,0.072518706,0.039781868,0.088428646,0.037421763,0.08545512,0.029275864,0.079746395,0.021062315,0.068216324,-0.017036736,0.090966642,-0.032394558,0.088830888,-0.037282676,0.082875729,-0.031965882,0.056724042,-0.064672828,0.07744348,-0.088302225,0.081265658,-0.095872045,0.08358863,-0.090791523,0.038789243,-0.102945358,0.056684166,-0.133952528,0.06532228,-0.14554888,0.072999865,-0.14493072,Roll_Right
0,0,0.012622997,0.053970039,0.035233259,0.098245978,0.055751085,0.106114417,0.067753196,0.077354282,0.064347208,0.040607482,0.079868674,0.038442582,0.079961509,0.030732304,0.076267004,0.023420006,0.060170203,-0.018493086,0.082326651,-0.034215897,0.082513422,-0.039820313,0.078326315,-0.035277665,0.04906708,-0.067260981,0.068048656,-0.092027515,0.074658334,-0.102126569,0.080929369,-0.099132508,0.0322842,-0.106973797,0.048711866,-0.13806662,0.057372332,-0.148150295,0.066362679,-0.14606142,Roll_Right
0,0,0.013181031,0.054845512,0.034000784,0.098450065,0.053099602,0.109845996,0.066853166,0.087377906,0.065750837,0.040564537,0.082352638,0.041500032,0.081226379,0.0337677,0.075847924,0.026606202,0.061322153,-0.016058415,0.083622277,-0.029413819,0.082623512,-0.034413815,0.076738656,-0.031091779,0.050409228,-0.06328854,0.069488853,-0.085108489,0.074297965,-0.092585295,0.07824403,-0.089329779,0.033866525,-0.101555526,0.050358117,-0.129465938,0.059943348,-0.141439646,0.07007131,-0.143142313,Roll_Right
0,0,0.012871474,0.05652979,0.033783793,0.102569431,0.054487348,0.116751194,0.068646163,0.090531409,0.067859679,0.042877048,0.082152963,0.043466151,0.0817689,0.035692871,0.078063399,0.027669132,0.063599408,-0.014402688,0.084417015,-0.02620852,0.085340172,-0.032604337,0.082007647,-0.0307329,0.051934928,-0.062714756,0.070123702,-0.084216833,0.077320814,-0.093529403,0.083904505,-0.091604382,0.034228176,-0.101268053,0.049316972,-0.130598605,0.058649987,-0.142321646,0.069448411,-0.143526316,Roll_Right
0,0,0.028135642,0.037189275,0.059892535,0.056911886,0.081513882,0.055713654,0.091590941,0.041104853,0.063808501,-0.021935076,0.074478805,-0.0401465,0.075670183,-0.049156398,0.07790029,-0.059991509,0.044068962,-0.068219483,0.055960715,-0.097238362,0.060508192,-0.112644494,0.067596942,-0.123352349,0.021318465,-0.099554241,0.028233856,-0.130307615,0.034056127,-0.149847806,0.045037478,-0.163987592,-0.003834859,-0.11802718,0.001194894,-0.154668868,0.00699465,-0.175763279,0.016987801,-0.191277295,Roll_Right
0,0,0.027298898,0.045518607,0.058844626,0.076456934,0.079790801,0.083386749,0.081976414,0.057283908,0.059095174,0.011799127,0.065087646,-0.001023859,0.067006797,-0.003598213,0.070808798,-0.005688399,0.041574121,-0.040684074,0.046498656,-0.054693252,0.049935609,-0.060366571,0.053948462,-0.05750221,0.022551239,-0.080454081,0.026082441,-0.100443214,0.028961867,-0.110411495,0.037707597,-0.109887481,0.001361102,-0.110275477,0.004300952,-0.141872257,0.009726316,-0.157547086,0.020095557,-0.161037892,Roll_Right
0,0,0.02511923,0.046793789,0.057989344,0.077617943,0.078941122,0.084718466,0.08164303,0.061653912,0.063351646,0.012815237,0.072991863,-0.002070725,0.072136536,-0.003004819,0.068898693,-0.002561778,0.04655771,-0.040356338,0.054250225,-0.056721628,0.053918436,-0.059754491,0.051987991,-0.054586947,0.026736513,-0.080396444,0.033331767,-0.101923078,0.032757372,-0.10692969,0.035414949,-0.100932121,0.004055619,-0.110673726,0.009582609,-0.145454988,0.013356939,-0.157160148,0.019679785,-0.1551525,Roll_Right
0,0,0.025897682,0.045923024,0.057889253,0.077338129,0.079317927,0.083624363,0.082421333,0.055743426,0.058954865,0.01559183,0.070538491,-0.003021628,0.073729485,-0.005630642,0.075947046,-0.004031986,0.042705983,-0.034989506,0.053657889,-0.054939628,0.056823134,-0.060451239,0.056780994,-0.054470241,0.024420097,-0.074222922,0.032538161,-0.099762052,0.035336912,-0.109662712,0.039580166,-0.104638726,0.003785521,-0.105298728,0.01024957,-0.142319649,0.015465379,-0.15823175,0.022014976,-0.157787666,Roll_Right
0,0,0.026527792,0.044467509,0.059082806,0.074204743,0.081127703,0.079835862,0.084961504,0.061168402,0.064922273,0.008207709,0.074551255,-0.008356065,0.072954088,-0.007943243,0.072471619,-0.007033408,0.047085911,-0.042052597,0.055335045,-0.058857888,0.054414451,-0.062026769,0.05403617,-0.059289336,0.026710317,-0.080317557,0.033900425,-0.102295905,0.033980548,-0.109215289,0.039179415,-0.10832715,0.004178673,-0.109435588,0.01009579,-0.142848939,0.014087811,-0.155354887,0.021851838,-0.15780738,Roll_Right
0,0,0.025858939,0.047525257,0.057445437,0.081111938,0.079407483,0.086909264,0.081004858,0.060312182,0.062189072,0.015789747,0.071312994,0.00040403,0.071339607,-0.002383471,0.071716309,-0.002130061,0.045999795,-0.034274995,0.053846121,-0.050741524,0.055539459,-0.055679232,0.056393921,-0.051224738,0.027168617,-0.07318756,0.032318592,-0.094802052,0.034654379,-0.103990525,0.040883422,-0.101776749,0.006013468,-0.103545129,0.010760546,-0.135849386,0.015874118,-0.151863664,0.024316385,-0.155534491,Roll_Right
0,0,0.024908513,0.050728232,0.055370957,0.086284816,0.079445601,0.098279595,0.088037908,0.077843666,0.0639247,0.021281958,0.083584189,0.011417538,0.083704144,0.008766115,0.080354273,0.008213431,0.049188048,-0.025475204,0.067045271,-0.039727479,0.070096284,-0.0470801,0.069791406,-0.046711504,0.031226933,-0.063734472,0.046740144,-0.082496703,0.051963538,-0.091175199,0.056357712,-0.088325262,0.010784939,-0.094305307,0.022039413,-0.122114629,0.029294223,-0.135540769,0.037697107,-0.138595343,Roll_Right
0,0,0.046010792,-0.038669705,0.081929654,-0.120297253,0.114896387,-0.186345577,0.147693217,-0.215755254,0.05377987,-0.237421185,0.074812412,-0.329819441,0.085513234,-0.391735971,0.09337309,-0.447802573,0.020331174,-0.253011763,0.023566186,-0.364874601,0.024990499,-0.437762201,0.024656653,-0.501738042,-0.00956744,-0.241449326,-0.015438944,-0.340720922,-0.017454594,-0.410073459,-0.019276738,-0.474362433,-0.037520051,-0.209381342,-0.050337076,-0.28267625,-0.058495224,-0.334711999,-0.06493561,-0.387802213,Stop
0,0,0.050546587,-0.040059149,0.0896222,-0.131853342,0.125263512,-0.203717291,0.160047829,-0.238265157,0.060955852,-0.264716983,0.081530154,-0.359718412,0.093337178,-0.421795309,0.10303691,-0.476122946,0.026912034,-0.282268733,0.03447181,-0.397209227,0.03932026,-0.471806943,0.042180806,-0.535934538,-0.00528121,-0.273832858,-0.005466938,-0.380656481,-0.004877985,-0.450381935,-0.004173011,-0.512137979,-0.037149429,-0.244518429,-0.045144707,-0.323604882,-0.050964594,-0.378961444,-0.05547449,-0.433833539,Stop
0,0,0.05645299,-0.037597895,0.099508196,-0.130028248,0.136430979,-0.202991128,0.171214014,-0.234766871,0.072318882,-0.273414433,0.087061465,-0.379027963,0.092159599,-0.447352648,0.096408844,-0.509085804,0.037869245,-0.289364934,0.046889216,-0.409306735,0.051651746,-0.489845812,0.055489063,-0.561185986,0.004661739,-0.278506041,0.007902116,-0.38998577,0.012346417,-0.463187873,0.016740352,-0.530631334,-0.029029697,-0.248212755,-0.026409119,-0.332178295,-0.022347897,-0.388585448,-0.017208427,-0.445831001,Stop
0,0,0.055926591,-0.035900712,0.100724608,-0.124229074,0.139506161,-0.194656432,0.174895287,-0.22028479,0.071143836,-0.269542813,0.091121018,-0.373622954,0.100160569,-0.441843629,0.10695675,-0.503381252,0.035388559,-0.288365871,0.043892801,-0.411192834,0.048802525,-0.491548151,0.051958799,-0.560382187,0.001434118,-0.278441042,0.000805467,-0.391395032,0.00362879,-0.46739544,0.005988508,-0.535355836,-0.03232941,-0.247195125,-0.039728284,-0.332587779,-0.043800235,-0.392560989,-0.046287805,-0.452335536,Stop
0,0,0.056669444,-0.036280453,0.103286743,-0.123898089,0.145633787,-0.185915232,0.182355821,-0.201764941,0.073848456,-0.267496526,0.1038073,-0.364775181,0.120245576,-0.428699553,0.13223961,-0.485507041,0.035491645,-0.290352225,0.043501765,-0.41426909,0.047249019,-0.493838876,0.047571927,-0.562444627,1.02E-05,-0.281709164,-0.006402403,-0.395516276,-0.009939283,-0.47132495,-0.013760954,-0.539804876,-0.033927277,-0.248085707,-0.054133326,-0.331045628,-0.068172157,-0.3882595,-0.07935904,-0.445868671,Stop
0,0,0.057577699,-0.034553945,0.103005528,-0.119210482,0.142136961,-0.1881091,0.176940501,-0.219943613,0.073232442,-0.270234406,0.091534674,-0.376217544,0.098805547,-0.44419539,0.104200721,-0.505155206,0.038790137,-0.287728459,0.052242845,-0.406912625,0.060616791,-0.486881047,0.066804409,-0.555482954,0.004708529,-0.278243631,0.007028043,-0.390413761,0.011924952,-0.464197531,0.016634256,-0.529657155,-0.029863805,-0.248913825,-0.032457113,-0.33514443,-0.033284783,-0.394365668,-0.032254875,-0.453189194,Stop
0,0,0.05057615,-0.041278899,0.087093383,-0.127339959,0.098760962,-0.206708908,0.08627972,-0.273070514,0.066374063,-0.277160406,0.077589512,-0.385619581,0.07892549,-0.454007745,0.078443438,-0.518044055,0.034352779,-0.291453272,0.044542193,-0.415062964,0.048709661,-0.495769575,0.051139176,-0.567362189,0.002622038,-0.280567735,0.008413047,-0.395914078,0.012719542,-0.47160928,0.015659779,-0.538596213,-0.029626489,-0.25029543,-0.026076257,-0.337997764,-0.023221821,-0.399139255,-0.020865798,-0.457937479,Stop
0,0,0.054600626,-0.039044738,0.096430033,-0.128948092,0.125279039,-0.206643879,0.154001892,-0.25167942,0.070751637,-0.276018322,0.083733708,-0.384636641,0.087671161,-0.453392357,0.090427488,-0.516905099,0.037276626,-0.29071793,0.04725486,-0.412369609,0.051743478,-0.494082958,0.055125415,-0.566332668,0.004774272,-0.278986096,0.009671599,-0.39310357,0.014287472,-0.46780543,0.017827511,-0.535027027,-0.029481292,-0.248214066,-0.026565135,-0.33718428,-0.023582637,-0.398624599,-0.02041316,-0.459743828,Stop
0,0,0.052537173,-0.042693377,0.088710696,-0.137492657,0.110479534,-0.224003434,0.136166006,-0.28748557,0.068540007,-0.279142916,0.077022851,-0.389432073,0.077067256,-0.460151806,0.075820029,-0.52508086,0.035527915,-0.294763505,0.043778747,-0.41711688,0.047601074,-0.499540061,0.050467372,-0.573025286,0.003285617,-0.284476638,0.007806957,-0.400664777,0.012268007,-0.475654051,0.016116768,-0.542677701,-0.029412955,-0.255031198,-0.02675575,-0.343598068,-0.024100065,-0.405260444,-0.021530688,-0.464959368,Stop
0,0,0.054518789,-0.040152967,0.09465763,-0.131340504,0.123713166,-0.20976615,0.153316945,-0.255722404,0.071531773,-0.278930068,0.081305563,-0.386945784,0.082462639,-0.456378609,0.082499415,-0.520259976,0.038823634,-0.294113576,0.048171043,-0.414841503,0.052465498,-0.495257348,0.05556187,-0.566646248,0.00668633,-0.283151239,0.012422264,-0.397121251,0.017922223,-0.470611572,0.022006392,-0.537643194,-0.02721402,-0.252963036,-0.023449033,-0.34137094,-0.019717664,-0.401422739,-0.016287357,-0.461231917,Stop
0,0,0.054809064,-0.033169687,0.099323124,-0.116574287,0.138920218,-0.182979941,0.175278991,-0.20923245,0.074725091,-0.258081704,0.097401053,-0.360367298,0.107888699,-0.427209347,0.115799546,-0.487673461,0.040123552,-0.27856949,0.052328348,-0.396309912,0.059093207,-0.474463433,0.063848108,-0.541601092,0.006234348,-0.27037099,0.008087397,-0.381665528,0.011502385,-0.45658806,0.01494351,-0.52435109,-0.027758569,-0.240822315,-0.035516784,-0.324725181,-0.040452272,-0.38344264,-0.043133885,-0.442920327,Stop
0,0,0.048848152,-0.041908205,0.083272129,-0.127391458,0.093485117,-0.210588694,0.091525942,-0.286396474,0.065925658,-0.270263016,0.079294413,-0.377689064,0.081842393,-0.447088897,0.082563162,-0.511514306,0.033594668,-0.285711795,0.043914348,-0.409577727,0.048167795,-0.489882633,0.050791025,-0.561747313,0.001530737,-0.274762541,0.004264086,-0.389413774,0.006475568,-0.464737892,0.007833838,-0.531268507,-0.031111985,-0.243668288,-0.032810152,-0.330525219,-0.033696115,-0.392300487,-0.034537852,-0.452811539,Stop
0,0,0.04969433,-0.043032706,0.082547039,-0.134636462,0.097967714,-0.222192615,0.116138041,-0.294173211,0.065741956,-0.27678895,0.076139659,-0.386197269,0.076819003,-0.456179678,0.075942248,-0.520645082,0.034068972,-0.292672336,0.042798489,-0.415665627,0.045678288,-0.496464536,0.047097117,-0.568500727,0.002774626,-0.282332629,0.006545752,-0.397661656,0.009251654,-0.472607747,0.010832787,-0.53867051,-0.029077232,-0.252512902,-0.026992679,-0.339021444,-0.024978846,-0.40036726,-0.023586869,-0.459680557,Stop
0,0,0.052921802,-0.042494416,0.091109097,-0.131317675,0.119360656,-0.210102856,0.14939487,-0.259972751,0.067590088,-0.275454193,0.076032996,-0.382840991,0.076344877,-0.451950908,0.07579574,-0.516006589,0.034679025,-0.290081143,0.041588724,-0.410663068,0.04446137,-0.491291434,0.046803206,-0.564080089,0.002775699,-0.278466344,0.005926996,-0.391510844,0.00982374,-0.465596765,0.013343483,-0.533823013,-0.030116498,-0.247687101,-0.028843701,-0.335548222,-0.026393026,-0.396084785,-0.023579091,-0.456617415,Stop
0,0,0.052292734,-0.039491177,0.091089845,-0.130496025,0.119432181,-0.213671654,0.149590939,-0.264638543,0.069849759,-0.269083351,0.084254384,-0.376429528,0.088361889,-0.446500301,0.090071142,-0.508789957,0.035670608,-0.286842287,0.044380814,-0.407715976,0.048324704,-0.488400772,0.049939841,-0.55946213,0.002099514,-0.276838154,0.001824796,-0.392991424,0.002724439,-0.466979802,0.003602326,-0.533346891,-0.031352013,-0.246301085,-0.046133101,-0.330665171,-0.057100296,-0.389385343,-0.066419765,-0.447256744,Stop
0,0,0.051882297,-0.036264479,0.091982901,-0.123560786,0.126349598,-0.202479899,0.162396222,-0.243492454,0.076361805,-0.253985256,0.111460268,-0.346930653,0.131011397,-0.413448751,0.145929962,-0.470818967,0.040785313,-0.281154305,0.053962559,-0.403583616,0.061074704,-0.48359634,0.065473646,-0.554183483,0.006641448,-0.275934547,0.007155091,-0.389599383,0.008933634,-0.465377465,0.011116117,-0.53441447,-0.026484847,-0.245836914,-0.040272623,-0.328740478,-0.050169706,-0.386755884,-0.058230087,-0.444714069,Stop
0,0,0.052156299,-0.037657678,0.090314001,-0.127366066,0.118068397,-0.210075915,0.149643689,-0.260527104,0.075452954,-0.260361701,0.098149449,-0.363600582,0.108192593,-0.43335411,0.115388453,-0.495946735,0.041878253,-0.282595396,0.058722466,-0.401708215,0.068292052,-0.481832922,0.075431973,-0.554094374,0.007796347,-0.275832236,0.012769192,-0.390067041,0.017297089,-0.464181736,0.021703333,-0.53211841,-0.026467532,-0.247643352,-0.029126197,-0.331521004,-0.031504095,-0.389794946,-0.033516377,-0.447922498,Stop
0,0,0.048920125,-0.038334191,0.084952146,-0.120181918,0.101412773,-0.201790571,0.124594599,-0.265492141,0.068227947,-0.258691311,0.09171322,-0.357958883,0.101727962,-0.42570138,0.108854681,-0.486448109,0.03477785,-0.282867581,0.046268255,-0.408701509,0.052342534,-0.490696073,0.056409955,-0.56329003,0.002423316,-0.276254386,0.002241671,-0.393647224,0.003048331,-0.469315603,0.003884107,-0.53665781,-0.03007111,-0.245974571,-0.039492309,-0.330770135,-0.046392351,-0.391688347,-0.052643359,-0.452496469,Stop
0,0,0.050364107,-0.039277673,0.085858077,-0.13144511,0.110568821,-0.218306959,0.142511666,-0.271422267,0.069451332,-0.263441592,0.094502568,-0.365369886,0.106304169,-0.434827685,0.11378774,-0.496953666,0.034447163,-0.284596264,0.04325828,-0.409499049,0.046769172,-0.490210563,0.047589153,-0.562356859,0.001095295,-0.274853408,-0.003881216,-0.39048782,-0.006733239,-0.46648024,-0.008876026,-0.536177367,-0.031087711,-0.242051572,-0.044643909,-0.328168839,-0.055193335,-0.385644317,-0.064351946,-0.443160504,Stop
0,0,0.048290133,-0.047764361,0.077485323,-0.148662329,0.097675353,-0.236562401,0.126203597,-0.29496485,0.061661333,-0.284409046,0.068929523,-0.394896626,0.067811608,-0.466144279,0.065333217,-0.531219602,0.028369695,-0.295485497,0.030413628,-0.421718061,0.029484987,-0.503011942,0.027315289,-0.576563984,-0.003175497,-0.27767536,-0.008169681,-0.394875586,-0.010715902,-0.470906243,-0.013516545,-0.540298074,-0.034144297,-0.23983711,-0.038347498,-0.32784012,-0.040818483,-0.388050199,-0.043623656,-0.447081447,Stop
0,0,0.047660261,-0.048575938,0.075371712,-0.150308728,0.088656694,-0.235870808,0.107023656,-0.304480642,0.050728559,-0.290510803,0.049828023,-0.397571325,0.044798255,-0.465239123,0.03992793,-0.527546883,0.018903166,-0.293789983,0.009133309,-0.422031224,0.000547856,-0.502107054,-0.007589787,-0.575607538,-0.009871036,-0.267713368,-0.018047452,-0.384958148,-0.023273855,-0.461035535,-0.029242218,-0.533580989,-0.037189752,-0.221151918,-0.0329974,-0.30261597,-0.026879072,-0.356042147,-0.02264604,-0.410995245,Stop
0,0,0.049215764,-0.041784644,0.081480026,-0.138399303,0.096835375,-0.224521637,0.118960053,-0.29064244,0.060142785,-0.271322757,0.059347898,-0.370787174,0.051265568,-0.439973831,0.042358667,-0.505845815,0.02872768,-0.290096581,0.034045547,-0.412939131,0.038897425,-0.498010397,0.043702811,-0.57757321,-0.002026647,-0.282140225,-0.000816852,-0.399575233,0.001492411,-0.476095825,0.004278302,-0.545459539,-0.032566413,-0.253345519,-0.037190035,-0.340955913,-0.040175647,-0.401360065,-0.04286778,-0.461575896,Stop
0,0,0.051419705,-0.0386042,0.085651249,-0.128322661,0.105381697,-0.212895304,0.133612007,-0.270534903,0.070013106,-0.261976659,0.086600006,-0.369385451,0.092653513,-0.44008562,0.096241593,-0.503319681,0.03739807,-0.27972573,0.050444126,-0.402304769,0.057850957,-0.483125895,0.063123345,-0.555095136,0.004744589,-0.270129174,0.007484227,-0.387919366,0.010490447,-0.463057518,0.013618082,-0.530113459,-0.028606117,-0.240779668,-0.033979893,-0.329443693,-0.037711829,-0.391176999,-0.040351272,-0.452468857,Stop
0,0,0.053059816,-0.030047059,0.097415477,-0.114436269,0.13756308,-0.183623493,0.175106496,-0.213826567,0.079326332,-0.256457806,0.102830112,-0.360679746,0.113444149,-0.430272996,0.120912403,-0.492405057,0.045175999,-0.278093874,0.056661069,-0.400019228,0.062211752,-0.481214017,0.064805537,-0.55178535,0.011729479,-0.270283043,0.012747645,-0.384348035,0.01504302,-0.461373821,0.017210424,-0.530906796,-0.021692485,-0.240574151,-0.032177091,-0.325567931,-0.039107665,-0.386117607,-0.043758541,-0.44587563,Stop
0,0,0.054623306,-0.028736115,0.099512875,-0.115696251,0.140198916,-0.183707893,0.177253097,-0.207764119,0.07955423,-0.252592832,0.111336291,-0.348518461,0.127874255,-0.413967013,0.139617115,-0.47133477,0.042408288,-0.277391315,0.051093668,-0.403118759,0.056582689,-0.481349856,0.059016049,-0.548700809,0.007909149,-0.270558357,0.00547725,-0.385653019,0.006413102,-0.46268104,0.006985486,-0.531718493,-0.025409311,-0.239082009,-0.044785783,-0.322594285,-0.058297306,-0.381193459,-0.06894654,-0.439150617,Stop
0,0,0.041060001,-0.041080475,0.066846162,-0.113433599,0.072383672,-0.180044234,0.06146875,-0.237707466,0.057987928,-0.262278557,0.064732671,-0.380077064,0.063631445,-0.453663081,0.060356021,-0.517948925,0.021539897,-0.253350019,0.02954337,-0.318601072,0.036716789,-0.225873321,0.042808801,-0.156582952,-0.01310271,-0.231781363,0.00086543,-0.249672353,0.014040232,-0.158233106,0.021305859,-0.105433285,-0.045361996,-0.202053964,-0.031446218,-0.222520292,-0.014352769,-0.157808006,-0.00433898,-0.118190944,Thrust_Up
0,0,0.037602454,-0.037234068,0.062541157,-0.09987098,0.066801637,-0.150482237,0.052856028,-0.183045566,0.05716148,-0.23583588,0.061747164,-0.336280167,0.062901318,-0.402093887,0.062889874,-0.457260117,0.023395777,-0.236356109,0.037032366,-0.234851182,0.039218217,-0.146471024,0.038398772,-0.085502028,-0.008168638,-0.219570309,0.004965991,-0.212772369,0.012553394,-0.135582268,0.015530795,-0.084177494,-0.037415296,-0.192400753,-0.023548961,-0.195773453,-0.012662619,-0.144135892,-0.007471502,-0.110213816,Thrust_Up
0,0,0.040824682,-0.036533237,0.066442102,-0.09362036,0.070392698,-0.144359231,0.051505864,-0.173446119,0.061562091,-0.233428717,0.068952203,-0.341018081,0.071289569,-0.409145802,0.07099092,-0.467143536,0.026340127,-0.234653383,0.039830744,-0.252631992,0.042871267,-0.160423636,0.043253481,-0.103071451,-0.005985528,-0.21928975,0.008805811,-0.213520706,0.017287165,-0.130398452,0.019789159,-0.082414865,-0.036548913,-0.19359383,-0.020191818,-0.189701647,-0.006893277,-0.13342309,-0.00046441,-0.101225376,Thrust_Up
0,0,0.042506158,-0.02977252,0.072834343,-0.098341048,0.071329981,-0.163810045,0.064327925,-0.216932237,0.066671491,-0.214861751,0.077314287,-0.325720787,0.082397729,-0.391188025,0.084143102,-0.447080821,0.036174685,-0.212197989,0.046982884,-0.252697587,0.040580779,-0.162273407,0.035564214,-0.118851662,0.006663889,-0.201996267,0.015360445,-0.236882657,0.014830828,-0.154552817,0.012485057,-0.124513566,-0.024905324,-0.183527499,-0.014453709,-0.211594462,-0.007822335,-0.156900823,-0.008033395,-0.134055018,Thrust_Up
0,0,0.046358109,-0.034751296,0.082161695,-0.076890051,0.08646068,-0.135612845,0.063891321,-0.173004925,0.074411184,-0.219467431,0.085326999,-0.335711539,0.089299589,-0.40432328,0.089746594,-0.463005424,0.039241344,-0.2108455,0.04669866,-0.250348181,0.039556414,-0.155291259,0.037222922,-0.113445044,0.00780648,-0.200767577,0.013138682,-0.238149017,0.01297909,-0.152278543,0.015581906,-0.114401817,-0.020939022,-0.181945145,-0.017182738,-0.215113997,-0.008647591,-0.160613358,-0.004681021,-0.13359201,Thrust_Up
0,0,0.042304873,-0.031904817,0.069236577,-0.084564805,0.078895301,-0.123195112,0.072562844,-0.118284047,0.068813771,-0.220353514,0.073872596,-0.328281224,0.074921906,-0.39641571,0.074837953,-0.450999051,0.034332156,-0.224997699,0.049282789,-0.228709519,0.043989152,-0.13737464,0.040382475,-0.093036711,0.002005368,-0.215739846,0.015908688,-0.206190169,0.015711099,-0.12990737,0.014316916,-0.099172592,-0.02900663,-0.197189212,-0.015461296,-0.19360745,-0.007502675,-0.141093433,-0.005335957,-0.118913352,Thrust_Up
0,0,0.040207535,-0.025251448,0.078881919,-0.091885984,0.117258042,-0.123826087,0.15066883,-0.106406093,0.066571832,-0.211780876,0.073254019,-0.310510755,0.074406087,-0.3788234,0.075827122,-0.434495136,0.034223914,-0.226340383,0.053743511,-0.20909369,0.046702087,-0.121947765,0.038790941,-0.073885143,0.002224892,-0.219388604,0.021590382,-0.180154145,0.019643903,-0.109634519,0.016196102,-0.077022731,-0.029022604,-0.202709615,-0.009803891,-0.172296852,-0.004726857,-0.119194448,-0.003452629,-0.098299623,Thrust_Up
0,0,0.042616367,-0.024340212,0.079785675,-0.075196505,0.081452936,-0.13546735,0.057214946,-0.169735342,0.070374608,-0.217851728,0.081307799,-0.325922757,0.085903525,-0.388813049,0.087618202,-0.443573311,0.036259592,-0.218996584,0.057507962,-0.23888725,0.051413238,-0.150355101,0.043385565,-0.12660259,0.006234199,-0.211861253,0.023956031,-0.216339409,0.023406565,-0.135472178,0.017630398,-0.119136989,-0.023513615,-0.196650714,-0.00645867,-0.200333267,0.000523776,-0.145416081,-0.003795624,-0.129391432,Thrust_Up
0,0,0.041533351,-0.028900623,0.070773095,-0.098392487,0.071409851,-0.166837573,0.069839895,-0.228064269,0.06856516,-0.215565056,0.078030676,-0.315753728,0.082860917,-0.379607648,0.083834261,-0.431512475,0.036417842,-0.212903947,0.05086565,-0.257613331,0.044598162,-0.165499121,0.038999975,-0.14472872,0.007357568,-0.20707655,0.017767549,-0.255138725,0.018726945,-0.16662994,0.013385385,-0.149523556,-0.024561107,-0.191963643,-0.012952685,-0.232357353,-0.005399257,-0.174734026,-0.009974808,-0.156524122,Thrust_Up
0,0,0.044303864,-0.025081098,0.077426314,-0.090746403,0.075211167,-0.150311708,0.065517664,-0.192824513,0.066069573,-0.221035779,0.069936812,-0.33908546,0.070340723,-0.40757519,0.067800343,-0.465669006,0.033802271,-0.215172172,0.047415614,-0.250897408,0.044121414,-0.155616879,0.039928645,-0.106589139,0.003561884,-0.202984959,0.013600469,-0.233439237,0.016422629,-0.144710541,0.015881747,-0.103398204,-0.028350145,-0.18385464,-0.017818302,-0.217838258,-0.008092493,-0.157258928,-0.00515309,-0.125017047,Thrust_Up
0,0,0.04303062,-0.029716313,0.076543391,-0.088744581,0.074128181,-0.149657786,0.058770448,-0.189447343,0.068515748,-0.225230455,0.077112287,-0.340270817,0.081247956,-0.406624198,0.082911193,-0.464149803,0.035335243,-0.22085458,0.047422141,-0.261344194,0.046529442,-0.169241339,0.044998676,-0.115655422,0.004686743,-0.208212346,0.01456669,-0.235771775,0.018969715,-0.148067415,0.020117402,-0.102337956,-0.026838869,-0.188345253,-0.016426563,-0.219914556,-0.006329685,-0.160096347,-0.002035409,-0.125931859,Thrust_Up
0,0,0.041526675,-0.034777045,0.066339105,-0.096401215,0.075270176,-0.160554111,0.0953134,-0.205936909,0.063746005,-0.227460355,0.071143121,-0.336034834,0.073831528,-0.404309779,0.074023783,-0.460391223,0.030624241,-0.231074989,0.050299615,-0.253744245,0.045855135,-0.155445516,0.04008922,-0.11000073,6.78E-05,-0.221382588,0.018151313,-0.224475324,0.016736537,-0.138537884,0.012339443,-0.106330156,-0.031545341,-0.202316523,-0.013715982,-0.21126768,-0.006555766,-0.151148379,-0.007770628,-0.126689315,Thrust_Up
0,0,0.040981114,-0.035045624,0.071651965,-0.096099734,0.075824708,-0.15963304,0.064939767,-0.214844733,0.06756869,-0.229042172,0.075024247,-0.340716362,0.07781896,-0.410201877,0.07757014,-0.467962056,0.033906192,-0.229278117,0.048903108,-0.250996977,0.044379473,-0.156943619,0.040041834,-0.111142457,0.003075659,-0.218710363,0.017593652,-0.229660273,0.017493635,-0.144067526,0.015142262,-0.105923176,-0.027230442,-0.201387882,-0.012032807,-0.217362344,-0.005336821,-0.158645749,-0.004805058,-0.130292773,Thrust_Up
0,0,0.0440391,-0.024826467,0.082185507,-0.084251285,0.083031654,-0.147033215,0.063649893,-0.183419138,0.070205897,-0.223426849,0.078960806,-0.338770688,0.083175778,-0.4063804,0.083530664,-0.465188056,0.038227171,-0.219319761,0.054248691,-0.265817314,0.055503458,-0.173986793,0.052163064,-0.121084273,0.007847041,-0.20649597,0.022169799,-0.241206914,0.027142912,-0.151967943,0.025112718,-0.104725599,-0.024461001,-0.186823517,-0.007961184,-0.220440507,0.002239078,-0.160448134,0.003590226,-0.125581443,Thrust_Up
0,0,0.045536309,-0.03374815,0.074300468,-0.088218689,0.065358013,-0.14898324,0.033744991,-0.171773523,0.077794075,-0.224597961,0.091430068,-0.331720889,0.099031687,-0.395120978,0.102427304,-0.450092584,0.04711768,-0.226414055,0.060867488,-0.291469574,0.054274589,-0.207248151,0.052137762,-0.17241174,0.017302424,-0.219759285,0.025755286,-0.283378899,0.028588951,-0.206164807,0.027852237,-0.169480801,-0.013975382,-0.196188897,-0.006477684,-0.257554293,0.003362626,-0.211866081,0.002362847,-0.179021209,Thrust_Up
0,0,0.044142157,-0.033999324,0.071459085,-0.103985667,0.076182157,-0.168952912,0.068564683,-0.219433904,0.069969326,-0.222170711,0.080497503,-0.333246768,0.085622191,-0.394016773,0.086327583,-0.450293943,0.042337298,-0.226275265,0.055648178,-0.296016365,0.054973155,-0.215347797,0.050102204,-0.172754228,0.014104128,-0.220366329,0.022822797,-0.295129955,0.029593557,-0.219505966,0.025829911,-0.173768312,-0.016458839,-0.201016665,-0.008941889,-0.271490753,0.003096938,-0.227183044,0.002913624,-0.188735574,Thrust_Up
0,0,0.045022547,-0.029533327,0.075242609,-0.083111942,0.084574312,-0.137205005,0.078196138,-0.188439876,0.074728817,-0.226003468,0.0857521,-0.333925068,0.091371983,-0.396737754,0.092992723,-0.452461988,0.043984294,-0.227864712,0.05445075,-0.291596889,0.052588016,-0.203654736,0.049568892,-0.147978306,0.013901085,-0.219483763,0.021043986,-0.284285039,0.026042789,-0.207921803,0.024698555,-0.156481802,-0.017281801,-0.199510783,-0.008593798,-0.263234556,0.000968307,-0.218362212,0.002633244,-0.179854244,Thrust_Up
0,0,0.038723797,-0.029247701,0.068537921,-0.091038585,0.075953096,-0.152220488,0.061271697,-0.203442693,0.067720056,-0.226922184,0.076696694,-0.339588046,0.081216902,-0.403861403,0.082883656,-0.460945457,0.037591696,-0.227720082,0.049899876,-0.279385895,0.049155086,-0.185985059,0.044857264,-0.128455162,0.007755846,-0.220673591,0.018241346,-0.272520632,0.022687882,-0.189341217,0.01991263,-0.134049714,-0.02325967,-0.207050413,-0.014760852,-0.275456518,-0.005331993,-0.231560856,-0.004494101,-0.190432727,Thrust_Up
0,0,0.042176068,-0.034564435,0.073077857,-0.085208178,0.072383374,-0.144643217,0.051777512,-0.19298771,0.069342643,-0.230314195,0.079460651,-0.346982181,0.082692832,-0.414020121,0.083417058,-0.472046435,0.033755392,-0.229454041,0.052866578,-0.256542087,0.048913836,-0.164357901,0.043755651,-0.133580923,0.001238286,-0.218831897,0.017976284,-0.228461832,0.020736307,-0.144865006,0.017160445,-0.125001371,-0.029865474,-0.196545839,-0.014959723,-0.205940634,-0.003769815,-0.15085119,-0.006899625,-0.132774055,Thrust_Up
0,0,0.041382641,-0.021316528,0.074129254,-0.077131689,0.084751576,-0.130965889,0.087668121,-0.180398762,0.068627357,-0.229694515,0.079299957,-0.34012419,0.084984362,-0.407565862,0.087794811,-0.46418187,0.033979356,-0.233089894,0.056233734,-0.260936737,0.056783944,-0.165473014,0.051656395,-0.112188637,0.001871169,-0.222090185,0.020037979,-0.225423932,0.025273979,-0.142894447,0.023480088,-0.104140043,-0.02956599,-0.201480955,-0.010974288,-0.21038869,0.000818759,-0.151576161,0.003692478,-0.123075485,Thrust_Up
0,0,0.040621579,-0.02353543,0.072732151,-0.093275189,0.075741112,-0.156838268,0.075459391,-0.210487038,0.06761083,-0.211713493,0.077351898,-0.325979412,0.08259964,-0.387856558,0.083889544,-0.444166645,0.038524836,-0.21364814,0.055853128,-0.261113763,0.056771219,-0.172449559,0.049577028,-0.125419557,0.009169251,-0.206386745,0.022145927,-0.261295915,0.028178871,-0.177574247,0.023574352,-0.133022726,-0.023709923,-0.190969467,-0.008284479,-0.23608619,0.001958191,-0.183272719,0.00038442,-0.152316898,Thrust_Up
0,0,0.043388397,-0.016217291,0.080266207,-0.073353231,0.092380077,-0.134439379,0.085058689,-0.195609957,0.073574543,-0.207557648,0.087027848,-0.313901812,0.095289946,-0.381198466,0.097649336,-0.436947376,0.041107476,-0.206072718,0.061880708,-0.246822238,0.057650626,-0.1516231,0.049936116,-0.12061432,0.011358202,-0.198064417,0.029621542,-0.226128191,0.029473037,-0.137059033,0.022646248,-0.11555469,-0.020485371,-0.185752779,-3.03E-05,-0.212970495,0.006446183,-0.150583833,0.001218021,-0.128770411,Thrust_Up
0,0,0.040749401,-0.019043744,0.073009998,-0.077750146,0.089937419,-0.135763168,0.115466058,-0.176256299,0.072640061,-0.212641954,0.084645987,-0.3118999,0.089987904,-0.376806125,0.094432563,-0.431802571,0.03996703,-0.224763423,0.060281008,-0.226490438,0.052584738,-0.137659073,0.044341981,-0.092298806,0.00837028,-0.220077723,0.029522568,-0.207904249,0.024423599,-0.126683891,0.018200338,-0.090262651,-0.022600353,-0.205626845,2.83E-05,-0.201980084,0.002807498,-0.142971843,-7.25E-05,-0.117276788,Thrust_Up
0,0,0.046238512,-0.026083827,0.077629685,-0.108122766,0.084045798,-0.18722403,0.085593849,-0.247792393,0.067950487,-0.217460752,0.077600926,-0.314606428,0.080801308,-0.379662067,0.082915604,-0.434386775,0.035186499,-0.23143369,0.059315473,-0.222652704,0.051841974,-0.134232819,0.042611927,-0.090108335,0.005083233,-0.226100564,0.029252768,-0.198072761,0.023510605,-0.120089233,0.017068475,-0.089745164,-0.023453414,-0.209241241,-3.61E-05,-0.190450341,0.001682729,-0.135365576,-0.001850724,-0.116785705,Thrust_Up
0,0,0.045378357,-0.016729712,0.083256423,-0.07440418,0.096137136,-0.135887891,0.088233441,-0.184827507,0.072102964,-0.211361825,0.084149539,-0.305306852,0.091236174,-0.369413987,0.096316785,-0.420938641,0.037734061,-0.225088298,0.058605313,-0.226446211,0.054790199,-0.134966105,0.049518943,-0.087630332,0.005999625,-0.221296728,0.027235657,-0.200282395,0.024862319,-0.12093854,0.020261586,-0.086487889,-0.024845839,-0.207981378,-0.002669483,-0.195602775,0.00178346,-0.138822645,-0.000174969,-0.115714729,Thrust_Up
0,0,0.041074991,-0.03502202,0.064417571,-0.100209355,0.049416989,-0.158990383,0.022829622,-0.194495797,0.067087024,-0.241000623,0.090364814,-0.33979857,0.102562219,-0.400902152,0.110205442,-0.453361049,0.03252244,-0.249108493,0.025435895,-0.37082243,0.020551175,-0.446823463,0.016404092,-0.51060307,0.001064062,-0.226497978,0.002121031,-0.26524964,0.014835477,-0.193275243,0.021075815,-0.144361734,-0.026428699,-0.188547909,-0.019401044,-0.224439383,-0.005694419,-0.172438025,0.001356065,-0.132596016,Down
0,0,0.040786207,-0.030723333,0.06205079,-0.096734941,0.045841187,-0.149263084,0.019273102,-0.187652707,0.062849551,-0.234663844,0.089171112,-0.32416141,0.103603601,-0.383380085,0.11311987,-0.435109854,0.029364854,-0.241609216,0.027947485,-0.357773185,0.027963161,-0.43021208,0.02681306,-0.493547738,-0.003306031,-0.219478011,0.006995499,-0.258381724,0.020348847,-0.189791799,0.023370296,-0.142882764,-0.033189029,-0.181624889,-0.019287571,-0.220268965,-0.003807634,-0.170103431,0.002062887,-0.126785219,Down
0,0,0.043688357,-0.044745445,0.058726817,-0.107455611,0.040493518,-0.155081689,0.012913287,-0.179072261,0.048183173,-0.24452889,0.060080171,-0.346803486,0.06533581,-0.410603404,0.068000525,-0.469807863,0.014033258,-0.242398143,0.003664136,-0.354825914,-0.005259722,-0.433687329,-0.011414677,-0.501346856,-0.014457151,-0.211547315,-0.018236578,-0.261186808,-0.001194268,-0.192929506,0.010162175,-0.142048061,-0.039027452,-0.163634062,-0.036024883,-0.207574129,-0.017673075,-0.159158349,-0.006498218,-0.119711876,Down
0,0,0.04030028,-0.041330993,0.055404335,-0.12434113,0.035431355,-0.188370049,0.008799344,-0.232361495,0.052005619,-0.237989873,0.06962198,-0.336988747,0.078146368,-0.401503921,0.083922118,-0.45821628,0.015592754,-0.239364147,0.015187532,-0.347818792,0.013390809,-0.426906735,0.011349887,-0.495767802,-0.01646927,-0.213020146,-0.024125308,-0.261978418,-0.007790715,-0.182754517,0.00488168,-0.12473017,-0.043881714,-0.168209374,-0.041194648,-0.191932261,-0.023599789,-0.137726784,-0.01022318,-0.096619427,Down
0,0,0.041313082,-0.027950823,0.060830295,-0.096284032,0.040295511,-0.151449561,0.010296822,-0.192396224,0.059843719,-0.230026543,0.081093669,-0.327733994,0.093434155,-0.390846163,0.102856308,-0.446294367,0.025540441,-0.234631121,0.027673364,-0.348416746,0.028892964,-0.426040292,0.029904038,-0.492538422,-0.005188435,-0.210323691,-0.01105538,-0.249622583,0.00270015,-0.173015594,0.013254523,-0.118935525,-0.033577427,-0.168334186,-0.031771526,-0.192884028,-0.015977994,-0.135484636,-0.004850686,-0.092509985,Down
0,0,0.037119985,-0.028804064,0.053455472,-0.0868209,0.032366216,-0.120979726,0.002519608,-0.148097575,0.05033049,-0.232004106,0.06928134,-0.332700908,0.079868734,-0.397161901,0.086257815,-0.45349291,0.015105635,-0.235079765,0.001133233,-0.347909033,-0.010140881,-0.422377557,-0.019797683,-0.487441063,-0.013657287,-0.208497465,-0.023837864,-0.235145032,-0.00943476,-0.165886164,0.001080304,-0.117381632,-0.037323177,-0.165912688,-0.03861618,-0.179946899,-0.024800897,-0.1278584,-0.013818443,-0.086886048,Down
0,0,0.040177256,-0.030920863,0.05415228,-0.084170699,0.039024353,-0.128212333,0.009384096,-0.157462656,0.049997509,-0.229442894,0.06605196,-0.329932153,0.076338023,-0.391411453,0.082565874,-0.44999963,0.015808254,-0.234236121,0.008141369,-0.34785673,-0.00066632,-0.426309705,-0.008623421,-0.495261222,-0.012358516,-0.207015574,-0.02553609,-0.252644658,-0.012354627,-0.173389077,0.000193834,-0.116680384,-0.036315233,-0.159916341,-0.042047843,-0.191723764,-0.027945071,-0.136295617,-0.014686301,-0.091135859,Down
0,0,0.038401037,-0.037198722,0.054384351,-0.108998656,0.037873626,-0.166533709,0.01436159,-0.211896777,0.053400248,-0.226162851,0.072075814,-0.322793841,0.080673814,-0.386144519,0.086683959,-0.443736017,0.017890602,-0.230800152,0.020018935,-0.333846927,0.018342763,-0.410033762,0.016285121,-0.479145855,-0.014618248,-0.208217502,-0.025133252,-0.250499755,-0.010993391,-0.171799123,0.001513332,-0.114263177,-0.043013662,-0.167340875,-0.04442656,-0.183893323,-0.028807074,-0.128598034,-0.015118182,-0.086723506,Down
0,0,0.042541385,-0.02459681,0.061454386,-0.078490317,0.050774753,-0.121039391,0.025299609,-0.147686481,0.057284772,-0.220782161,0.075524211,-0.312592417,0.086006045,-0.369508415,0.093632966,-0.423620224,0.025188267,-0.231028974,0.027698666,-0.339357972,0.028575987,-0.413330793,0.030567139,-0.478000611,-0.004343271,-0.211851597,-0.009221941,-0.270027548,-0.003167063,-0.19565624,0.002324969,-0.138699889,-0.031805992,-0.171427608,-0.033303827,-0.208342433,-0.022407636,-0.158074856,-0.013869792,-0.113967001,Down
0,0,0.03941378,-0.025158405,0.057743192,-0.083662868,0.041265428,-0.148550987,0.008674741,-0.188616693,0.059807122,-0.205251753,0.081520677,-0.299688518,0.094058692,-0.353830159,0.103669375,-0.407256335,0.028207779,-0.223766804,0.040462881,-0.328209817,0.045206457,-0.394496083,0.05156064,-0.460556775,-0.001050472,-0.211319268,-0.011018485,-0.294850796,-0.015539825,-0.237992883,-0.014596879,-0.184814811,-0.02935423,-0.177299619,-0.040006816,-0.225490689,-0.036878303,-0.190960288,-0.030776322,-0.150097907,Down
0,0,0.039761037,-0.015335739,0.059472799,-0.067018032,0.05307582,-0.11003381,0.037202984,-0.14676553,0.057387173,-0.205328643,0.07792145,-0.297312498,0.089728445,-0.353860497,0.097801387,-0.407149315,0.02463904,-0.220638752,0.033106327,-0.325173438,0.036572397,-0.394045264,0.038582385,-0.456880748,-0.005681723,-0.20673728,-0.017345726,-0.274082541,-0.011279434,-0.200801253,-0.0037449,-0.142675698,-0.034093052,-0.170141816,-0.042745546,-0.20799613,-0.033801407,-0.158064246,-0.023894638,-0.112164855,Down
0,0,0.037270248,-0.022770464,0.054559588,-0.080055714,0.051617801,-0.124489844,0.053597063,-0.153421998,0.055432171,-0.219549,0.074748784,-0.312390745,0.085899204,-0.37146908,0.094117582,-0.42439568,0.022192568,-0.225776911,0.020463616,-0.33066982,0.018844604,-0.402457714,0.016820282,-0.466992915,-0.007898301,-0.204011381,-0.015414685,-0.24414438,-0.002476454,-0.166293979,0.007374614,-0.109546542,-0.034589753,-0.163651586,-0.033704907,-0.174161613,-0.018440157,-0.116346478,-0.006677657,-0.072128236,Down
0,0,0.042308271,-0.029689193,0.068684399,-0.109020472,0.076395094,-0.18346107,0.089900792,-0.241052896,0.053702027,-0.21967715,0.072929651,-0.314476997,0.08210057,-0.376007795,0.088468462,-0.43103683,0.020950198,-0.225941837,0.018690526,-0.328760803,0.015493661,-0.40415597,0.01195851,-0.469771117,-0.007583082,-0.20385468,-0.01784277,-0.245729476,-0.004689932,-0.167306125,0.005744457,-0.110408127,-0.032792628,-0.164072931,-0.034853414,-0.176169991,-0.019122541,-0.118819714,-0.006986201,-0.076290965,Down
0,0,0.040978223,-0.031897306,0.063970387,-0.109872341,0.051012158,-0.1745736,0.024793357,-0.213187039,0.053263009,-0.221002579,0.071776778,-0.314679652,0.080644995,-0.373648584,0.087025881,-0.425047994,0.019091755,-0.223939657,0.016731977,-0.328519523,0.014717668,-0.40177232,0.012350321,-0.463424325,-0.010228425,-0.200594068,-0.015393019,-0.244185001,0.00037539,-0.168956101,0.011071891,-0.114719629,-0.035493463,-0.16079098,-0.03207995,-0.17760098,-0.016017467,-0.123109162,-0.005729765,-0.0826388,Down
0,0,0.038457215,-0.033776581,0.058657259,-0.105672181,0.037410021,-0.156916499,0.009355634,-0.192706347,0.0566113,-0.226208091,0.075628936,-0.317200899,0.086597502,-0.37574771,0.094069421,-0.424846798,0.024977803,-0.231825858,0.023162991,-0.345164478,0.023628205,-0.415955484,0.023725182,-0.474003077,-0.004144102,-0.210295856,-0.000437051,-0.25592041,0.011679471,-0.193487167,0.016384661,-0.14788729,-0.030079871,-0.173404157,-0.019613922,-0.201380372,-0.004584521,-0.152702212,0.002414167,-0.112749934,Down
0,0,0.038338751,-0.033494353,0.058002681,-0.104336321,0.033973604,-0.151782036,0.003135175,-0.18608737,0.053393096,-0.244947612,0.07144472,-0.345659733,0.082786798,-0.410742164,0.089897305,-0.465572178,0.018838257,-0.251610994,0.0097211,-0.363017082,0.004774004,-0.437037319,0.001231462,-0.497856975,-0.012213975,-0.230440319,-0.008020043,-0.248135626,0.003683329,-0.180485308,0.008249968,-0.132506311,-0.039145112,-0.193543673,-0.032599956,-0.204841316,-0.015543893,-0.148156583,-0.004956901,-0.099927843,Down
0,0,0.039844394,-0.044409156,0.060230106,-0.117623746,0.043646216,-0.164308965,0.019614965,-0.197724521,0.048785776,-0.237950444,0.06263715,-0.341011763,0.069738448,-0.405328929,0.074376643,-0.460242569,0.013929337,-0.237774551,0.006735057,-0.34276405,0.001782686,-0.413137674,-0.001977593,-0.473534405,-0.017081827,-0.214880824,-0.019935787,-0.233605266,-0.004063964,-0.159650922,0.00730449,-0.112502515,-0.044416636,-0.180773497,-0.044114321,-0.197631359,-0.027460635,-0.14398253,-0.015176654,-0.108829618,Down
0,0,0.039942652,-0.03750664,0.058436841,-0.099829733,0.033763558,-0.146346927,0.002848506,-0.177391827,0.058243901,-0.234214306,0.082992017,-0.330707788,0.098184228,-0.391094983,0.107748151,-0.444986075,0.021502644,-0.244161189,0.009752035,-0.359482825,0.000279427,-0.433699906,-0.0077824,-0.498785168,-0.009405434,-0.220723093,-0.014174074,-0.250807464,0.000551999,-0.179608405,0.010554343,-0.133924782,-0.036175549,-0.180817425,-0.036726877,-0.206431925,-0.021546423,-0.15731889,-0.010065973,-0.122098148,Down
0,0,0.0402731,-0.035665333,0.059147239,-0.101352751,0.033531308,-0.151562512,0.001481295,-0.194364369,0.052232057,-0.241494119,0.056176633,-0.342293441,0.056349993,-0.407675803,0.054399401,-0.466214299,0.020600379,-0.246839881,0.024192125,-0.358792543,0.026272058,-0.4342058,0.02781418,-0.50021261,-0.009078711,-0.224279702,-0.012712449,-0.26363498,0.001040131,-0.190645874,0.011056393,-0.142373979,-0.037771776,-0.18503952,-0.038179576,-0.211805701,-0.021857366,-0.160733581,-0.00950411,-0.123659134,Down
0,0,0.042109698,-0.043764234,0.058755338,-0.103587508,0.03734827,-0.159546435,0.002240658,-0.190447807,0.057073742,-0.235069215,0.082747042,-0.333574682,0.098133773,-0.391612232,0.107988298,-0.447745681,0.019998312,-0.244181156,0.008586168,-0.360224545,-0.001380295,-0.43625766,-0.009425968,-0.504297525,-0.010460824,-0.219360054,-0.015883431,-0.263379872,-0.002023101,-0.193542838,0.008331031,-0.144403517,-0.037451446,-0.177059352,-0.039596379,-0.218197525,-0.024234846,-0.171092927,-0.012152791,-0.132823467,Down
0,0,0.03615278,-0.032277048,0.054079831,-0.086825788,0.029904336,-0.117341161,0.001985461,-0.145577908,0.054999292,-0.219148517,0.082903862,-0.31115061,0.100214005,-0.369126022,0.109540433,-0.419405907,0.016962081,-0.229848921,-0.004948527,-0.341207534,-0.021586448,-0.407257676,-0.036707133,-0.469074011,-0.015169978,-0.209177375,-0.019164383,-0.19946444,-0.001318276,-0.135049462,0.010689169,-0.106790006,-0.040368259,-0.176055849,-0.039494187,-0.161869109,-0.023746431,-0.115087152,-0.009924471,-0.092015982,Down
0,0,0.039159536,-0.037479103,0.056035101,-0.092102647,0.035033584,-0.138426721,0.003764719,-0.166912377,0.054933876,-0.22360307,0.077165544,-0.320281804,0.089530081,-0.379106551,0.097200871,-0.433797717,0.019240588,-0.230906367,0.007138312,-0.346041501,-0.002524585,-0.419549048,-0.0101026,-0.485889018,-0.010406226,-0.207424521,-0.015688807,-0.247957885,-0.001615793,-0.177975953,0.008736402,-0.131706536,-0.035784334,-0.167317867,-0.037004933,-0.198177397,-0.023113012,-0.151102483,-0.012576699,-0.11700058,Down
0,0,0.03731662,-0.03858608,0.060300142,-0.106685758,0.040638506,-0.146851778,0.013059705,-0.157790005,0.055660784,-0.232087612,0.07629326,-0.3282938,0.087379813,-0.391972959,0.094737113,-0.44356674,0.019461781,-0.236664176,0.00806129,-0.353035271,0.002276301,-0.427403331,-0.002809018,-0.491446376,-0.01264894,-0.211851835,-0.011044919,-0.240558028,0.003755808,-0.178080022,0.0103392,-0.137579203,-0.040050834,-0.173464239,-0.033637226,-0.191377461,-0.022293031,-0.14568162,-0.018470496,-0.115895808,Down
0,0,0.037751704,-0.030759096,0.060103208,-0.092481077,0.054333687,-0.141860545,0.040389895,-0.182480931,0.067196846,-0.211667925,0.092055231,-0.296556711,0.106321931,-0.350819439,0.117062569,-0.395900816,0.036513418,-0.219077587,0.044698685,-0.327775955,0.049971581,-0.394462228,0.053355426,-0.444736034,0.006046355,-0.202683181,0.022227049,-0.23293224,0.030421972,-0.176203072,0.031175554,-0.133161724,-0.021212727,-0.172706068,-0.00230673,-0.187218398,0.010115236,-0.139321983,0.01479277,-0.099244952,Down
0,0,0.041737884,-0.036988914,0.064164668,-0.103639722,0.05812344,-0.147060215,0.047266901,-0.180132627,0.059349567,-0.231452227,0.080733985,-0.323497444,0.091555834,-0.38235274,0.097853839,-0.434099913,0.026516974,-0.237150908,0.034012735,-0.345482945,0.037756145,-0.418773979,0.038756549,-0.480475783,-0.005080312,-0.216312706,-0.000221461,-0.269168198,0.017329752,-0.209214509,0.02826196,-0.158083737,-0.033383399,-0.176312745,-0.018105209,-0.189734936,0.001945257,-0.146817148,0.015509278,-0.108722508,Down
0,0,0.043832123,-0.034239054,0.065865993,-0.097895682,0.062683165,-0.143631577,0.04906401,-0.177433908,0.064235508,-0.228977501,0.089678705,-0.317299545,0.103308618,-0.374219596,0.111394674,-0.425000846,0.03304255,-0.236820251,0.040581375,-0.345861554,0.045968443,-0.418261737,0.048088491,-0.478057474,0.002102345,-0.216849267,0.010205537,-0.272828281,0.027503699,-0.211383343,0.037390471,-0.160270393,-0.025247663,-0.178016126,-0.009001553,-0.197184026,0.009644896,-0.154411674,0.020876169,-0.114746928,Yaw_Left
0,0,0.039435357,0.028152436,0.079669982,-0.007428259,0.106041282,-0.066832602,0.146353692,-0.097414523,0.064175904,-0.119385362,0.028598905,-0.108572364,0.001186162,-0.10846138,-0.026802808,-0.116926521,0.034614146,-0.157239735,-0.007219583,-0.122488111,-0.025494248,-0.118697107,-0.04250598,-0.123353511,0.006466508,-0.166745663,-0.033967048,-0.145759255,-0.055885673,-0.138377547,-0.073846668,-0.135996938,-0.019744575,-0.15499118,-0.054216504,-0.15129441,-0.0834288,-0.143308073,-0.108798623,-0.142473161,Yaw_Left
0,0,0.031971157,0.028323144,0.063775808,0.018013149,0.06212914,-0.023933232,0.034149647,-0.062110871,0.051907182,-0.117138267,0.001920402,-0.119939983,-0.035150766,-0.126356602,-0.071178257,-0.13611576,0.022643,-0.151796162,-0.036259443,-0.138825774,-0.077493548,-0.14015007,-0.113704965,-0.147484034,-0.002455056,-0.160609305,-0.059662819,-0.149642408,-0.095853418,-0.146594018,-0.124461338,-0.148285925,-0.024345905,-0.14787361,-0.066731632,-0.151611149,-0.095816672,-0.148682475,-0.119068548,-0.152855605,Yaw_Left
0,0,0.036844522,0.035568088,0.06498161,0.017706126,0.047821075,-0.026472181,0.016813189,-0.062667161,0.049417853,-0.100920796,-0.004394919,-0.111850202,-0.044208467,-0.128466487,-0.083640099,-0.149254829,0.020423114,-0.14345777,-0.042462051,-0.141156852,-0.088607416,-0.155975997,-0.128758788,-0.174348682,-0.005058497,-0.158252716,-0.065152347,-0.156724542,-0.101265907,-0.163064152,-0.129423469,-0.174017638,-0.027542621,-0.147759169,-0.07109648,-0.153213114,-0.097884744,-0.153822005,-0.119652554,-0.161690652,Yaw_Left
0,0,0.02955091,0.028186679,0.06325987,0.022958338,0.05843991,-0.008595645,0.033393919,-0.02986443,0.054776549,-0.098183721,0.017268419,-0.082204759,-0.012578428,-0.079599559,-0.038436323,-0.08499217,0.025208056,-0.133191228,-0.014025539,-0.100692332,-0.036023319,-0.091602683,-0.053755552,-0.084019721,-0.003042459,-0.14495042,-0.041063637,-0.109588414,-0.054923296,-0.086718321,-0.063827306,-0.069903374,-0.028329849,-0.138689697,-0.054993927,-0.115594029,-0.069936752,-0.090305537,-0.08191821,-0.073877692,Yaw_Left
0,0,0.03431654,0.028896004,0.067424357,0.020023763,0.07417348,-0.005990654,0.056911647,-0.02559936,0.065549344,-0.095336288,0.025206059,-0.09164989,-0.004618645,-0.101198494,-0.032231301,-0.118129939,0.037071496,-0.135859728,-0.013777375,-0.113783121,-0.04513666,-0.120324284,-0.071881592,-0.130659401,0.008035004,-0.14756602,-0.040751755,-0.131672263,-0.066852838,-0.125359952,-0.086272463,-0.124974161,-0.018005043,-0.138191164,-0.050400496,-0.13534537,-0.072204471,-0.127468705,-0.089877352,-0.126701355,Yaw_Left
0,0,0.032910258,0.027060419,0.068426728,0.019717067,0.074161947,-0.012370259,0.052540511,-0.040304184,0.063444376,-0.0983693,0.026826859,-0.093883693,-0.002123982,-0.099598438,-0.02952379,-0.113901675,0.033365726,-0.135134757,-0.014081776,-0.113739848,-0.0465433,-0.116217315,-0.073556274,-0.124306113,0.004072249,-0.145512938,-0.041021734,-0.129417032,-0.067595899,-0.122162223,-0.087068856,-0.120944113,-0.021704316,-0.135027051,-0.051871598,-0.132597655,-0.073772162,-0.123865068,-0.091191873,-0.122433275,Yaw_Left
0,0,0.03621009,0.016644537,0.065191567,-0.009544253,0.089065492,-0.035209894,0.121413112,-0.045737326,0.039121687,-0.076056838,0.031024605,-0.114444315,0.016660601,-0.139834225,-0.002843291,-0.164224803,0.007654399,-0.092241943,-0.006687522,-0.132462978,-0.022814661,-0.155606508,-0.040471762,-0.179075032,-0.017983407,-0.096730947,-0.031775832,-0.136617959,-0.046429425,-0.159540474,-0.061013699,-0.18390733,-0.039004833,-0.089285672,-0.050946027,-0.130246133,-0.064498216,-0.148374259,-0.078081161,-0.166901886,Yaw_Left
0,0,0.033020407,0.027375013,0.06262508,0.021187007,0.089565516,0.019618362,0.12074104,0.016128123,0.035435528,-0.058360368,0.026125312,-0.099843889,0.013122499,-0.127923816,-0.003692001,-0.159122944,0.004153013,-0.078358799,-0.008902967,-0.124303937,-0.02340585,-0.148620158,-0.040219426,-0.176843584,-0.02190122,-0.087275684,-0.034500837,-0.130798072,-0.046944529,-0.152688116,-0.060609788,-0.176544935,-0.043145031,-0.083303511,-0.056462377,-0.124801964,-0.069153011,-0.140430093,-0.082312614,-0.155079424,Yaw_Left
0,0,0.02513206,0.025995582,0.052467495,0.025815696,0.056702346,0.024643004,0.038631558,0.02897197,0.059600502,-0.089463532,0.014089584,-0.073881119,-0.014337242,-0.071977347,-0.037505418,-0.07914108,0.030101985,-0.120509505,-0.015573919,-0.095027417,-0.038019419,-0.086741894,-0.055785418,-0.089277446,-0.000155777,-0.127136737,-0.044167936,-0.09671402,-0.06129688,-0.07884267,-0.072269082,-0.078523546,-0.028505743,-0.115952104,-0.061264455,-0.098424286,-0.078510582,-0.080775976,-0.089873165,-0.081377685,Yaw_Left
0,0,0.022061139,0.04370293,0.041382253,0.044385076,0.025286764,0.047142386,0.001593977,0.047338039,0.037815124,-0.056846857,-0.02427417,-0.059667587,-0.073061168,-0.07610929,-0.111625686,-0.097681105,0.01167345,-0.105586618,-0.045220077,-0.033059448,-0.034294039,0.009798586,-0.017983198,0.032101691,-0.014000803,-0.124534667,-0.061545074,-0.039256573,-0.048417538,-0.004439384,-0.033682764,0.009369671,-0.035209894,-0.123269558,-0.072426736,-0.069390982,-0.078002959,-0.041399568,-0.080099523,-0.035137773,Yaw_Left
0,0,0.031699985,0.03340295,0.055596739,0.02845028,0.068733841,0.01611492,0.083194435,0.003414184,0.048827916,-0.080653548,0.005859196,-0.090557963,-0.024081588,-0.106794626,-0.054032922,-0.126602054,0.019041538,-0.107485443,-0.030532509,-0.09886086,-0.062488019,-0.107181638,-0.09128207,-0.12114048,-0.007637352,-0.111470819,-0.055310786,-0.099557251,-0.081309676,-0.106546402,-0.103998899,-0.117655009,-0.029845774,-0.098017395,-0.065367937,-0.086705357,-0.088186815,-0.084028214,-0.108187333,-0.089131474,Yaw_Left
0,0,0.025329679,0.037086099,0.048451185,0.036007196,0.063884169,0.024939775,0.072198063,0.004800588,0.054379821,-0.079479963,3.63E-05,-0.072952092,-0.038164169,-0.079248399,-0.074886516,-0.094751447,0.028493434,-0.113017827,-0.029141128,-0.089387447,-0.066354066,-0.087372482,-0.09835577,-0.094647199,0.00248161,-0.122190714,-0.053249478,-0.09939304,-0.08422336,-0.092287928,-0.108499557,-0.095756769,-0.02162239,-0.112931669,-0.060037166,-0.098397911,-0.083499938,-0.087860703,-0.101738572,-0.088936716,Yaw_Left
0,0,0.025012225,0.038162619,0.048433989,0.029335201,0.050338387,0.010744274,0.036069393,-0.013253272,0.052690536,-0.066100985,-0.011018902,-0.065813661,-0.057171613,-0.07642439,-0.09844467,-0.09535107,0.026316196,-0.107293308,-0.040135473,-0.070189655,-0.073631763,-0.064717323,-0.101275101,-0.068579853,-0.000628084,-0.121455967,-0.06214726,-0.0837605,-0.087306887,-0.072772473,-0.10691151,-0.072451413,-0.023649901,-0.11490047,-0.065856785,-0.086259723,-0.086060435,-0.070064873,-0.101952642,-0.068749696,Yaw_Left
0,0,0.008520454,0.005793661,0.001396447,-0.030735224,-0.02085498,-0.062228948,0.047101647,-0.084417433,0.031104803,0.010582954,-0.024363637,-0.032865852,-0.062262803,-0.068460554,-0.094386548,-0.093976289,0.014490783,-0.009312749,-0.053337753,-0.042663038,-0.095134974,-0.075813085,-0.129257858,-0.093991637,-0.008277178,-0.036529124,-0.06985727,-0.056037068,-0.088320524,-0.072393805,-0.098893881,-0.083707601,-0.030937344,-0.059570342,-0.080774695,-0.072964281,-0.097990632,-0.072178036,-0.108343244,-0.071783096,Yaw_Left
0,0,0.039891958,-0.013603747,0.056568801,-0.053495407,0.058767825,-0.098214477,0.066388041,-0.145204276,0.000756651,-0.093873858,-0.025832325,-0.127529889,-0.050988942,-0.147907317,-0.076973513,-0.164213002,-0.031564802,-0.089404762,-0.062122077,-0.127886415,-0.088219166,-0.151979804,-0.115952462,-0.174964339,-0.055051088,-0.078967869,-0.082597762,-0.115976244,-0.107472986,-0.141511708,-0.131121099,-0.161920846,-0.069993496,-0.062459499,-0.095852211,-0.096142679,-0.118177012,-0.118025601,-0.138031572,-0.133782834,Yaw_Left
0,0,0.023733377,0.02127701,0.033748806,0.009490788,0.028627098,-0.027533144,0.011569709,-0.071368426,-0.011332601,-0.078670681,-0.077093482,-0.087421298,-0.119511843,-0.086383104,-0.153897107,-0.083070904,-0.029068977,-0.119989842,-0.096042722,-0.095706016,-0.131780848,-0.071407884,-0.159465358,-0.04815793,-0.043445319,-0.137578517,-0.088234782,-0.09086284,-0.093405813,-0.064564675,-0.093417197,-0.049156666,-0.058164954,-0.140718162,-0.090824962,-0.102101684,-0.094917238,-0.082183331,-0.091251135,-0.072677076,Yaw_Left
0,0,0.018057644,0.008581221,0.024816304,-0.005792081,0.011971176,-0.02994597,0.007353246,-0.051227182,-0.030718952,-0.079472274,-0.096708775,-0.071617454,-0.139383852,-0.070848316,-0.176574811,-0.073798686,-0.048444778,-0.11648345,-0.119256467,-0.082463175,-0.166101605,-0.06710121,-0.205408648,-0.052975178,-0.060854793,-0.13152343,-0.123151004,-0.092714339,-0.160401225,-0.079417288,-0.189204931,-0.071592897,-0.072429657,-0.130055159,-0.118115053,-0.102627248,-0.146683455,-0.086664647,-0.165619373,-0.0780406,Yaw_Left
0,0,0.02827397,-1.85E-05,0.029824525,-0.009577781,0.015607804,-0.019180119,0.00548321,-0.019496799,-0.033154041,-0.053657144,-0.068841636,-0.083239049,-0.099849448,-0.10017097,-0.131739944,-0.116724074,-0.064915925,-0.067523807,-0.10825558,-0.082910508,-0.145636708,-0.093262762,-0.183566689,-0.103487521,-0.085605025,-0.072774291,-0.126074672,-0.079336703,-0.163358271,-0.086552501,-0.194384575,-0.092003822,-0.098414928,-0.069112092,-0.131667942,-0.070432186,-0.15982236,-0.068353623,-0.184391886,-0.067274928,Yaw_Left
0,0,0.005529106,-0.055211067,-0.029910058,-0.081911504,-0.071478695,-0.077532709,0.105531141,-0.069875985,-0.021312565,-0.054604381,-0.078220934,-0.072741956,-0.122606918,-0.088918895,-0.158688828,-0.098248065,-0.039404809,-0.03102833,-0.101507843,-0.053129852,-0.148174018,-0.07282567,-0.183091328,-0.084164411,-0.056922764,-0.014280766,-0.110237032,-0.041588902,-0.148663938,-0.065174043,-0.176629215,-0.08033374,-0.071666092,-0.004217923,-0.105086043,-0.030023903,-0.129822314,-0.053865075,-0.149823025,-0.071445495,Yaw_Left
0,0,0.03961587,0.00515753,0.06435287,-0.030642629,0.065091461,-0.067120492,0.048831224,-0.094944239,0.004289955,-0.094478339,-0.019745409,-0.141605556,-0.03981182,-0.173311502,-0.060362309,-0.203583509,-0.027334362,-0.098875642,-0.055601746,-0.154189348,-0.077604502,-0.187709004,-0.100122452,-0.221945137,-0.049797505,-0.095259696,-0.077612877,-0.140275717,-0.099942625,-0.170452118,-0.119150519,-0.195223302,-0.064925075,-0.082667053,-0.088341951,-0.117236942,-0.105581582,-0.138967812,-0.12054731,-0.156058758,Yaw_Left
0,0,0.042955726,-0.007590353,0.06853798,-0.056386769,0.083464712,-0.111045331,0.109499454,-0.153962076,0.023060262,-0.117758691,-0.010839671,-0.143555433,-0.044300377,-0.160922706,-0.079834908,-0.173954815,-0.010474384,-0.121062458,-0.043842286,-0.144912064,-0.071669936,-0.16102773,-0.098119318,-0.180479586,-0.036790013,-0.118993878,-0.065782189,-0.147990048,-0.086930066,-0.169508457,-0.107799083,-0.194856614,-0.056591243,-0.108658344,-0.078450292,-0.148265034,-0.094726741,-0.167614788,-0.111146241,-0.190819383,Yaw_Left
0,0,0.031683207,0.024985731,0.057039857,0.013335586,0.055310696,-0.00753054,0.038667381,-0.02551198,0.063424408,-0.093598753,0.02377826,-0.086631894,-0.008423895,-0.090721458,-0.038165241,-0.099574953,0.029334903,-0.129211605,-0.015212327,-0.109731287,-0.039033711,-0.104856193,-0.056249917,-0.1035344,-0.005038291,-0.136646867,-0.051358014,-0.124557555,-0.076880634,-0.117664009,-0.093797773,-0.117996693,-0.034120828,-0.120641798,-0.078022718,-0.119228154,-0.104331434,-0.114752561,-0.123735905,-0.116681039,Yaw_Left
0,0,0.043388367,0.014770448,0.073929191,-0.012818158,0.058832675,-0.048697174,0.022791475,-0.07469973,0.056494325,-0.119406283,0.012714773,-0.140143722,-0.029670238,-0.152564198,-0.073626161,-0.165961981,0.01715064,-0.139118612,-0.032248646,-0.156266063,-0.073878586,-0.161495805,-0.110316336,-0.173730791,-0.015222847,-0.142469913,-0.061953485,-0.15630573,-0.093545675,-0.166366458,-0.119833291,-0.17859143,-0.042118967,-0.129027963,-0.07289961,-0.151680589,-0.094652891,-0.15374434,-0.113679618,-0.161544591,Yaw_Left
0,0,0.034016937,0.008681804,0.051473767,-0.016697884,0.054824829,-0.048065186,0.042220622,-0.09435907,0.023662269,-0.134553522,-0.014627934,-0.165893108,-0.048184425,-0.179335326,-0.085472912,-0.188410193,-0.010840803,-0.146205187,-0.053920329,-0.174850285,-0.087492496,-0.179553002,-0.120107293,-0.190334201,-0.037527442,-0.146273732,-0.072986871,-0.166288495,-0.101243824,-0.178301632,-0.126737505,-0.183676511,-0.057367265,-0.134909332,-0.08164385,-0.158308029,-0.102348477,-0.169590145,-0.122695923,-0.178165644,Yaw_Left
0,0,0.06665045,0.000326693,0.113037199,-0.048853338,0.14483735,-0.094124079,0.17594704,-0.115766615,0.099319577,-0.134417295,0.136441141,-0.111171275,0.166827172,-0.111284882,0.193585932,-0.110498041,0.075853124,-0.141419828,0.123427123,-0.11951372,0.157397717,-0.11310938,0.186961591,-0.110530376,0.050327808,-0.123684913,0.096088529,-0.115043402,0.126252741,-0.112982213,0.153348327,-0.116057396,0.024574608,-0.087252975,0.050132796,-0.091212392,0.069651544,-0.100678623,0.089817524,-0.108033746,Yaw_Right
0,0,0.049687058,-0.010499477,0.090205431,-0.055694103,0.114605874,-0.101145655,0.133653611,-0.134405822,0.087095529,-0.119284481,0.119187593,-0.137701303,0.142355055,-0.151860625,0.164636016,-0.163904488,0.063296884,-0.131724358,0.095597744,-0.147236377,0.122944474,-0.154275954,0.14961955,-0.162495792,0.033876091,-0.128395319,0.063231677,-0.144935071,0.087058336,-0.14882195,0.110380441,-0.155675113,0.000443831,-0.109728396,0.021681279,-0.129225791,0.03953433,-0.141034484,0.057986975,-0.152309716,Yaw_Right
0,0,0.069317549,0.009597212,0.11801371,-0.012206644,0.151229113,-0.034360528,0.179351658,-0.04851982,0.111318886,-0.129269183,0.158856779,-0.092422217,0.194889367,-0.079001456,0.224422544,-0.06826809,0.094197124,-0.128803194,0.153806657,-0.1003066,0.193909764,-0.082998633,0.228584409,-0.07311213,0.075071216,-0.106004685,0.132709622,-0.09449333,0.168728888,-0.083305299,0.199565113,-0.079226077,0.055601329,-0.068712801,0.090503901,-0.06716606,0.116432667,-0.071837485,0.140850604,-0.077330142,Yaw_Right
0,0,0.07337366,0.01804617,0.121313795,-0.008571029,0.154167697,-0.028201282,0.180567995,-0.038484693,0.119234815,-0.132616013,0.176991448,-0.09053725,0.213853672,-0.080679268,0.244200841,-0.071954429,0.101344332,-0.129999608,0.174190328,-0.099681914,0.216253743,-0.0856466,0.252762809,-0.077304035,0.082502797,-0.102920473,0.156114236,-0.090425253,0.19470118,-0.077308536,0.227886215,-0.075326055,0.065892175,-0.059026003,0.109430328,-0.061881214,0.137949273,-0.068267882,0.166682705,-0.077104807,Yaw_Right
0,0,0.067186624,0.016130507,0.120999515,-0.014248431,0.155447543,-0.024196267,0.184772432,-0.022546172,0.127132684,-0.147919804,0.191155434,-0.108663708,0.231767744,-0.09281534,0.265382439,-0.079269618,0.114128798,-0.142772138,0.190012425,-0.108959138,0.233837634,-0.089954704,0.270923883,-0.075577587,0.102301359,-0.111550868,0.179616839,-0.102949291,0.223779172,-0.095463067,0.261857241,-0.094566405,0.094865322,-0.061237991,0.148522496,-0.07044518,0.182700574,-0.077698082,0.214658231,-0.083791196,Yaw_Right
0,0,0.068311527,-0.006804645,0.126758322,-0.043469131,0.163377091,-0.049862236,0.19873859,-0.048659682,0.130420253,-0.160491765,0.208760813,-0.122758001,0.243536934,-0.10248518,0.273839042,-0.080823869,0.116032466,-0.145621508,0.195170894,-0.08448422,0.21764715,-0.031828374,0.233383253,0.017232716,0.105539933,-0.112605721,0.193765,-0.109965771,0.236962393,-0.101006359,0.276796564,-0.099144608,0.10054718,-0.064251393,0.161471054,-0.077863365,0.196925089,-0.085618675,0.231695607,-0.096164763,Yaw_Right
0,0,0.06108886,0.007747114,0.104263037,-0.027392387,0.131192625,-0.052821338,0.154607922,-0.063897371,0.1001921,-0.133235365,0.140670508,-0.102153182,0.154428035,-0.076847881,0.163912982,-0.066570044,0.084523648,-0.136354536,0.136102229,-0.115628004,0.166192144,-0.103070498,0.190262735,-0.098935455,0.067357808,-0.118402153,0.119344115,-0.114994466,0.15503028,-0.114711136,0.184856713,-0.120125175,0.050753981,-0.083227634,0.088000745,-0.089477152,0.115727931,-0.096513689,0.140696257,-0.10216558,Yaw_Right
0,0,0.068725318,-0.013834476,0.107236773,-0.066614211,0.130119056,-0.110445887,0.149550378,-0.136681378,0.099115789,-0.173373103,0.15123269,-0.144480109,0.185561746,-0.138401031,0.214092702,-0.133167535,0.079429239,-0.176259756,0.138160259,-0.151055098,0.173354447,-0.137874693,0.202891469,-0.127366185,0.059150517,-0.154278547,0.116013557,-0.139577597,0.146432668,-0.136581212,0.170809537,-0.140103579,0.040557384,-0.11347279,0.082332581,-0.117783189,0.108921111,-0.126668185,0.133207798,-0.137778163,Yaw_Right
0,0,0.06657809,-0.013450027,0.104501009,-0.065735877,0.127576917,-0.108089775,0.145722479,-0.136986911,0.098756462,-0.173285663,0.151776671,-0.14885509,0.185372531,-0.143592685,0.213611811,-0.139270961,0.079807967,-0.175518751,0.141523957,-0.153719306,0.176689923,-0.140853047,0.2066347,-0.132054567,0.059851378,-0.152077198,0.120256782,-0.137146652,0.146553397,-0.126799285,0.166366726,-0.125495791,0.041454524,-0.109030783,0.085193872,-0.119390547,0.11463806,-0.131275862,0.141727179,-0.143946409,Yaw_Right
0,0,0.068522334,-0.000925004,0.112116247,-0.045470178,0.141264021,-0.080721468,0.167779446,-0.104348212,0.108467877,-0.158378839,0.162843525,-0.131172866,0.198820919,-0.125804693,0.227571815,-0.120747328,0.09216696,-0.157839596,0.157142013,-0.141586632,0.195382714,-0.130893737,0.227838397,-0.12496987,0.073865086,-0.134571671,0.136967987,-0.128117591,0.17278561,-0.12043637,0.203060806,-0.121444821,0.055910885,-0.094290167,0.093230426,-0.096562862,0.119015336,-0.103211045,0.143794179,-0.112465233,Yaw_Right
0,0,0.063139111,0.001856208,0.11386016,-0.024421245,0.153977782,-0.031635672,0.192147136,-0.029096305,0.10057655,-0.152393222,0.155087262,-0.130049586,0.192182213,-0.126736909,0.224085152,-0.120857298,0.082768947,-0.15456599,0.145654708,-0.142892599,0.185321569,-0.134818554,0.220065147,-0.130330354,0.064656109,-0.133592695,0.122886837,-0.131483853,0.158302903,-0.128546745,0.189462483,-0.133108675,0.048932791,-0.095014185,0.086149484,-0.099044859,0.112860143,-0.106257796,0.139573991,-0.11615777,Yaw_Right
0,0,0.061769128,0.012610167,0.115855038,-0.004561037,0.1573506,0.006327629,0.19310832,0.033075124,0.10729757,-0.139211386,0.163124353,-0.117860556,0.197941244,-0.119756162,0.229499757,-0.11646089,0.088989168,-0.142304748,0.153359264,-0.131373763,0.192312241,-0.124714106,0.227835476,-0.11867097,0.069825888,-0.121440083,0.131451905,-0.123849899,0.167525947,-0.122967601,0.200822324,-0.130065292,0.053671002,-0.081666291,0.09286049,-0.088372141,0.121482402,-0.101606488,0.151260972,-0.117774099,Yaw_Right
0,0,0.069859624,0.004679114,0.113698095,-0.040166616,0.142118096,-0.076273203,0.170589507,-0.101653725,0.111206234,-0.148654521,0.161578417,-0.121450245,0.195815116,-0.117944986,0.223597974,-0.116255373,0.094635874,-0.151144236,0.158264965,-0.134356141,0.198618412,-0.130942792,0.234381527,-0.133798182,0.075882077,-0.128950506,0.140392005,-0.127184212,0.178805202,-0.126091421,0.212804407,-0.133029282,0.058098257,-0.088303566,0.099533588,-0.096042693,0.127897263,-0.107927233,0.155679047,-0.120444745,Yaw_Right
0,0,0.046680018,-0.001408994,0.083982006,-0.040135622,0.106694058,-0.076244533,0.126412198,-0.101993412,0.083024815,-0.133800924,0.11712639,-0.149773568,0.14352648,-0.160307258,0.166603819,-0.16783458,0.061184242,-0.15025723,0.095112517,-0.161658078,0.122270748,-0.1636962,0.145581439,-0.165180504,0.03647007,-0.146163046,0.068993583,-0.153403312,0.094934568,-0.157892019,0.118323728,-0.16400674,0.010381967,-0.123448819,0.038418576,-0.130963355,0.057871565,-0.140830368,0.076870278,-0.152492344,Yaw_Right
0,0,0.059344143,-0.004481614,0.098681271,-0.037033916,0.125143886,-0.064558089,0.143959522,-0.096399546,0.092147648,-0.152647883,0.137531102,-0.128728747,0.170305461,-0.121813715,0.197469056,-0.116616666,0.072045535,-0.16194731,0.118741751,-0.138651848,0.146381348,-0.122258067,0.168373644,-0.111768067,0.051582962,-0.14682579,0.096935928,-0.130594522,0.12259993,-0.123981535,0.143626869,-0.124144614,0.032395333,-0.111499727,0.06907782,-0.11317572,0.094166189,-0.116872251,0.117642671,-0.122205555,Yaw_Right
0,0,0.061978161,-0.000235796,0.099398583,-0.038923681,0.122012585,-0.069534063,0.144200414,-0.095495731,0.098280996,-0.155744612,0.149143189,-0.133994132,0.184002459,-0.128656566,0.212492645,-0.125173241,0.081939667,-0.159975499,0.141792744,-0.143313974,0.179600388,-0.133684099,0.210502148,-0.128686637,0.064475119,-0.141138792,0.120569289,-0.13410598,0.152226925,-0.130747736,0.17750147,-0.13409844,0.048247814,-0.102906227,0.088662773,-0.108019561,0.115565866,-0.11454162,0.139559567,-0.122620672,Yaw_Right
0,0,0.068561107,-0.000474751,0.111494482,-0.045931071,0.141331971,-0.076282471,0.169161648,-0.101097226,0.106143087,-0.163797766,0.159904748,-0.137073219,0.196323723,-0.131031454,0.225819588,-0.126330525,0.091330588,-0.16313079,0.156703085,-0.148210138,0.196475655,-0.137995601,0.231197268,-0.132503092,0.075384915,-0.138213515,0.139649391,-0.137200743,0.176604509,-0.131049991,0.208677232,-0.134246558,0.060538203,-0.094614327,0.103182763,-0.103002429,0.131015986,-0.114739686,0.157478988,-0.129090816,Yaw_Right
0,0,0.06969291,-0.00091821,0.109861225,-0.044860035,0.136045694,-0.074335814,0.161852539,-0.099309951,0.10683769,-0.162449211,0.160078466,-0.136079818,0.195721775,-0.131555796,0.224709928,-0.127646446,0.092165142,-0.163266897,0.157688439,-0.145200729,0.19786796,-0.137069911,0.232796878,-0.133089244,0.075374216,-0.139777988,0.140105307,-0.135272294,0.177885443,-0.129012764,0.210365057,-0.131857932,0.059123218,-0.096720248,0.101487666,-0.10230571,0.129078239,-0.111899495,0.155391455,-0.124412954,Yaw_Right
0,0,0.039787129,-4.02E-05,0.076185688,-0.025119394,0.098190621,-0.048085898,0.099085018,-0.062365949,0.078637227,-0.115544945,0.111291304,-0.127614856,0.136111006,-0.138876885,0.159007058,-0.148401141,0.05975996,-0.128618598,0.095884845,-0.140450299,0.125568613,-0.148973018,0.153451875,-0.159595996,0.03532894,-0.12491858,0.069388524,-0.138270259,0.096310124,-0.144427568,0.12294443,-0.155650347,0.007855624,-0.104449183,0.030635998,-0.117660046,0.047506973,-0.127637029,0.06478788,-0.141228586,Yaw_Right
0,0,0.048838615,-0.000388145,0.087909758,-0.033697814,0.112909436,-0.06091544,0.14050591,-0.076310813,0.089052767,-0.122463733,0.128307194,-0.137345821,0.157675266,-0.144606918,0.183395624,-0.149549574,0.069648683,-0.135006487,0.112428665,-0.151267529,0.145451277,-0.15254572,0.174174905,-0.153958172,0.046674073,-0.128394723,0.084794402,-0.143874675,0.113071501,-0.145775437,0.138641894,-0.149079591,0.022732466,-0.104833394,0.052538812,-0.119777381,0.075494796,-0.131723881,0.097390383,-0.144893557,Yaw_Right
0,0,0.05701986,0.001342893,0.10127002,-0.042396158,0.128937006,-0.07231006,0.151152849,-0.093855888,0.103901565,-0.160837352,0.151401132,-0.144274801,0.185613841,-0.143900931,0.213897049,-0.144408613,0.087740391,-0.166298568,0.144284129,-0.155285865,0.182234824,-0.149560213,0.215793669,-0.151305288,0.07082808,-0.146884531,0.126175761,-0.139251441,0.161541611,-0.137712598,0.193260998,-0.148303598,0.054564774,-0.107061177,0.097097963,-0.106617451,0.123946726,-0.113318712,0.148430318,-0.123968959,Yaw_Right
0,0,0.033226982,0.005063772,0.066697374,-0.008901477,0.088533774,-0.026664823,0.094847962,-0.04668954,0.063623771,-0.101262093,0.088405237,-0.101674318,0.109893069,-0.102586508,0.131967053,-0.101800144,0.042596802,-0.114222884,0.071835265,-0.113815844,0.098864123,-0.111710608,0.123945877,-0.107216954,0.017412618,-0.111071527,0.038980469,-0.1118159,0.051816955,-0.111795396,0.063710228,-0.112183243,-0.010118395,-0.091850817,0.00353685,-0.100658953,0.014834493,-0.103353202,0.026265636,-0.107614726,Yaw_Right
0,0,0.050312966,-0.003461957,0.0869959,-0.034391791,0.109432697,-0.057841808,0.119399905,-0.082587153,0.085579485,-0.148225486,0.128528357,-0.138697505,0.161000013,-0.137418151,0.189096749,-0.134511888,0.068170756,-0.158295989,0.117550433,-0.154557139,0.153710008,-0.149471819,0.184506506,-0.144174337,0.047624081,-0.148038715,0.094426066,-0.148784578,0.126290917,-0.145216227,0.154395044,-0.145754486,0.027001396,-0.118338048,0.060741007,-0.125777334,0.084653586,-0.133044034,0.107449293,-0.142481089,Yaw_Right
0,0,0.064346462,-0.000492632,0.108111769,-0.049182683,0.136488408,-0.086402893,0.162709355,-0.112848848,0.103423327,-0.156484187,0.148951679,-0.137340754,0.182199657,-0.133392781,0.209539503,-0.129733264,0.086569726,-0.162638128,0.145314574,-0.149595797,0.183097363,-0.142704785,0.216178983,-0.139187187,0.068894178,-0.14540565,0.127747029,-0.141428709,0.164820582,-0.137242556,0.196775794,-0.13813594,0.051975936,-0.109143019,0.093650877,-0.115278959,0.121510923,-0.124501735,0.147169054,-0.134069473,Yaw_Right
0,0,0.051663324,0.003862619,0.093771353,-0.03010565,0.121526942,-0.0568268,0.13945137,-0.076657146,0.095750824,-0.153594524,0.140015706,-0.129008651,0.170956239,-0.123076856,0.196937069,-0.117944717,0.077975735,-0.167180628,0.131472066,-0.145098895,0.168318227,-0.130787343,0.199930683,-0.119950175,0.058422938,-0.154452205,0.111930773,-0.139500469,0.146056816,-0.132171214,0.176351413,-0.133539826,0.039785638,-0.120357871,0.081505463,-0.117428899,0.10864599,-0.12300086,0.134708658,-0.132663578,Yaw_Right
