x0,y0,x1,y1,x2,y2,x3,y3,x4,y4,x5,y5,x6,y6,x7,y7,x8,y8,x9,y9,x10,y10,x11,y11,x12,y12,x13,y13,x14,y14,x15,y15,x16,y16,x17,y17,x18,y18,x19,y19,x20,y20,Gesture
0.174343064,0.551334739,0.236438751,0.579516768,0.291878134,0.599062979,0.332145572,0.61083889,0.367106766,0.629776359,0.329728425,0.43584314,0.323488533,0.576424778,0.303400338,0.679917991,0.286800534,0.760277092,0.270317733,0.399337709,0.257527202,0.57317102,0.241078526,0.703098178,0.227673218,0.799137056,0.208400369,0.396546781,0.193902746,0.561561406,0.180943996,0.689411461,0.170074105,0.780439734,0.150521904,0.416012973,0.145956367,0.544332981,0.142774373,0.640930176,0.137679219,0.709400415,Pitch_Forward
0.181662202,0.508267105,0.23721391,0.532044709,0.284802049,0.522341549,0.315985262,0.497074097,0.344914377,0.471259147,0.301022828,0.390159607,0.305256963,0.477110863,0.299082458,0.554543018,0.293586731,0.61098671,0.255802721,0.36899662,0.256412655,0.485164374,0.253269523,0.577490568,0.250356317,0.638579845,0.209834024,0.376933128,0.210085168,0.495124668,0.212978005,0.573749781,0.214250207,0.619940519,0.167418063,0.40174818,0.16983813,0.491514355,0.176048756,0.553562224,0.182513058,0.590212941,Pitch_Forward
0.172707438,0.490412265,0.231091738,0.522589803,0.27423346,0.539963543,0.302116513,0.566936612,0.319759429,0.59843874,0.306169659,0.38527295,0.308443993,0.486773193,0.301647574,0.569957018,0.297902226,0.631791532,0.261591733,0.362017542,0.26122722,0.491544366,0.256215036,0.591918111,0.253091186,0.662785709,0.213741317,0.365483522,0.212716401,0.488997847,0.214039207,0.583933592,0.216429636,0.649333239,0.168976873,0.387669772,0.172757491,0.477101713,0.179990113,0.547582626,0.18858245,0.599197447,Pitch_Forward
0.173132554,0.493748099,0.230743915,0.527172029,0.2739622,0.543872595,0.302326679,0.567668319,0.319166005,0.597679734,0.307235926,0.386825025,0.308051676,0.489090383,0.298904777,0.575420737,0.293093204,0.639299214,0.262607187,0.362127036,0.262164533,0.48925525,0.256094307,0.5884583,0.251430333,0.659799278,0.214986593,0.365254939,0.213727996,0.488065928,0.214229077,0.582541108,0.215680271,0.648294449,0.170246184,0.38717559,0.174519271,0.478845626,0.181255713,0.549735487,0.189106762,0.6018821,Pitch_Forward
0.175279319,0.48710373,0.235061318,0.509379625,0.27883935,0.525372565,0.300935507,0.561428666,0.308418006,0.606578171,0.308840126,0.395502985,0.305196017,0.514728725,0.296471715,0.59829849,0.293602496,0.661442757,0.264476418,0.373538464,0.262159914,0.519419789,0.255578369,0.62172693,0.254014641,0.694042802,0.218086213,0.376501411,0.216574788,0.516054392,0.214738339,0.614904225,0.217000961,0.681495845,0.175298125,0.397135556,0.178590149,0.50218755,0.181891561,0.576263905,0.188536853,0.627664745,Pitch_Forward
0.175999284,0.517195821,0.235528171,0.549726367,0.285040855,0.540404797,0.323604196,0.529577434,0.363646835,0.543759465,0.297829747,0.382667154,0.301355481,0.455941141,0.294179291,0.530206442,0.287385911,0.584810078,0.252738506,0.36087814,0.25568524,0.452329814,0.249367982,0.541348338,0.24219349,0.608783603,0.207274556,0.367535293,0.205669597,0.459293604,0.207038045,0.543697894,0.207897335,0.607005954,0.16588518,0.392616719,0.168565542,0.46043539,0.173558697,0.522852063,0.178566635,0.568479061,Pitch_Forward
0.181884468,0.498429537,0.236003339,0.529734731,0.27890256,0.540732741,0.307728618,0.552257299,0.322651803,0.566994846,0.302520454,0.381124467,0.302548736,0.456030905,0.29143846,0.535134852,0.283388376,0.595592618,0.257946283,0.3594248,0.254293323,0.458088428,0.246339202,0.548052073,0.240069002,0.615379214,0.210938901,0.365061939,0.205299184,0.462477654,0.204215527,0.547838449,0.203999698,0.610360324,0.167783126,0.388927579,0.166670203,0.465268373,0.171399698,0.528688729,0.177008659,0.575097144,Pitch_Forward
0.181193352,0.374996275,0.243215933,0.412831664,0.286066025,0.480062366,0.292592198,0.56167841,0.291339487,0.622925043,0.304477155,0.414067984,0.296557099,0.56087625,0.289323121,0.65335077,0.283135742,0.729148269,0.256490678,0.390561044,0.250673115,0.577914953,0.243959635,0.680308938,0.239371851,0.75660181,0.20711118,0.391898453,0.205625385,0.574637771,0.204408631,0.674717605,0.202213317,0.74285078,0.164242834,0.409894735,0.168423474,0.540174782,0.174699754,0.623762965,0.17712228,0.687820554,Pitch_Forward
0.149114251,0.490272403,0.209455118,0.511424184,0.263781607,0.517367899,0.298707992,0.513546944,0.328377873,0.513888121,0.282891542,0.392954797,0.282290757,0.530187249,0.274641752,0.61921525,0.27055636,0.683889091,0.231309846,0.370540649,0.230875313,0.537531018,0.227071002,0.644279718,0.224408686,0.717657208,0.180913836,0.377602428,0.18388629,0.529323697,0.185238749,0.630610228,0.186515003,0.697452664,0.134706557,0.40257448,0.143909276,0.515682399,0.151782125,0.599036813,0.159004986,0.656301618,Pitch_Forward
0.160079479,0.373256922,0.231941447,0.402169764,0.283237815,0.469824165,0.304485023,0.543705642,0.309274048,0.606903911,0.287049294,0.446883976,0.282938302,0.611242831,0.27568996,0.714639008,0.26841855,0.795353413,0.235007539,0.429314822,0.232214957,0.635594249,0.227166027,0.763754189,0.222601354,0.854609907,0.182440534,0.434674323,0.185488194,0.630440116,0.186623007,0.748532772,0.18591091,0.825917721,0.1375947,0.454080403,0.146653086,0.605364561,0.15609239,0.699617624,0.16089642,0.769598603,Pitch_Forward
0.149961799,0.382300556,0.222580403,0.40379414,0.274108142,0.461241364,0.301196396,0.511311352,0.305568814,0.552474141,0.272867262,0.418842673,0.266359776,0.564704418,0.258523732,0.647480726,0.252149612,0.708229899,0.222563908,0.407391369,0.21437642,0.578623652,0.210585445,0.679376125,0.207526535,0.751728356,0.173276454,0.412050784,0.17186144,0.569281936,0.172829986,0.66523236,0.170583129,0.734512568,0.130343199,0.428665012,0.131135076,0.544919789,0.135433912,0.623487353,0.135154903,0.685427248,Pitch_Forward
0.166588411,0.500360429,0.219393834,0.519353867,0.268633693,0.511847615,0.299518883,0.49689275,0.298912346,0.475504339,0.269266009,0.367415965,0.26693216,0.442520916,0.255632162,0.517629385,0.242619097,0.573837042,0.21940212,0.346715361,0.20793283,0.44331497,0.196924135,0.52298969,0.186016664,0.580188632,0.169919044,0.355903566,0.158072501,0.459388226,0.152927369,0.529773772,0.149111927,0.575376272,0.127401978,0.380888104,0.119455084,0.4592655,0.116304979,0.514541984,0.114576809,0.545952857,Pitch_Forward
0.156488836,0.383924901,0.231287658,0.418027133,0.282672942,0.477600724,0.306207061,0.530283868,0.312549353,0.568480253,0.280202091,0.425906718,0.273427099,0.57629776,0.26795122,0.665257394,0.263513952,0.734118223,0.229127496,0.408162713,0.223151863,0.584115446,0.219035983,0.691024303,0.215213656,0.769737244,0.179094255,0.408931196,0.178253174,0.574134052,0.179435298,0.674098551,0.178293437,0.745028615,0.136637211,0.422468245,0.138039827,0.540718079,0.144689813,0.620141506,0.147041097,0.682694256,Pitch_Forward
0.162779182,0.381083131,0.228701383,0.418969244,0.276692212,0.493990719,0.291289628,0.580506027,0.292780131,0.649082005,0.28334415,0.459580123,0.276800513,0.619337738,0.267787904,0.720375776,0.260036021,0.800880671,0.232513279,0.441361427,0.227736458,0.637420654,0.219048172,0.760191798,0.210390955,0.848218203,0.180603504,0.443326414,0.179213762,0.631198764,0.177544415,0.747172415,0.174639285,0.826013446,0.135881573,0.458974481,0.139797807,0.599829674,0.144868404,0.690929949,0.145868123,0.760577321,Pitch_Forward
0.18251662,0.500164926,0.232930318,0.522639155,0.279377103,0.5202986,0.312800765,0.512640476,0.340148032,0.510631025,0.306371152,0.402364701,0.305372357,0.501298547,0.29670313,0.574114561,0.290629506,0.626523316,0.264814317,0.379131138,0.263204724,0.509809196,0.257235438,0.603063583,0.252325922,0.667904615,0.221340418,0.379226446,0.221492529,0.503391862,0.219865724,0.591620386,0.218718767,0.650241137,0.179701686,0.395937651,0.185887143,0.491782248,0.189904749,0.561174333,0.193480253,0.607590854,Pitch_Forward
0.191921145,0.504201472,0.237351954,0.524715483,0.282359064,0.534046769,0.31012544,0.539855897,0.332568169,0.546589792,0.316935062,0.415822029,0.308928788,0.53060931,0.293581247,0.615519404,0.285626888,0.678589225,0.271212399,0.385988295,0.259972155,0.544853985,0.247437239,0.648348749,0.241593003,0.716049075,0.224676803,0.384482622,0.221713051,0.531159341,0.215495214,0.634115338,0.213258326,0.701504886,0.181681544,0.403502792,0.189489156,0.51669234,0.192280889,0.600724697,0.195982128,0.657802284,Pitch_Forward
0.190356165,0.404403865,0.254464686,0.439027965,0.299932957,0.505768239,0.314274341,0.569891572,0.315802813,0.605411708,0.310978949,0.46050483,0.303047419,0.608593345,0.294867426,0.701383591,0.285586834,0.776238978,0.265290082,0.439260423,0.258830428,0.622134566,0.252325743,0.731223822,0.247407451,0.810871124,0.219052166,0.440870851,0.219765946,0.619646192,0.217264369,0.720381498,0.212684512,0.78903532,0.179659903,0.457996964,0.187945485,0.592840195,0.193025082,0.675922394,0.193570524,0.739229798,Pitch_Forward
0.202878445,0.494359225,0.255072385,0.513196647,0.291768134,0.527339101,0.308176965,0.550691366,0.308368981,0.582035065,0.307672232,0.413563967,0.304596692,0.509581089,0.296722859,0.584014356,0.292039841,0.637234747,0.262549698,0.39706257,0.260842711,0.520564318,0.258963645,0.611343682,0.258411616,0.674780071,0.217329353,0.404990882,0.216860265,0.526928067,0.221696764,0.612617373,0.226231575,0.668622971,0.177221984,0.428966761,0.180702358,0.52224493,0.188360274,0.58723861,0.197032362,0.630603015,Pitch_Forward
0.199714199,0.50051862,0.251548022,0.52167362,0.292886466,0.53153199,0.318664253,0.539041519,0.327196002,0.546469092,0.304484934,0.413669169,0.303557456,0.507915378,0.296846896,0.586377263,0.293571949,0.645648956,0.259996533,0.397764027,0.259545565,0.526892722,0.257974446,0.620058119,0.258425146,0.687444985,0.216167986,0.405487329,0.216196373,0.530514419,0.219464779,0.618071198,0.223891318,0.678397715,0.177124113,0.427520156,0.179825649,0.519471288,0.185654238,0.585406363,0.19300285,0.63174057,Pitch_Forward
0.18639718,0.47759831,0.240260482,0.490686059,0.287172288,0.512712598,0.31643647,0.534754634,0.336016476,0.550729036,0.306960136,0.421747595,0.30820477,0.549650729,0.305494905,0.634698033,0.30618304,0.698904634,0.263203681,0.401369274,0.265716523,0.564107299,0.265257359,0.667184353,0.267617553,0.74069345,0.219930053,0.405591667,0.225040883,0.562844932,0.230043203,0.66031009,0.234525204,0.729498982,0.181314945,0.425695777,0.189304575,0.550979376,0.196488827,0.627538979,0.203704476,0.683361769,Pitch_Forward
0.186095834,0.490921646,0.242482215,0.506364048,0.289678812,0.518614292,0.318350106,0.531811416,0.338028789,0.550505221,0.312439114,0.409704804,0.315603048,0.522936523,0.309382677,0.606627464,0.307833314,0.668769419,0.269152761,0.392067134,0.270290077,0.545897722,0.270970315,0.649112105,0.27594322,0.720275164,0.224936768,0.399406791,0.22893697,0.549942493,0.233295023,0.649082899,0.238912493,0.71557039,0.184497416,0.423452914,0.19310835,0.537095368,0.199495167,0.612353981,0.20608741,0.663275719,Pitch_Forward
0.173397511,0.507122576,0.235993311,0.529395282,0.289765775,0.517091155,0.328991264,0.500884056,0.372911453,0.48573485,0.303026289,0.394995898,0.310757965,0.503412783,0.311365813,0.587610722,0.312688917,0.647080004,0.258352786,0.381994814,0.26682198,0.528392553,0.271786183,0.632726312,0.274670899,0.702860057,0.215471193,0.396229416,0.225638285,0.536280096,0.234577522,0.635394037,0.240485579,0.70120877,0.176180929,0.426450193,0.189980388,0.529146373,0.201280594,0.603150189,0.210893154,0.652026713,Pitch_Forward
0.186076105,0.485757947,0.246071368,0.498518556,0.301951796,0.502313852,0.342055619,0.495613635,0.380249202,0.480247796,0.316997439,0.42118898,0.320616096,0.554205477,0.319832295,0.641012549,0.32136485,0.707973778,0.274071485,0.403747022,0.278666764,0.570061743,0.2818335,0.672515392,0.284703165,0.745079279,0.229677811,0.411565036,0.237798586,0.570518315,0.24605827,0.668192744,0.251659751,0.737509787,0.189168796,0.436129302,0.200435579,0.555602789,0.209874898,0.629720747,0.217745706,0.683777571,Pitch_Forward
0.175474346,0.56556499,0.226179093,0.57538259,0.276916027,0.561347425,0.311856449,0.539175153,0.339863807,0.51524359,0.29621762,0.451591253,0.298494458,0.575590789,0.290325582,0.660369873,0.284987122,0.723707557,0.252056688,0.433224171,0.252385765,0.584577799,0.247347698,0.685595512,0.243980497,0.757134438,0.206635952,0.441001922,0.21030207,0.578046501,0.210502326,0.674387693,0.210792139,0.74064219,0.164251745,0.467722505,0.173703611,0.565499961,0.179925159,0.639079094,0.183889464,0.690693617,Pitch_Forward
0.183683157,0.537490547,0.241697997,0.547548473,0.293660641,0.553065658,0.325266659,0.549932063,0.345503569,0.544599831,0.312678099,0.468413264,0.301064402,0.613554835,0.290386111,0.700898647,0.287220806,0.767117858,0.267260641,0.441315472,0.257635623,0.617407084,0.252548486,0.720262945,0.25185734,0.794073701,0.221524715,0.441337466,0.219166353,0.607731223,0.219418794,0.709253788,0.22105597,0.781061351,0.179759741,0.460373044,0.184954971,0.583560646,0.189002529,0.66419363,0.193700314,0.720956564,Pitch_Forward
0.167437643,0.738996148,0.218918636,0.744400561,0.26124689,0.706589222,0.285528421,0.650306165,0.293461502,0.582982063,0.244970992,0.616258144,0.259670794,0.554330468,0.264324903,0.506340504,0.269093156,0.460811347,0.210933611,0.59557873,0.223267555,0.522381067,0.229085803,0.467143983,0.23563461,0.415527016,0.175055563,0.596435606,0.181937367,0.52799499,0.186555102,0.476671755,0.192778885,0.428591609,0.139260098,0.614082336,0.142739326,0.560851455,0.145657435,0.51925683,0.149544448,0.478644609,Pitch_Backward
0.168499827,0.669687033,0.219566122,0.669834793,0.263717234,0.637359142,0.294595897,0.602111936,0.310810477,0.55809319,0.252309978,0.557006061,0.270657778,0.502629817,0.274652362,0.473337382,0.272688389,0.457618296,0.214432657,0.539551258,0.22305505,0.475160509,0.225301623,0.446107566,0.224892378,0.430462807,0.173533961,0.548300445,0.172036201,0.506460726,0.173700631,0.474542886,0.174800098,0.451910675,0.132518992,0.575316072,0.123144455,0.53579253,0.122353852,0.512948513,0.120744117,0.494330972,Pitch_Backward
0.176063314,0.703320503,0.235243127,0.71693635,0.27729705,0.684350669,0.301696986,0.64182061,0.307111442,0.575661361,0.260413021,0.576049805,0.275731832,0.508196712,0.278613597,0.452466547,0.281907469,0.399304509,0.219974443,0.559060574,0.230835915,0.478209555,0.232716605,0.415813446,0.238421738,0.348746002,0.17878677,0.563162684,0.180716306,0.49773711,0.181459814,0.439633548,0.183476329,0.384615541,0.137632817,0.584812164,0.135687217,0.534113586,0.135706186,0.49223417,0.134406626,0.445616722,Pitch_Backward
0.199739844,0.681546211,0.250845015,0.701574266,0.290859848,0.686474383,0.319179356,0.662308216,0.340001017,0.618970394,0.284851104,0.600615442,0.303714484,0.5524261,0.308078319,0.520443082,0.306938887,0.498117805,0.248847514,0.577618301,0.260348022,0.521123767,0.262958169,0.489276528,0.262916088,0.464075565,0.209032208,0.579409182,0.211559802,0.543800473,0.213132381,0.50899446,0.211570293,0.479840398,0.168330759,0.601085186,0.163770407,0.57708925,0.162232354,0.552929163,0.157540679,0.527349114,Pitch_Backward
0.19252792,0.674865484,0.259515703,0.692494035,0.302499503,0.659120202,0.325591683,0.612516165,0.329716176,0.545088947,0.285632551,0.544954896,0.307635963,0.469304532,0.311319232,0.396521091,0.311881691,0.331067145,0.244501218,0.533101737,0.260194868,0.432979912,0.263706982,0.349086702,0.268979073,0.268567622,0.203371644,0.540399373,0.211852208,0.457801402,0.214111596,0.379774511,0.216088623,0.313364923,0.162939131,0.560898304,0.166938305,0.507968128,0.168974519,0.457443118,0.168634266,0.405924678,Pitch_Backward
0.260079384,0.788458943,0.301759481,0.805128872,0.334853649,0.788201034,0.356032282,0.75726074,0.363067657,0.71169132,0.331539869,0.703807831,0.349341035,0.650460899,0.355747163,0.606315613,0.362854034,0.564562976,0.30478698,0.686388075,0.318340927,0.624623299,0.326322138,0.575827718,0.335871577,0.528621078,0.275445998,0.68570435,0.283021063,0.629389763,0.289895207,0.585997462,0.297321767,0.545379817,0.245524585,0.695530295,0.250524521,0.65471673,0.254407823,0.62178731,0.258228362,0.585885406,Pitch_Backward
0.258805156,0.80700314,0.302916527,0.806947827,0.340082347,0.765462637,0.360484809,0.710990369,0.372774601,0.652894199,0.323590338,0.683168411,0.335616469,0.617166996,0.338713109,0.569554567,0.341724515,0.523680568,0.294014633,0.668839872,0.304403186,0.592633009,0.309250414,0.539250135,0.313871115,0.488437712,0.263343662,0.673186064,0.267986,0.602067351,0.272242963,0.551986217,0.276916295,0.505304098,0.232708573,0.690542579,0.23620452,0.635431826,0.239223436,0.595354378,0.242317408,0.556132317,Pitch_Backward
0.255650103,0.807508469,0.300926715,0.811067581,0.341403812,0.776096344,0.36221087,0.725487351,0.371149868,0.664632201,0.325202793,0.681344151,0.338163853,0.606329262,0.341666162,0.552158892,0.344847202,0.500361919,0.294948459,0.664270699,0.306591153,0.57475847,0.312589675,0.511918247,0.318684727,0.451309085,0.264162809,0.665949702,0.270110667,0.586090863,0.275740057,0.530038476,0.281471848,0.479332596,0.233598828,0.680976152,0.237276778,0.618659437,0.241662711,0.576269031,0.246430427,0.536722302,Pitch_Backward
0.275697321,0.763604105,0.31661576,0.76357615,0.353865862,0.737164259,0.373526514,0.700318217,0.375888079,0.653037012,0.338305146,0.664645493,0.348375946,0.606250644,0.349216282,0.567764997,0.349463791,0.529456377,0.311411023,0.65653497,0.318103105,0.588306904,0.319334894,0.543153346,0.320518166,0.498058319,0.284221292,0.663818121,0.284770429,0.602861822,0.284830123,0.563045859,0.286001652,0.521583557,0.257634848,0.682013035,0.255443692,0.637587309,0.254294068,0.606575429,0.25397265,0.573299408,Pitch_Backward
0.265225708,0.788552642,0.310814381,0.78680402,0.351097047,0.746373773,0.371314347,0.695871055,0.377947509,0.64115411,0.340376049,0.652401328,0.352832109,0.570024908,0.355123222,0.514097452,0.356623352,0.46097666,0.312131941,0.64119643,0.322349906,0.545230746,0.326849878,0.482632458,0.331180364,0.423335999,0.283880949,0.649388254,0.289420068,0.564473271,0.293882519,0.507681787,0.298042446,0.454426289,0.256043345,0.670985222,0.258292884,0.608684897,0.260589421,0.565724313,0.262692809,0.522454917,Pitch_Backward
0.274635881,0.763953567,0.31905213,0.77211225,0.35463506,0.745201886,0.375480413,0.703441083,0.37918368,0.653855503,0.340218484,0.671477437,0.354849428,0.62185514,0.359020054,0.583229303,0.363260657,0.547460735,0.314543694,0.6588884,0.324983895,0.603623629,0.33005771,0.561988652,0.335468799,0.522616446,0.287151873,0.66321224,0.292441726,0.613843918,0.296910644,0.574733078,0.301643103,0.535535932,0.259610027,0.677859485,0.260611594,0.638498127,0.261617988,0.605589092,0.262883008,0.569976091,Pitch_Backward
0.273503572,0.780495405,0.311380893,0.789012074,0.34590748,0.762569547,0.355773777,0.719083905,0.339553535,0.683713496,0.344727546,0.663820267,0.354328245,0.599737227,0.3554447,0.552532613,0.35678339,0.50659883,0.317938924,0.653969169,0.325698793,0.577400804,0.327257395,0.524110079,0.329102248,0.472751737,0.290957332,0.663371325,0.293823332,0.595267177,0.29460609,0.549273133,0.295184851,0.504300714,0.263699383,0.684387982,0.263261139,0.636277437,0.262844354,0.604166567,0.262421906,0.569519103,Pitch_Backward
0.267170429,0.776224554,0.308450818,0.780149162,0.346134722,0.752034009,0.359391809,0.708726585,0.352568537,0.658588946,0.346570969,0.648952305,0.358691037,0.57257241,0.360778272,0.521681666,0.362824798,0.472484201,0.320182055,0.637613237,0.330056369,0.548933983,0.333460003,0.490807176,0.336990058,0.435436785,0.292964995,0.644925475,0.29754135,0.564906955,0.300036758,0.514694512,0.302691042,0.4666875,0.26551187,0.66504097,0.266664833,0.607800066,0.26799804,0.570910394,0.269596547,0.532726824,Pitch_Backward
0.281996191,0.730466723,0.326716065,0.740951717,0.360135317,0.710146189,0.380078673,0.668265998,0.390784681,0.61704278,0.347487122,0.64790839,0.361519068,0.605738342,0.367064178,0.570297062,0.371637791,0.540230453,0.322196871,0.63460058,0.332345545,0.586948812,0.337831646,0.549216151,0.343775034,0.515328765,0.2951397,0.637319088,0.299748242,0.598448217,0.304390788,0.562725425,0.308925092,0.529471517,0.267577887,0.652719975,0.269411713,0.622898519,0.271104753,0.594218254,0.272258461,0.562925696,Pitch_Backward
0.279486954,0.754863143,0.323241591,0.757583201,0.361636311,0.718599617,0.382265747,0.666763127,0.387097329,0.611805081,0.345616698,0.645592988,0.359956175,0.582585394,0.3654342,0.537705123,0.370929062,0.495044291,0.319318384,0.631582379,0.332608938,0.558388889,0.33982113,0.50733155,0.346457869,0.459830225,0.291671723,0.636454821,0.29936704,0.572203696,0.305934548,0.527193666,0.312631249,0.484294415,0.263992786,0.65427649,0.26801607,0.607126713,0.270725667,0.571613848,0.273601085,0.535687745,Pitch_Backward
0.275618643,0.801496089,0.321925044,0.795815587,0.363543749,0.747629583,0.385132432,0.690728426,0.390603006,0.631442606,0.350509077,0.65997684,0.365549982,0.582869232,0.369934976,0.530173898,0.373347163,0.479327798,0.323334068,0.645541906,0.33614558,0.558872759,0.342999816,0.500276327,0.349121481,0.445521593,0.29544276,0.650366664,0.302210867,0.572422802,0.308902472,0.520020723,0.315666437,0.469916165,0.266798377,0.668922424,0.271264076,0.608678699,0.275044203,0.567196131,0.27894938,0.525811732,Pitch_Backward
0.269338906,0.801218867,0.318270624,0.790125132,0.359097332,0.737483025,0.37983045,0.677594006,0.385874242,0.615124166,0.348502994,0.638822496,0.36291641,0.556475818,0.367001593,0.501538515,0.370198429,0.448649406,0.321874887,0.62610966,0.334366649,0.534771979,0.341691256,0.471697509,0.347807616,0.41189006,0.293681502,0.633747578,0.299898446,0.550419331,0.307921767,0.493024707,0.315462917,0.437787086,0.264260769,0.655154228,0.26879248,0.590842843,0.273542166,0.545308113,0.277894169,0.499492407,Pitch_Backward
0.28508091,0.773286045,0.322900206,0.780745387,0.357724816,0.754510701,0.363525301,0.706049383,0.347308189,0.662478626,0.353523612,0.653933406,0.363768458,0.597838759,0.364326358,0.555959463,0.365477562,0.513982415,0.326811016,0.641915441,0.335633248,0.577708542,0.33667931,0.531260967,0.337850034,0.486410856,0.298966855,0.649243355,0.303238302,0.59157604,0.304400086,0.552201211,0.305374324,0.512911499,0.269288659,0.667392969,0.27254355,0.624324739,0.273576856,0.594343126,0.273569942,0.5618155,Pitch_Backward
0.291982979,0.770857155,0.322896391,0.780901015,0.353280932,0.765751362,0.354268998,0.722591579,0.338487983,0.682611585,0.354618639,0.67070204,0.364970088,0.631260514,0.364147633,0.600752711,0.362719536,0.572495162,0.326850504,0.651537299,0.333368629,0.607327461,0.333645135,0.5784235,0.335475922,0.555363357,0.298551589,0.653929889,0.300621063,0.612665892,0.301669329,0.587273359,0.304039985,0.566328883,0.269930214,0.671649694,0.269975662,0.63112253,0.270122379,0.609967709,0.271378726,0.592197895,Pitch_Backward
0.292359114,0.747440159,0.326589942,0.754866242,0.359565079,0.743974209,0.366550356,0.717350602,0.347989291,0.692229509,0.362324506,0.623870194,0.367653966,0.639350057,0.363605946,0.663687289,0.35364759,0.678435087,0.331055671,0.60662967,0.330399513,0.622031629,0.328754693,0.643760264,0.324438423,0.650615335,0.298917681,0.61659044,0.298106283,0.635371804,0.300444663,0.652911127,0.301528275,0.652435482,0.268813461,0.643997788,0.265575469,0.65027082,0.269868284,0.658916235,0.27522105,0.654222429,Pitch_Backward
0.295526713,0.752660036,0.326201707,0.76487118,0.358118892,0.745778203,0.365006536,0.705004394,0.352762997,0.669971466,0.36022684,0.660073221,0.36893028,0.614598811,0.368783236,0.584547997,0.36461094,0.571719766,0.331873,0.638284862,0.338083982,0.586170852,0.338345319,0.559672177,0.336955398,0.557107091,0.302637577,0.641417444,0.304920375,0.599020779,0.306226999,0.57447511,0.307313919,0.566877127,0.274010211,0.660503924,0.272213519,0.626307011,0.271702766,0.606406331,0.270947754,0.596047521,Pitch_Backward
0.288331032,0.746480942,0.331113249,0.760147035,0.364738494,0.734822035,0.371020198,0.690291047,0.35488525,0.64690876,0.35838607,0.637916625,0.370126724,0.58707726,0.372636408,0.546898663,0.374653935,0.507901788,0.331132591,0.628391862,0.341674387,0.565151274,0.34454143,0.522390902,0.347587466,0.480270296,0.303267449,0.636268854,0.308612972,0.578930616,0.311708957,0.540860176,0.313411534,0.504614234,0.274512589,0.655016363,0.278199375,0.616391301,0.279710084,0.586509347,0.279892504,0.554168344,Pitch_Backward
0.290567458,0.752995014,0.331184357,0.761402309,0.357910961,0.732981861,0.370121419,0.694298446,0.383633494,0.643244445,0.356544286,0.642368197,0.366983175,0.587891221,0.369802833,0.546454728,0.373055369,0.507919073,0.330601871,0.632274628,0.338051617,0.569504797,0.341925353,0.52594167,0.346506566,0.482262284,0.303189576,0.639635742,0.306224227,0.584912896,0.309913814,0.545790911,0.312802017,0.508758664,0.275217295,0.659641266,0.276335806,0.61863184,0.277855575,0.587762654,0.278439134,0.556653321,Pitch_Backward
0.283746511,0.757971585,0.325913161,0.760232747,0.359828472,0.727227688,0.37494424,0.678757966,0.392083704,0.630897105,0.354618549,0.637932539,0.367603868,0.57357347,0.370710433,0.527273655,0.373363525,0.482799411,0.329356849,0.627396345,0.33965537,0.555299401,0.343967021,0.505275369,0.347748101,0.45655942,0.303015292,0.634474695,0.307665199,0.570294797,0.312219024,0.527505696,0.316608787,0.485235631,0.276246011,0.653754115,0.277531505,0.604893327,0.27917701,0.571842909,0.280849129,0.537508011,Pitch_Backward
0.286144674,0.756274045,0.329477131,0.761780739,0.361592501,0.724356592,0.379327893,0.677880764,0.403069764,0.629533947,0.354475141,0.637330234,0.365418822,0.576260448,0.368125528,0.529642522,0.370906532,0.485064596,0.32882452,0.627435565,0.337125242,0.555443883,0.340130925,0.506730735,0.34409219,0.455545485,0.301280946,0.635757565,0.304367542,0.573069751,0.307609469,0.529122531,0.310480505,0.485508978,0.273290306,0.65722543,0.273463875,0.611218274,0.274852395,0.577452958,0.275527477,0.541883826,Pitch_Backward
0.280665189,0.726804256,0.328747511,0.708947957,0.356415242,0.659233332,0.367252141,0.61141634,0.376527071,0.556722045,0.33825171,0.60386616,0.34487167,0.549530506,0.34432888,0.512170494,0.340388894,0.489082396,0.31393528,0.615616322,0.316410094,0.550648272,0.315567046,0.517332435,0.314210176,0.494935215,0.291240752,0.640173376,0.293792367,0.595988214,0.295490235,0.565844893,0.293721914,0.543174267,0.27060473,0.674638689,0.274089515,0.648713946,0.274647146,0.625542462,0.270621836,0.601624191,Roll_Left
0.27252537,0.646765172,0.314581245,0.637528539,0.342304051,0.591365695,0.353590339,0.543299139,0.361267686,0.499013543,0.341936469,0.547631323,0.35995689,0.501386642,0.361845344,0.467145801,0.35828054,0.441358268,0.313529074,0.53872937,0.326823384,0.48121196,0.32793653,0.444806159,0.323798656,0.422903776,0.284751445,0.549198747,0.293550581,0.514902234,0.29458046,0.507010281,0.292001665,0.505640507,0.258203715,0.573500574,0.261692226,0.57008332,0.263181508,0.572983563,0.263069749,0.575839698,Roll_Left
0.290098667,0.666216314,0.341556937,0.650358498,0.373030841,0.591651022,0.395296663,0.548439384,0.414974868,0.498285532,0.361866474,0.595070481,0.37426275,0.546636045,0.373263925,0.514237881,0.364387423,0.486580014,0.33621645,0.61054939,0.344152033,0.567084789,0.343715072,0.530765057,0.33692348,0.505181432,0.312339842,0.630814672,0.315927863,0.602650762,0.31561771,0.580029607,0.3089315,0.568132877,0.291768581,0.65400672,0.289717913,0.641826153,0.285210788,0.639966547,0.279161364,0.637364268,Roll_Left
0.27757737,0.663426101,0.332349181,0.651673198,0.371003479,0.5909307,0.398545742,0.53826642,0.432604402,0.488574266,0.350071967,0.535631597,0.363566458,0.475378871,0.366234303,0.423864007,0.367411196,0.380005509,0.320942432,0.539428711,0.331035078,0.472366452,0.332935691,0.42049858,0.335000545,0.372008771,0.291151881,0.558904469,0.296738327,0.506698966,0.301194608,0.464777112,0.303092659,0.426081836,0.260862291,0.589444101,0.264392525,0.560658574,0.268264771,0.533946633,0.26901859,0.500379622,Roll_Left
0.265903533,0.654035449,0.329863906,0.657675147,0.367969096,0.608856618,0.384837002,0.553187907,0.396274984,0.490482092,0.350587159,0.536683381,0.370183289,0.478865504,0.376730502,0.430542916,0.377635241,0.390357673,0.319401234,0.543469846,0.337992638,0.47422272,0.344872206,0.421495408,0.348671854,0.374171257,0.289820701,0.562653899,0.303541631,0.511049807,0.312967181,0.470475256,0.316476405,0.437945604,0.261301517,0.589265525,0.271573991,0.564187586,0.279480457,0.536030352,0.284140944,0.506891608,Roll_Left
0.218029976,0.7092399,0.277731836,0.67489177,0.316585332,0.6170488,0.326953441,0.563197851,0.325939924,0.508559763,0.290336698,0.588927269,0.323198944,0.542799473,0.33488965,0.504812479,0.334386021,0.478742808,0.267778367,0.614044726,0.288951665,0.57180655,0.303426266,0.538134575,0.311792165,0.510365546,0.249855638,0.654043198,0.270171553,0.637086093,0.2872563,0.619465411,0.298414171,0.599089146,0.239465714,0.706743121,0.260486543,0.70887655,0.275269866,0.699602485,0.287050962,0.68186754,Roll_Left
0.214664936,0.724294543,0.277766526,0.674907506,0.306980312,0.611349881,0.315703392,0.560540915,0.3167077,0.506150186,0.28072983,0.584725857,0.312272221,0.542415142,0.328364193,0.504867613,0.332870364,0.475704134,0.261243373,0.61896342,0.279479802,0.574640095,0.29787901,0.536078811,0.311408639,0.503802836,0.247997358,0.665165782,0.26240468,0.64061594,0.281726122,0.617224574,0.295578152,0.596728444,0.244513601,0.720238924,0.259266585,0.714583576,0.27357313,0.704740882,0.286427289,0.687138975,Roll_Left
0.216634572,0.719426513,0.267580897,0.646013439,0.296758145,0.583689213,0.315783322,0.543131173,0.327900559,0.489292502,0.300116241,0.577492118,0.322826982,0.517230988,0.333145738,0.46137017,0.331278592,0.411584854,0.280153781,0.619912565,0.295366019,0.562235713,0.303771228,0.523659348,0.308698535,0.48767662,0.26167497,0.669841468,0.269771934,0.634060025,0.283724219,0.608010888,0.293255895,0.582152307,0.248813033,0.725599468,0.257925093,0.714091837,0.269013971,0.701587081,0.280906141,0.680473387,Roll_Left
0.269529313,0.702957809,0.323025167,0.67896378,0.35275948,0.62314868,0.369940281,0.577274263,0.385944813,0.527289033,0.343770474,0.58102715,0.359572053,0.526252091,0.366496176,0.480589271,0.366838157,0.446433902,0.32313928,0.597200572,0.337884426,0.539652109,0.344913572,0.493511051,0.347031623,0.453465223,0.300244778,0.625638187,0.309331566,0.579418719,0.321161568,0.545635283,0.326895952,0.519444406,0.275629818,0.661528885,0.282900363,0.63988626,0.292893976,0.619490504,0.299698234,0.598770738,Roll_Left
0.254218251,0.68603307,0.311226815,0.658902466,0.349762887,0.602105737,0.361239493,0.549850523,0.36716944,0.499821007,0.341073871,0.574936807,0.350904822,0.513271093,0.346344501,0.468406081,0.332012892,0.434716582,0.319201648,0.594229162,0.331942976,0.532750487,0.331462443,0.485254049,0.32499221,0.445319116,0.299823463,0.623873115,0.309748709,0.585532963,0.314821422,0.552649677,0.311306864,0.520693302,0.281934291,0.662760794,0.291866183,0.652242839,0.298005521,0.632611573,0.299607038,0.606386662,Roll_Left
0.27131632,0.661430359,0.299253345,0.602919936,0.317290545,0.551054537,0.324560434,0.514253616,0.327071816,0.474594712,0.334375322,0.555381358,0.346654713,0.510791183,0.342233032,0.47693342,0.330155253,0.452501446,0.313814074,0.585691929,0.313768446,0.535911679,0.300746948,0.495134562,0.28570497,0.47488299,0.292026013,0.622802556,0.287686467,0.58759284,0.279077291,0.557023287,0.269832879,0.547481537,0.271598101,0.662124634,0.266169399,0.64707315,0.263486117,0.636284649,0.261412114,0.633881807,Roll_Left
0.298549026,0.668935597,0.333165139,0.613312602,0.346602052,0.545164824,0.356583446,0.49171865,0.368013531,0.429127157,0.312649846,0.537242889,0.299979776,0.498788089,0.283155382,0.477174759,0.267238349,0.455399096,0.289233983,0.574766099,0.273378074,0.544780493,0.256193757,0.523091853,0.242241606,0.499828994,0.27368027,0.623042583,0.269190997,0.613940239,0.26153183,0.600485325,0.255171299,0.590591431,0.266698778,0.676837146,0.263664305,0.674474359,0.261557251,0.670505345,0.256580949,0.668224812,Roll_Left
0.280346036,0.689510822,0.322619259,0.647521317,0.345746309,0.585232556,0.357676119,0.534533978,0.372653574,0.478243947,0.317639112,0.572357476,0.318370432,0.533058882,0.308698386,0.50771445,0.298304468,0.485908329,0.288492411,0.597162664,0.279746741,0.553835332,0.270075083,0.527447939,0.262325704,0.505678058,0.266214073,0.635811746,0.261368126,0.612269104,0.254915595,0.593238175,0.249561161,0.58134371,0.25143984,0.684348583,0.24662593,0.678764641,0.241197646,0.666815042,0.233958453,0.657289147,Roll_Left
0.295714349,0.667212307,0.329984814,0.618425488,0.343196481,0.562453926,0.349070579,0.516071975,0.355187386,0.459862143,0.311865777,0.543598115,0.309055746,0.509537101,0.2992706,0.4903633,0.289668113,0.471908987,0.287354589,0.575946093,0.274626732,0.541945517,0.264858872,0.524668097,0.258539021,0.511384308,0.271684229,0.621005654,0.266181052,0.607275069,0.26071623,0.597481608,0.257893085,0.593057632,0.264399886,0.67299211,0.260486513,0.676916718,0.256332308,0.672713399,0.251118064,0.66922009,Roll_Left
0.264923811,0.659844458,0.314363927,0.622505188,0.346658081,0.546585798,0.364024132,0.491760552,0.376441807,0.425567508,0.321911663,0.565333068,0.31072098,0.511468709,0.297577322,0.479685396,0.282113075,0.457906961,0.297483325,0.600869596,0.284905612,0.552752435,0.27579689,0.531155229,0.267938972,0.517953217,0.27870211,0.637008429,0.269456625,0.621673763,0.264928043,0.612076104,0.258999497,0.603115201,0.266040444,0.67449671,0.260798723,0.683010221,0.256404281,0.690601647,0.253018379,0.688710928,Roll_Left
0.254526854,0.659314632,0.285756201,0.583656847,0.314536899,0.525916576,0.331463546,0.486142308,0.34479484,0.431046695,0.326354027,0.556255937,0.319580913,0.513275802,0.302976787,0.488675207,0.287442029,0.465550244,0.307131588,0.598897755,0.291766793,0.55691421,0.27567637,0.535446167,0.27387166,0.517069995,0.286606044,0.639329731,0.27062583,0.615165532,0.261008441,0.607292295,0.264460504,0.605311751,0.268919617,0.682587743,0.25660184,0.673473358,0.25231421,0.6714288,0.260500908,0.670424461,Roll_Left
0.246446043,0.670776486,0.277139932,0.610850334,0.307211071,0.551126182,0.322794467,0.503524661,0.33003971,0.445299327,0.330103844,0.56304419,0.320819557,0.505611897,0.299031705,0.481677294,0.284825981,0.457415521,0.306982428,0.601517797,0.286998361,0.545046687,0.263377786,0.53978622,0.265238792,0.53139621,0.28447929,0.638127863,0.260329098,0.605488479,0.242044985,0.623396039,0.249514282,0.634335637,0.266201317,0.673319578,0.249289453,0.658701241,0.236980185,0.667411089,0.245658055,0.677459836,Roll_Left
0.249603972,0.670623481,0.281418204,0.596537352,0.314107388,0.532217979,0.330351353,0.484511197,0.33954215,0.422881126,0.326079279,0.55899775,0.314939469,0.511336505,0.297226161,0.496689528,0.282130569,0.480360776,0.304899871,0.606489658,0.28115654,0.566264331,0.26387012,0.563560307,0.266628116,0.553354025,0.283196181,0.649779677,0.262511015,0.628673792,0.251289576,0.634466529,0.25625518,0.630860388,0.263717532,0.692382991,0.25075981,0.691258907,0.242920086,0.695035219,0.250196844,0.691062689,Roll_Left
0.248400152,0.667993009,0.278888732,0.583313942,0.309915513,0.528046131,0.325246483,0.485292912,0.33386457,0.427102029,0.324701399,0.557058156,0.316623181,0.510859489,0.294619828,0.49556154,0.277458906,0.479404211,0.304278791,0.604148209,0.287148982,0.573399246,0.263967633,0.565628588,0.263908863,0.552971184,0.283965528,0.649422288,0.266664892,0.640526891,0.248484641,0.639367104,0.252485573,0.632445097,0.266890377,0.690630853,0.251411706,0.697073817,0.238555968,0.700256526,0.246643484,0.697194815,Roll_Left
0.325481862,0.501593232,0.34757632,0.460261703,0.35396421,0.406578392,0.348719984,0.370097131,0.339919716,0.337247133,0.326105535,0.407601982,0.312678546,0.373505056,0.302247852,0.35647741,0.293559879,0.342778593,0.307647526,0.4388901,0.289820105,0.405555606,0.278455853,0.387342513,0.271894544,0.375040859,0.29638958,0.477306634,0.278774142,0.454921931,0.269240558,0.442654818,0.265919268,0.436137825,0.290548354,0.519049048,0.273875147,0.502530634,0.265390247,0.493723422,0.261384189,0.490031213,Roll_Left
0.334138006,0.489386857,0.34505704,0.439677477,0.340179503,0.387246877,0.331358552,0.353312433,0.321290106,0.323620975,0.313407511,0.400173664,0.296001136,0.373814702,0.28273356,0.360810012,0.271527261,0.349728346,0.300985873,0.439179331,0.27935493,0.418876588,0.265831798,0.406892896,0.257567078,0.397730589,0.29700458,0.481477767,0.276814818,0.470493942,0.267692596,0.466378659,0.265317351,0.465025276,0.298935473,0.523602486,0.280427754,0.519439936,0.277415097,0.517590523,0.279586077,0.518372059,Roll_Left
0.337149352,0.48805517,0.34708634,0.440704852,0.346605778,0.396449089,0.342723101,0.371270716,0.326586366,0.370006531,0.311597615,0.405420095,0.294053853,0.386962146,0.280516654,0.381260395,0.271590173,0.377631038,0.300758362,0.447850049,0.276340097,0.436865777,0.26695323,0.432692468,0.264488399,0.426782012,0.299266845,0.492965907,0.277766675,0.49475053,0.272815913,0.491406858,0.278441936,0.485674232,0.305248201,0.537731171,0.286726922,0.550169289,0.285868108,0.54737407,0.293738872,0.540769041,Roll_Left
0.335377246,0.520731449,0.345657587,0.469727337,0.340794116,0.4165259,0.337217093,0.368826956,0.339085519,0.317174375,0.312918186,0.421989143,0.297458798,0.396810442,0.283453733,0.386072338,0.270732939,0.377046198,0.300621927,0.461106718,0.277176231,0.443024009,0.269017339,0.435541421,0.265698552,0.431095809,0.295905948,0.505485356,0.27168262,0.498356819,0.27020359,0.495770872,0.275502712,0.49546653,0.29691124,0.551201344,0.275078088,0.554530323,0.279037058,0.551056743,0.289194345,0.547228754,Roll_Left
0.330178082,0.511599064,0.340444475,0.460121095,0.329272985,0.409227759,0.316878021,0.370006025,0.306802124,0.3187024,0.304212481,0.435031712,0.29014799,0.415234774,0.276764512,0.406373173,0.266141653,0.399746299,0.292498738,0.477316439,0.269774735,0.462665319,0.262049228,0.457963169,0.260891259,0.453927666,0.289701253,0.521350265,0.26531902,0.518935144,0.261915803,0.51933223,0.269659311,0.520417571,0.294179082,0.564817429,0.272059202,0.573557973,0.27330935,0.571205437,0.283362597,0.569071412,Roll_Left
0.320782185,0.509128809,0.331520319,0.455722511,0.323958129,0.412104368,0.3153359,0.378610462,0.304435939,0.332160473,0.297790766,0.432092398,0.284760863,0.411768347,0.272354275,0.405310273,0.263908327,0.399641395,0.287433237,0.474020511,0.266640157,0.461395115,0.260764182,0.460074455,0.260292232,0.456512272,0.28604874,0.517236054,0.268444985,0.518765271,0.2660788,0.518311203,0.272456974,0.515099108,0.292259723,0.560170412,0.277465135,0.574441195,0.276762754,0.57135421,0.282917172,0.564558208,Roll_Left
0.222154871,0.442461997,0.244765893,0.509750485,0.273956925,0.545250773,0.299450785,0.563444793,0.322097272,0.57742548,0.290892184,0.514381886,0.318448156,0.521865726,0.339101076,0.52082181,0.355048031,0.519674182,0.282249629,0.470127642,0.310240269,0.467847079,0.331053376,0.466915041,0.347912014,0.464991808,0.263409436,0.424698442,0.283927441,0.418056011,0.301342279,0.417288244,0.317345649,0.415337056,0.239451677,0.379927784,0.251856685,0.365947843,0.265998334,0.359250486,0.281549305,0.35103631,Roll_Right
0.258852273,0.484706491,0.277873158,0.526427805,0.30469504,0.555485129,0.328618735,0.568212569,0.350483537,0.571457028,0.317855716,0.536993504,0.34161818,0.545962155,0.358848631,0.547048032,0.369451284,0.547814488,0.313268095,0.506032288,0.339700043,0.511501908,0.356840402,0.513645113,0.36752826,0.514870942,0.298913568,0.469819486,0.323901057,0.466167867,0.340662032,0.462553918,0.354073137,0.460360438,0.279801875,0.428450167,0.295532793,0.416432381,0.310649782,0.409643471,0.32521075,0.404952407,Roll_Right
0.264779329,0.472593606,0.279707611,0.525132,0.301225066,0.564291775,0.321553439,0.577734172,0.331813931,0.553011775,0.328562081,0.532574832,0.355814129,0.544500947,0.374079257,0.549419582,0.388838023,0.556220472,0.323997945,0.496651441,0.352603763,0.50329411,0.370201886,0.507199049,0.382363886,0.511272788,0.309731781,0.4596861,0.334720969,0.461307377,0.351276547,0.463600367,0.365029186,0.46695596,0.289949119,0.423978955,0.307958931,0.421355158,0.323132247,0.419752777,0.338478416,0.41749233,Roll_Right
0.263653189,0.445974588,0.275173128,0.504175305,0.292171568,0.546425104,0.308560818,0.552626014,0.320470095,0.526231289,0.319678992,0.53112638,0.34367758,0.560721576,0.363547504,0.567510962,0.380943477,0.57092464,0.318824917,0.496384919,0.346763402,0.521605849,0.367708981,0.533118486,0.387286514,0.540287018,0.308557749,0.457367778,0.335451573,0.47031948,0.34968859,0.477156729,0.366091311,0.48257947,0.292253435,0.418444008,0.306955874,0.424031913,0.320569366,0.42687726,0.337477565,0.428232312,Roll_Right
0.224038765,0.375683933,0.239714414,0.417636961,0.260745049,0.44890219,0.272698522,0.432511806,0.278103858,0.394892454,0.30593732,0.398683608,0.295129597,0.398742318,0.283656299,0.383924603,0.278683603,0.36552003,0.296795368,0.334408432,0.283577263,0.327514887,0.282948256,0.31862843,0.288651586,0.314380169,0.278872579,0.283663839,0.270838886,0.26820153,0.27211535,0.263653874,0.281864524,0.263975143,0.255311936,0.245383471,0.255414516,0.217330843,0.260959625,0.209710717,0.27444154,0.208928928,Roll_Right
0.21184662,0.401054621,0.234167546,0.449532956,0.265407562,0.483816862,0.291498601,0.497086108,0.312178671,0.4900406,0.280390263,0.445140004,0.307928592,0.438650638,0.316842318,0.432710052,0.318360865,0.430039853,0.270158142,0.401995927,0.298087358,0.387300521,0.309046894,0.38007614,0.314273924,0.378026247,0.250288308,0.361617267,0.270268232,0.343385994,0.283231676,0.333805114,0.294513553,0.332191139,0.225755423,0.325387061,0.237278745,0.304235637,0.249156192,0.288886726,0.262095183,0.278176904,Roll_Right
0.244720206,0.447562188,0.230014741,0.386293888,0.231345266,0.330626935,0.238898963,0.299055636,0.251707792,0.283031344,0.243550509,0.316699535,0.246825218,0.269931942,0.264122039,0.250461578,0.28137365,0.239276782,0.261384577,0.362773389,0.273830771,0.330010384,0.288225412,0.311411142,0.296713769,0.299387693,0.271634102,0.421454489,0.281276941,0.419166237,0.293766826,0.405872226,0.300353169,0.394181281,0.276698202,0.481346399,0.282435775,0.486936331,0.285125315,0.484347105,0.285160124,0.480612099,Roll_Right
0.265395939,0.447705269,0.284391314,0.449168772,0.296714872,0.437236667,0.297259867,0.425658524,0.295586586,0.417873383,0.282589674,0.379594803,0.287831962,0.359458357,0.292278171,0.358358264,0.296464503,0.357765496,0.269705772,0.36009866,0.276795566,0.327834934,0.284285426,0.315382063,0.292766631,0.309603006,0.254717737,0.348145306,0.259411991,0.309437543,0.269101173,0.292703271,0.279501379,0.282285988,0.239596426,0.34425658,0.242642716,0.309483171,0.248800203,0.294310719,0.256007433,0.286725223,Roll_Right
0.240077049,0.396777213,0.236860991,0.448896915,0.254450321,0.493930817,0.272538185,0.513266265,0.288727701,0.517033875,0.295759857,0.450229645,0.313687414,0.452604175,0.306163102,0.446836859,0.296075523,0.442242146,0.296989053,0.396453053,0.3218458,0.391389251,0.311082155,0.390229791,0.295920193,0.396402061,0.289374769,0.348812759,0.314425707,0.334845901,0.305278897,0.33519423,0.290251195,0.343993217,0.27435559,0.306106329,0.29319343,0.277561665,0.291975379,0.272577286,0.284470975,0.279590398,Roll_Right
0.226656973,0.395901203,0.238411114,0.453870952,0.259683222,0.501010478,0.279261768,0.521475494,0.29644835,0.511415184,0.298690468,0.444301456,0.312892914,0.444823474,0.304522216,0.438088715,0.294701219,0.43155849,0.293950796,0.3885566,0.314548403,0.380470932,0.306243181,0.378410816,0.297408491,0.381617785,0.282679826,0.341613084,0.301707536,0.326133013,0.300641358,0.322243035,0.301221877,0.325621605,0.265481651,0.303380311,0.282053888,0.278243661,0.288531095,0.271750748,0.296092927,0.273274302,Roll_Right
0.230231553,0.401405573,0.244490594,0.455359846,0.265117168,0.500201464,0.285005778,0.517989635,0.299787372,0.496119052,0.298522502,0.44388333,0.317250103,0.443937093,0.314342082,0.436430782,0.305108845,0.429993063,0.294029802,0.388525993,0.318002641,0.37459445,0.317381531,0.370846868,0.30940637,0.377056539,0.282780737,0.341677427,0.303659707,0.318985909,0.311548233,0.312300175,0.315510154,0.318134785,0.265677154,0.303451747,0.283340037,0.272885978,0.294137061,0.262258679,0.30399546,0.26376003,Roll_Right
0.229361981,0.399432927,0.243326485,0.454215378,0.263545692,0.498670578,0.28311187,0.515789509,0.297346652,0.493715584,0.29727459,0.442233652,0.316511005,0.441831738,0.313190937,0.435232162,0.304447353,0.429476827,0.293254822,0.387631238,0.317934632,0.374792457,0.317050546,0.370848119,0.309469461,0.376336932,0.282297552,0.340719372,0.304519743,0.319259524,0.311839163,0.312689364,0.315207332,0.317991257,0.26552707,0.302246392,0.283504784,0.272055,0.29425329,0.261685252,0.303983063,0.262922764,Roll_Right
0.229460508,0.396167964,0.242835119,0.452595502,0.263795257,0.497187048,0.284442455,0.513190627,0.299013108,0.489508092,0.298550129,0.43687728,0.314697862,0.434751838,0.313453525,0.426738054,0.306925774,0.419260472,0.294099778,0.380726218,0.316643208,0.366246969,0.317276001,0.361315995,0.311338663,0.365873456,0.28232643,0.334186256,0.302382529,0.312867105,0.309697986,0.305489063,0.313624382,0.30989939,0.264602453,0.297049165,0.28143537,0.269318223,0.292378128,0.25765717,0.302494913,0.256854624,Roll_Right
0.227173522,0.39853093,0.242645055,0.45372951,0.264596254,0.497205347,0.285467029,0.51292038,0.300367147,0.489986151,0.299030632,0.437456906,0.315985233,0.436946988,0.31430918,0.429118246,0.30738312,0.420748383,0.294448733,0.382037163,0.317894042,0.367419958,0.317039013,0.362908661,0.309823364,0.367619336,0.282490999,0.335343003,0.304034024,0.312795371,0.310135692,0.305681914,0.312262863,0.310131967,0.264327168,0.297985703,0.282334477,0.268325418,0.292931676,0.256458044,0.301874071,0.25587523,Roll_Right
0.225299329,0.398829341,0.24020268,0.452161849,0.262993842,0.495645285,0.283876061,0.510334671,0.297297299,0.485381722,0.297818035,0.438611209,0.313727975,0.436251104,0.310754448,0.428105205,0.305045724,0.419891655,0.293515652,0.381792605,0.31626597,0.366434783,0.314130217,0.361546665,0.308175057,0.366863459,0.28202337,0.334156513,0.302742809,0.310527116,0.306564987,0.302957296,0.308887959,0.308037817,0.264088571,0.295883983,0.281983495,0.264876813,0.290621608,0.253280461,0.298299193,0.253898621,Roll_Right
0.224056065,0.399393767,0.236679062,0.453363806,0.259289324,0.497639745,0.27980715,0.505508184,0.291809261,0.476748049,0.288403273,0.440001249,0.303924739,0.437836349,0.304017574,0.430126071,0.300323069,0.422813773,0.284226269,0.380900681,0.306382716,0.36517787,0.306569487,0.359573454,0.30238238,0.364116102,0.273123145,0.332132787,0.292104721,0.307366252,0.298714399,0.297267199,0.304985434,0.300261259,0.256340265,0.29241997,0.272767931,0.261327147,0.281428397,0.251243472,0.290418744,0.253332347,Roll_Right
0.222301453,0.391239882,0.235482484,0.446085393,0.256302238,0.489689946,0.275401056,0.501085877,0.289154619,0.478617787,0.288052291,0.431804419,0.304654092,0.432739913,0.303527832,0.425007582,0.298149377,0.417846084,0.283623606,0.375181466,0.30592373,0.361826062,0.304924965,0.356826067,0.299040109,0.360148102,0.272710681,0.327951342,0.291790307,0.306131393,0.296599418,0.298654586,0.300545484,0.301910102,0.256167978,0.289684355,0.27265957,0.261773944,0.282244802,0.249800235,0.292372763,0.248097569,Roll_Right
0.219173968,0.39062041,0.232045442,0.447150201,0.252957761,0.493189842,0.273661315,0.507371604,0.287820131,0.481151819,0.287033647,0.433497459,0.301326931,0.434086561,0.300942868,0.426313281,0.297237366,0.418289542,0.282773376,0.376217723,0.303590983,0.364411891,0.30451414,0.358016074,0.301181614,0.359887511,0.271108896,0.327905655,0.28929767,0.306403577,0.296494782,0.297091007,0.303078473,0.299016029,0.253402144,0.289352357,0.26849094,0.260021806,0.277823955,0.248298764,0.288622379,0.247094095,Roll_Right
0.209489107,0.394586891,0.23762475,0.431776166,0.269381642,0.451498777,0.291002989,0.450300545,0.301080048,0.435691744,0.273297608,0.372651815,0.283967912,0.354440391,0.28515929,0.345430493,0.287389398,0.334595382,0.253558069,0.326367408,0.265449822,0.297348529,0.269997299,0.281942397,0.277086049,0.271234542,0.230807573,0.29503265,0.237722963,0.264279276,0.243545234,0.244739085,0.254526585,0.230599299,0.205654249,0.276559711,0.210684001,0.239918023,0.216483757,0.218823612,0.226476908,0.203309596,Roll_Right
0.212671429,0.396653265,0.239970326,0.442171872,0.271516055,0.473110199,0.29246223,0.480040014,0.294647843,0.453937173,0.271766603,0.408452392,0.277759075,0.395629406,0.279678226,0.393055052,0.283480227,0.390964866,0.254245549,0.355969191,0.259170085,0.341960013,0.262607038,0.336286694,0.266619891,0.339151055,0.235222667,0.316199183,0.23875387,0.296210051,0.241633296,0.28624177,0.250379026,0.286765784,0.214032531,0.286377788,0.216972381,0.254781008,0.222397745,0.239106178,0.232766986,0.235615373,Roll_Right
0.214583591,0.388275981,0.239702821,0.43506977,0.272572935,0.465893924,0.293524712,0.472994447,0.296226621,0.449929893,0.277935237,0.401091218,0.287575454,0.386205256,0.286720127,0.385271162,0.283482283,0.385714203,0.2611413,0.347919643,0.268833816,0.331554353,0.268502027,0.32852149,0.266571581,0.333689034,0.241320103,0.307879537,0.247915357,0.286352903,0.247340962,0.281346291,0.24999854,0.28734386,0.21863921,0.277602255,0.2241662,0.242820993,0.22794053,0.231115833,0.234263375,0.233123481,Roll_Right
0.214355111,0.385908395,0.240252793,0.431831419,0.272244364,0.463246524,0.293673038,0.469532758,0.296776444,0.441651821,0.273309976,0.401500225,0.284893602,0.382886767,0.288084596,0.380277753,0.290302157,0.381876409,0.257061094,0.350918889,0.268013,0.330968767,0.271178246,0.325457156,0.271136105,0.331438154,0.238775209,0.311685473,0.246893272,0.286146343,0.249692023,0.276245683,0.253935277,0.28126967,0.218140632,0.280609667,0.224604681,0.243588746,0.22982049,0.227676645,0.236370087,0.228120729,Roll_Right
0.214645594,0.38496241,0.241173387,0.429429919,0.2737284,0.459167153,0.295773298,0.464798272,0.299607098,0.446130812,0.279567868,0.393170118,0.289196849,0.376606345,0.287599683,0.377019167,0.287117213,0.377929002,0.261731505,0.342909813,0.269980639,0.326104522,0.269060045,0.322935641,0.268681765,0.325673074,0.241355911,0.304644853,0.248546019,0.282666504,0.248626143,0.27574712,0.253825009,0.276635259,0.218824267,0.275526822,0.224741384,0.242113471,0.228733405,0.229607522,0.236497432,0.22715503,Roll_Right
0.217569828,0.379224211,0.243428767,0.426749468,0.275015265,0.460336149,0.296977311,0.466133475,0.298574686,0.439536393,0.2797589,0.395013958,0.288882822,0.379628241,0.288909435,0.37684074,0.289286137,0.37709415,0.263569623,0.344949216,0.271415949,0.328482687,0.273109287,0.323544979,0.273963749,0.327999473,0.244738445,0.306036651,0.24988842,0.284422159,0.252224207,0.275233686,0.25845325,0.277447462,0.223583296,0.275679082,0.228330374,0.243374825,0.233443946,0.227360547,0.241886213,0.22368972,Roll_Right
0.228011101,0.369981647,0.252919614,0.420709878,0.283382058,0.456266463,0.307456702,0.468261242,0.31604901,0.447825313,0.291935802,0.391263604,0.311595291,0.381399184,0.311715245,0.378747761,0.308365375,0.378195077,0.277199149,0.344506443,0.295056373,0.330254167,0.298107386,0.322901547,0.297802508,0.323270142,0.259238034,0.306247175,0.274751246,0.287484944,0.279974639,0.278806448,0.284368813,0.281656384,0.23879604,0.27567634,0.250050515,0.247867018,0.257305324,0.234440878,0.265708208,0.231386304,Roll_Right
0.272358775,0.688299716,0.318369567,0.64963001,0.354288429,0.568002462,0.387255162,0.501954138,0.420051992,0.472544461,0.326138645,0.450878531,0.347171187,0.358480275,0.357872009,0.296563745,0.365731865,0.240497142,0.292689949,0.435287952,0.295924962,0.323425114,0.297349274,0.250537515,0.297015429,0.186561674,0.262791336,0.446850389,0.256919831,0.347578794,0.254904181,0.278226256,0.253082037,0.213937283,0.234838724,0.478918374,0.222021699,0.405623466,0.213863552,0.353587717,0.207423165,0.300497502,Stop
0.301912367,0.737037659,0.352458954,0.696978509,0.391534567,0.605184317,0.427175879,0.533320367,0.461960196,0.498772502,0.36286822,0.472320676,0.383442521,0.377319247,0.395249546,0.31524235,0.404949278,0.260914713,0.328824401,0.454768926,0.336384177,0.339828432,0.341232628,0.265230715,0.344093174,0.201103121,0.296631157,0.463204801,0.296445429,0.356381178,0.297034383,0.286655724,0.297739357,0.224899679,0.264762938,0.49251923,0.25676766,0.413432777,0.250947773,0.358076215,0.246437877,0.303204119,Stop
0.286577821,0.717478693,0.34303081,0.679880798,0.386086017,0.587450445,0.4230088,0.514487565,0.457791835,0.482711822,0.358896703,0.44406426,0.373639286,0.33845073,0.37873742,0.270126045,0.382986665,0.208392888,0.324447066,0.428113759,0.333467036,0.308171958,0.338229567,0.22763288,0.342066884,0.156292707,0.29123956,0.438972652,0.294479936,0.327492923,0.298924237,0.254290819,0.303318173,0.186847359,0.257548124,0.469265938,0.260168701,0.385300398,0.264229923,0.328893244,0.269369394,0.271647692,Stop
0.28611815,0.708703458,0.342044741,0.672802746,0.386842757,0.584474385,0.425624311,0.514047027,0.461013436,0.488418669,0.357261986,0.439160645,0.377239168,0.335080504,0.386278719,0.266859829,0.3930749,0.205322206,0.321506709,0.420337588,0.330010951,0.297510624,0.334920675,0.217155308,0.338076949,0.148321271,0.287552267,0.430262417,0.286923617,0.317308426,0.28974694,0.241308019,0.292106658,0.173347622,0.253788739,0.461508334,0.246389866,0.37611568,0.242317915,0.31614247,0.239830345,0.256367922,Stop
0.282486469,0.712020397,0.339155912,0.675739944,0.385773212,0.588122308,0.428120255,0.526105165,0.46484229,0.510255456,0.356334925,0.444523871,0.386293769,0.347245216,0.402732044,0.283320844,0.414726079,0.226513356,0.317978114,0.421668172,0.325988233,0.297751307,0.329735488,0.218181521,0.330058396,0.14957577,0.282496631,0.430311233,0.276084065,0.316504121,0.272547185,0.240695447,0.268725514,0.172215521,0.248559192,0.46393469,0.228353143,0.38097477,0.214314312,0.323760897,0.203127429,0.266151726,Stop
0.285643905,0.705820322,0.343221605,0.671266377,0.388649434,0.58660984,0.427780867,0.517711222,0.462584406,0.485876709,0.358876348,0.435585916,0.37717858,0.329602778,0.384449452,0.261624932,0.389844626,0.200665116,0.324434042,0.418091863,0.337886751,0.298907697,0.346260697,0.218939275,0.352448314,0.150337368,0.290352434,0.427576691,0.292671949,0.315406561,0.297568858,0.241622791,0.302278161,0.176163167,0.255780101,0.456906497,0.253186792,0.370675892,0.252359122,0.311454654,0.253389031,0.252631128,Stop
0.289290756,0.708356798,0.339866906,0.667077899,0.376384139,0.581016839,0.388051718,0.50164789,0.375570476,0.435286283,0.355664819,0.431196392,0.366880268,0.322737217,0.368216246,0.254349053,0.367734194,0.190312743,0.323643535,0.416903526,0.333832949,0.293293834,0.338000417,0.212587222,0.340429932,0.140994608,0.291912794,0.427789062,0.297703803,0.31244272,0.302010298,0.236747518,0.304950535,0.169760585,0.259664267,0.458061367,0.263214499,0.370359033,0.266068935,0.309217542,0.268424958,0.250419319,Stop
0.286383092,0.699373364,0.340983719,0.660328627,0.382813126,0.570425272,0.411662132,0.492729485,0.440384984,0.447693944,0.35713473,0.423355043,0.3701168,0.314736724,0.374054253,0.245981008,0.37681058,0.182468265,0.323659718,0.408655435,0.333637953,0.287003756,0.33812657,0.205290407,0.341508508,0.133040696,0.291157365,0.420387268,0.296054691,0.306269795,0.300670564,0.231567934,0.304210603,0.164346337,0.256901801,0.451159298,0.259817958,0.362189084,0.262800455,0.300748765,0.265969932,0.239629537,Stop
0.287541032,0.706017733,0.340078205,0.663324356,0.376251727,0.568525076,0.398020566,0.482014298,0.423707038,0.418532163,0.356081039,0.426874816,0.364563882,0.31658566,0.364608288,0.245865926,0.363361061,0.180936873,0.323068947,0.411254227,0.331319779,0.288900852,0.335142106,0.206477672,0.338008404,0.132992446,0.290826648,0.421541095,0.295347989,0.305352956,0.299809039,0.230363682,0.3036578,0.163340032,0.258128077,0.450986534,0.260785282,0.362419665,0.263440967,0.300757289,0.266010344,0.241058365,Stop
0.286135048,0.700340211,0.340653837,0.660187244,0.380792677,0.568999708,0.409848213,0.490574062,0.439451993,0.444617808,0.35766682,0.421410143,0.367440611,0.313394427,0.368597686,0.243961602,0.368634462,0.180080235,0.324958682,0.406226635,0.334306091,0.285498708,0.338600546,0.205082864,0.341696918,0.133693963,0.292821378,0.417188972,0.298557311,0.303218961,0.30405727,0.229728639,0.30814144,0.162697017,0.258921027,0.447377175,0.262686014,0.358969271,0.266417384,0.298917472,0.269847691,0.239108294,Stop
0.282136947,0.71156472,0.336946011,0.678395033,0.381460071,0.594990432,0.421057165,0.528584778,0.457415938,0.50233227,0.356862038,0.453483015,0.379538,0.351197422,0.390025645,0.284355372,0.397936493,0.223891258,0.322260499,0.43299523,0.334465295,0.315254807,0.341230154,0.237101287,0.345985055,0.169963628,0.288371295,0.44119373,0.290224344,0.329899192,0.293639332,0.25497666,0.297080457,0.187213629,0.254378378,0.470742404,0.246620163,0.386839539,0.241684675,0.328122079,0.239003062,0.268644392,Stop
0.284160793,0.719702363,0.333008945,0.677794158,0.367432922,0.592310905,0.37764591,0.509113669,0.375686735,0.433305889,0.350086451,0.449439347,0.363455206,0.342013299,0.366003186,0.272613466,0.366723955,0.208188057,0.317755461,0.433990568,0.328075141,0.310124636,0.332328588,0.22981973,0.334951818,0.15795505,0.28569153,0.444939822,0.288424879,0.330288589,0.290636361,0.254964471,0.291994631,0.188433856,0.253048807,0.476034075,0.251350641,0.389177144,0.250464678,0.327401876,0.249622941,0.266890824,Stop
0.283679485,0.721630454,0.333373815,0.678597748,0.366226524,0.586993992,0.381647199,0.499437839,0.399817526,0.427457243,0.349421442,0.444841504,0.359819144,0.335433185,0.360498488,0.265450776,0.359621733,0.200985372,0.317748457,0.428958118,0.326477975,0.305964828,0.329357773,0.225165918,0.330776602,0.153129727,0.286454111,0.439297825,0.290225238,0.323968798,0.292931139,0.249022707,0.294512272,0.182959944,0.254602253,0.469117552,0.256686807,0.38260901,0.258700639,0.321263194,0.260092616,0.261949897,Stop
0.282771528,0.709442794,0.33569333,0.666948378,0.373880625,0.578125119,0.402132183,0.499339938,0.432166398,0.449470043,0.350361615,0.433988601,0.358804524,0.326601803,0.359116405,0.257491887,0.358567268,0.193436205,0.317450553,0.419361651,0.324360251,0.298779726,0.327232897,0.218151361,0.329574734,0.145362705,0.285547227,0.43097645,0.288698524,0.31793195,0.292595267,0.243846029,0.296115011,0.175619781,0.252655029,0.461755693,0.253927827,0.373894572,0.256378502,0.313358009,0.259192437,0.252825379,Stop
0.28250429,0.703880548,0.334797025,0.664389372,0.373594135,0.573384523,0.401936471,0.490208894,0.43209523,0.439242005,0.35235405,0.434797198,0.366758674,0.32745102,0.370866179,0.257380247,0.372575432,0.195090592,0.318174899,0.417038262,0.326885104,0.296164572,0.330828995,0.215479776,0.332444131,0.144418418,0.284603804,0.427042395,0.284329087,0.310889125,0.285228729,0.236900747,0.286106616,0.170533657,0.251152277,0.457579464,0.236371189,0.373215377,0.225403994,0.314495206,0.216084525,0.256623805,Stop
0.278913647,0.70148319,0.330795944,0.665218711,0.370896548,0.577922404,0.405263245,0.499003291,0.441309869,0.457990736,0.355275452,0.447497934,0.390373915,0.354552537,0.409925044,0.288034439,0.424843609,0.230664223,0.31969896,0.420328885,0.332876205,0.297899574,0.339988351,0.21788685,0.344387293,0.147299707,0.285555094,0.425548643,0.286068738,0.311883807,0.287847281,0.236105725,0.290029764,0.16706872,0.2524288,0.455646276,0.238641024,0.372742712,0.228743941,0.314727306,0.22068356,0.256769121,Stop
0.280351311,0.70895797,0.33250761,0.671300292,0.370665312,0.581591904,0.398419708,0.498882055,0.429995,0.448430866,0.355804265,0.448596269,0.37850076,0.345357388,0.388543904,0.275603861,0.395739764,0.213011235,0.322229564,0.426362574,0.339073777,0.307249755,0.348643363,0.227125049,0.355783284,0.154863596,0.288147658,0.433125734,0.293120503,0.318890929,0.2976484,0.244776234,0.302054644,0.17683956,0.253883779,0.461314619,0.251225114,0.377436966,0.248847216,0.319163024,0.246834934,0.261035472,Stop
0.281552106,0.707742751,0.330472231,0.66940856,0.366504252,0.587560833,0.382964879,0.505952179,0.406146705,0.442250609,0.349780053,0.44905144,0.373265326,0.349783868,0.383280069,0.282041371,0.390406787,0.221294641,0.316329956,0.42487517,0.327820361,0.299041241,0.33389464,0.217046678,0.337962061,0.144452721,0.283975422,0.431488365,0.283793777,0.314095527,0.284600437,0.238427147,0.285436213,0.17108494,0.251480997,0.46176818,0.242059797,0.376972616,0.235159755,0.316054404,0.228908747,0.255246282,Stop
0.280426443,0.699986219,0.33079055,0.660708547,0.366284519,0.56854111,0.390995264,0.481679261,0.422938108,0.428563952,0.349877775,0.436544627,0.374929011,0.334616333,0.386730611,0.265158534,0.394214183,0.203032553,0.314873606,0.415389955,0.323684722,0.29048717,0.327195615,0.209775656,0.328015596,0.13762936,0.281521738,0.425132811,0.276545227,0.309498399,0.273693204,0.233505979,0.271550417,0.163808852,0.249338731,0.457934648,0.235782534,0.37181738,0.225233108,0.314341903,0.216074497,0.256825715,Stop
0.28387171,0.714830279,0.332161844,0.667065918,0.361357033,0.566167951,0.381547064,0.478267878,0.410075307,0.419865429,0.345533043,0.430421233,0.352801234,0.319933653,0.351683319,0.248686001,0.349204928,0.183610678,0.312241405,0.419344783,0.314285338,0.293112218,0.313356698,0.211818337,0.311186999,0.138266295,0.280696213,0.437154919,0.275702029,0.319954693,0.273155808,0.243924037,0.270355165,0.174532205,0.249727413,0.474993169,0.245524213,0.38699016,0.243053228,0.326780081,0.240248054,0.267748833,Stop
0.285117716,0.710999072,0.332777977,0.662423134,0.360489428,0.560690343,0.373774409,0.475128263,0.392141372,0.40651843,0.335846275,0.420488268,0.334945738,0.313427746,0.329915971,0.245759949,0.325045645,0.183452189,0.304020882,0.417209089,0.294251025,0.288967848,0.285665572,0.208892018,0.277527928,0.135391533,0.27524668,0.443285704,0.267070264,0.326040924,0.26184386,0.249963537,0.255875498,0.177418083,0.247927964,0.489847153,0.252120316,0.408383101,0.258238643,0.354956925,0.262471676,0.300003827,Stop
0.273875535,0.703851223,0.323091298,0.662066579,0.355355561,0.56545192,0.370710909,0.479329586,0.392835587,0.413208783,0.33401832,0.432528466,0.333223432,0.333064049,0.325141102,0.263877392,0.316234201,0.198005408,0.302603215,0.413754642,0.307921082,0.290912092,0.312772959,0.205840826,0.317578346,0.126278013,0.271848887,0.421710998,0.273058683,0.30427599,0.275367945,0.227755398,0.278153837,0.158391684,0.241309121,0.450505704,0.2366855,0.36289531,0.233699888,0.302491158,0.231007755,0.242275327,Stop
0.275752276,0.700366437,0.327171981,0.661762238,0.361403525,0.572043777,0.381133974,0.487471133,0.409364283,0.429831535,0.345765382,0.438389778,0.362352282,0.330980986,0.368405789,0.260280818,0.37199387,0.197046757,0.313150346,0.420640707,0.326196402,0.298061669,0.333603233,0.217240542,0.338875622,0.145271301,0.280496866,0.430237263,0.283236504,0.312447071,0.286242723,0.237308919,0.289370358,0.170252979,0.247146159,0.459586769,0.241772383,0.370922744,0.238040447,0.309189439,0.235401005,0.24789758,Stop
0.269916862,0.69289887,0.322976679,0.66285181,0.367332339,0.578462601,0.407479942,0.509275377,0.445023358,0.479072303,0.349243194,0.436441064,0.372746974,0.332219124,0.383361012,0.262625873,0.390829265,0.200493813,0.315092862,0.414804995,0.326577932,0.292879641,0.332128614,0.211684853,0.3347224,0.14111352,0.281646341,0.422615826,0.282664508,0.308550835,0.284959882,0.231525049,0.287127286,0.161992073,0.248224378,0.452324718,0.237739772,0.367330939,0.230809197,0.306781262,0.226158321,0.24702324,Stop
0.266819298,0.679658175,0.321442604,0.65092206,0.366332173,0.563961923,0.407018214,0.495950282,0.444072396,0.471894056,0.346373528,0.427065343,0.378155589,0.331139714,0.394693553,0.265691161,0.406436414,0.208323404,0.309227586,0.40226686,0.317912966,0.276539415,0.323401988,0.198308319,0.325835347,0.130957365,0.274728447,0.409099817,0.272296548,0.294005156,0.2732324,0.216977134,0.273804784,0.147939682,0.241409987,0.440576166,0.222033516,0.35706389,0.208521992,0.298464715,0.197872758,0.240507558,Stop
0.277005643,0.702457964,0.318065643,0.66137749,0.343851805,0.589024365,0.349389315,0.522413731,0.338474393,0.464750499,0.334993571,0.440179408,0.341738313,0.3223809,0.340637088,0.248794883,0.337361664,0.184509039,0.298545539,0.449107945,0.306549013,0.383856893,0.313722432,0.476584643,0.319814444,0.545875013,0.263902932,0.470676601,0.277871072,0.452785611,0.291045874,0.544224858,0.298311502,0.597024679,0.231643647,0.500404,0.245559424,0.479937673,0.262652874,0.544649959,0.272666663,0.58426702,Thrust_Up
0.297371477,0.689235449,0.334973931,0.652001381,0.359912634,0.589364469,0.364173114,0.538753211,0.350227505,0.506189883,0.354532957,0.453399569,0.35911864,0.352955282,0.360272795,0.287141562,0.360261351,0.231975332,0.320767254,0.452879339,0.334403843,0.454384267,0.336589694,0.542764425,0.335770249,0.60373342,0.289202839,0.46966514,0.302337468,0.476463079,0.309924871,0.553653181,0.312902272,0.605057955,0.259956181,0.496834695,0.273822516,0.493461996,0.284708858,0.545099556,0.289899975,0.579021633,Thrust_Up
0.293548554,0.688119531,0.334373236,0.651586294,0.359990656,0.594499171,0.363941252,0.5437603,0.345054418,0.514673412,0.355110645,0.454690814,0.362500757,0.34710145,0.364838123,0.278973728,0.364539474,0.220975995,0.319888681,0.453466147,0.333379298,0.435487539,0.336419821,0.527695894,0.336802036,0.585048079,0.287563026,0.468829781,0.302354366,0.474598825,0.310835719,0.557721078,0.313337713,0.605704665,0.256999642,0.494525701,0.273356736,0.498417884,0.286655277,0.554696441,0.293084145,0.586894155,Thrust_Up
0.294112235,0.662548423,0.336618394,0.632775903,0.366946578,0.564207375,0.365442216,0.498738378,0.358440161,0.445616186,0.360783726,0.447686672,0.371426523,0.336827636,0.376509964,0.271360397,0.378255337,0.215467602,0.33028692,0.450350434,0.34109512,0.409850836,0.334693015,0.500275016,0.329676449,0.543696761,0.300776124,0.460552156,0.30947268,0.425665766,0.308943063,0.507995605,0.306597292,0.538034856,0.269206911,0.479020923,0.279658526,0.45095396,0.286289901,0.5056476,0.28607884,0.528493404,Thrust_Up
0.283828408,0.67298317,0.330186516,0.638231874,0.365990102,0.596093118,0.370289087,0.537370324,0.347719729,0.499978244,0.358239591,0.453515738,0.369155407,0.337271631,0.373127997,0.26865989,0.373575002,0.209977746,0.323069751,0.462137669,0.330527067,0.422634989,0.323384821,0.51769191,0.321051329,0.559538126,0.291634887,0.472215593,0.296967089,0.434834152,0.296807498,0.520704627,0.299410313,0.558581352,0.262889385,0.491038024,0.26664567,0.457869172,0.275180817,0.512369812,0.279147387,0.53939116,Thrust_Up
0.289728463,0.659565091,0.332033336,0.627660275,0.358965039,0.575000286,0.368623763,0.536369979,0.362291306,0.541281044,0.358542234,0.439211577,0.363601059,0.331283867,0.364650369,0.263149381,0.364566416,0.20856604,0.324060619,0.434567392,0.339011252,0.430855572,0.333717614,0.522190452,0.330110937,0.56652838,0.291733831,0.443825245,0.305637151,0.453374922,0.305439562,0.529657722,0.304045379,0.560392499,0.260721833,0.462375879,0.274267167,0.465957642,0.282225788,0.518471658,0.284392506,0.540651739,Thrust_Up
0.29276824,0.645818472,0.332975775,0.620567024,0.371650159,0.553932488,0.410026282,0.521992385,0.44343707,0.539412379,0.359340072,0.434037596,0.366022259,0.335307717,0.367174327,0.266995072,0.368595362,0.211323336,0.326992154,0.419478089,0.346511751,0.436724782,0.339470327,0.523870707,0.331559181,0.571933329,0.294993132,0.426429868,0.314358622,0.465664327,0.312412143,0.536183953,0.308964342,0.568795741,0.263745636,0.443108857,0.282964349,0.47352162,0.288041383,0.526624024,0.289315611,0.547518849,Thrust_Up
0.28619945,0.660332084,0.328815818,0.635991871,0.365985125,0.585135579,0.367652386,0.524864733,0.343414396,0.490596741,0.356574059,0.442480356,0.367507249,0.334409326,0.372102976,0.271519035,0.373817652,0.216758773,0.322459042,0.441335499,0.343707412,0.421444833,0.337612689,0.509976983,0.329585016,0.533729494,0.292433649,0.448470831,0.310155481,0.443992674,0.309606016,0.524859905,0.303829849,0.541195095,0.262685835,0.46368137,0.279740781,0.459998816,0.286723226,0.514916003,0.282403827,0.530940652,Thrust_Up
0.288681835,0.6563797,0.330215186,0.627479076,0.35945493,0.557987213,0.360091686,0.489542127,0.35852173,0.428315431,0.357246995,0.440814644,0.366712511,0.340625972,0.371542752,0.276772052,0.372516096,0.224867225,0.325099677,0.443475753,0.339547485,0.398766369,0.333279997,0.490880579,0.32768181,0.51165098,0.296039402,0.44930315,0.306449383,0.401240975,0.30740878,0.489749759,0.30206722,0.506856143,0.264120728,0.464416057,0.27572915,0.424022347,0.283282578,0.481645674,0.278707027,0.499855578,Thrust_Up
0.289837927,0.65831244,0.334141791,0.633231342,0.367264241,0.567566037,0.365049094,0.508000731,0.355355591,0.465487927,0.3559075,0.437276661,0.359774739,0.31922698,0.360178649,0.25073725,0.35763827,0.192643434,0.323640198,0.443140268,0.337253541,0.407415032,0.333959341,0.50269556,0.329766572,0.551723301,0.293399811,0.455327481,0.303438395,0.424873203,0.306260556,0.513601899,0.305719674,0.554914236,0.261487782,0.4744578,0.272019625,0.440474182,0.281745434,0.501053512,0.284684837,0.533295393,Thrust_Up
0.287036508,0.668344855,0.330067128,0.638628542,0.363579899,0.579600275,0.361164689,0.518687069,0.345806956,0.478897512,0.355552256,0.4431144,0.364148796,0.328074038,0.368284464,0.261720657,0.369947702,0.204195052,0.322371751,0.447490275,0.334458649,0.407000661,0.33356595,0.499103516,0.332035184,0.552689433,0.291723251,0.460132509,0.301603198,0.43257308,0.306006223,0.520277441,0.30715391,0.566006899,0.260197639,0.479999602,0.270609945,0.4484303,0.280706823,0.508248508,0.285001099,0.542412996,Thrust_Up
0.289294571,0.666553855,0.330821246,0.63177681,0.355633676,0.57015264,0.364564747,0.505999744,0.384607971,0.460616946,0.353040576,0.4390935,0.360437691,0.330519021,0.363126099,0.262244076,0.363318354,0.206162632,0.319918811,0.435478866,0.339594185,0.41280961,0.335149705,0.511108339,0.32938379,0.556553125,0.289362401,0.445171267,0.307445884,0.442078531,0.306031108,0.528015971,0.301634014,0.560223699,0.25774923,0.464237332,0.275578588,0.455286175,0.282738805,0.515405476,0.281523943,0.53986454,Thrust_Up
0.285440564,0.662458777,0.326421678,0.627413154,0.35709253,0.566359043,0.361265272,0.502825737,0.350380331,0.447614044,0.353009254,0.433416605,0.360464811,0.321742415,0.363259524,0.2522569,0.363010705,0.194496721,0.319346756,0.43318066,0.334343672,0.4114618,0.329820037,0.505515158,0.325482398,0.551316321,0.288516223,0.443748415,0.303034216,0.432798505,0.3029342,0.518391252,0.300582826,0.556535602,0.258210123,0.461070895,0.273407757,0.445096433,0.280103743,0.503813028,0.280635506,0.532166004,Thrust_Up
0.286354721,0.65358305,0.330393821,0.628756583,0.368540227,0.569331765,0.369386375,0.506549835,0.350004613,0.470163912,0.356560618,0.430156201,0.365315527,0.314812362,0.369530499,0.24720265,0.369885385,0.188394994,0.324581891,0.434263289,0.340603411,0.387765735,0.341858178,0.479596257,0.338517785,0.532498777,0.294201761,0.447087079,0.308524519,0.412376136,0.313497633,0.501615107,0.311467439,0.54885745,0.261893719,0.466759533,0.278393537,0.433142543,0.288593799,0.493134916,0.289944947,0.528001606,Thrust_Up
0.279387027,0.661112249,0.324923337,0.627364099,0.353687495,0.57289356,0.34474504,0.512129009,0.313132018,0.489338726,0.357181102,0.436514288,0.370817095,0.32939136,0.378418714,0.265991271,0.381814331,0.211019665,0.326504707,0.434698194,0.340254515,0.369642675,0.333661616,0.453864098,0.331524789,0.488700509,0.296689451,0.441352963,0.305142313,0.37773335,0.307975978,0.454947442,0.307239264,0.491631448,0.265411645,0.464923352,0.272909343,0.403557956,0.282749653,0.449246168,0.281749874,0.482091039,Thrust_Up
0.280808777,0.659643292,0.324950933,0.625643969,0.352267861,0.555657625,0.356990933,0.49069038,0.34937346,0.440209389,0.350778103,0.437472582,0.36130628,0.326396525,0.366430968,0.26562652,0.367136359,0.209349349,0.323146075,0.433368027,0.336456954,0.363626927,0.335781932,0.444295496,0.330910981,0.486889064,0.294912905,0.439276963,0.303631574,0.364513338,0.310402334,0.440137327,0.306638688,0.485874981,0.264349937,0.458626628,0.271866888,0.38815254,0.283905715,0.432460248,0.283722401,0.470907718,Thrust_Up
0.285796642,0.653731287,0.33081919,0.62419796,0.361039251,0.570619345,0.370370954,0.516526282,0.36399278,0.465291411,0.360525459,0.427727818,0.371548742,0.319806218,0.377168626,0.256993532,0.378789365,0.201269299,0.329780936,0.425866574,0.340247393,0.362134397,0.338384658,0.45007655,0.335365534,0.505752981,0.299697727,0.434247524,0.306840628,0.369446248,0.311839432,0.445809484,0.310495198,0.497249484,0.268514842,0.454220504,0.277202845,0.390496731,0.28676495,0.435369074,0.288429886,0.473877043,Thrust_Up
0.283495456,0.652911067,0.322219253,0.623663366,0.352033377,0.561872482,0.359448552,0.500690579,0.344767153,0.449468374,0.351215512,0.425988883,0.36019215,0.313323021,0.364712358,0.249049664,0.366379112,0.19196561,0.321087152,0.425190985,0.333395332,0.373525172,0.332650542,0.466926008,0.32835272,0.524455905,0.291251302,0.432237476,0.301736802,0.380390435,0.306183338,0.46356985,0.303408086,0.518861353,0.260235786,0.445860654,0.268734604,0.377454549,0.278163463,0.421350211,0.279001355,0.46247834,Thrust_Up
0.282354444,0.640662313,0.324530512,0.606097877,0.355432302,0.555454135,0.354737818,0.496019095,0.334131956,0.447674602,0.351697087,0.410348117,0.361815095,0.293680131,0.365047276,0.226642191,0.365771502,0.168615878,0.316109836,0.411208272,0.335221022,0.384120226,0.331268281,0.476304412,0.326110095,0.507081389,0.283592731,0.421830416,0.300330728,0.412200481,0.303090751,0.495797306,0.29951489,0.515660942,0.252488971,0.444116473,0.267394722,0.434721678,0.278584629,0.489811122,0.275454819,0.507888258,Thrust_Up
0.301727444,0.634772658,0.343110085,0.61345613,0.375856698,0.55764097,0.38647902,0.50380677,0.389395565,0.454373896,0.370354801,0.405078143,0.3810274,0.294648468,0.386711806,0.227206796,0.389522254,0.170590788,0.3357068,0.401682764,0.357961178,0.373835921,0.358511388,0.469299644,0.353383839,0.522584021,0.303598613,0.412682474,0.321765423,0.409348726,0.327001423,0.491878211,0.325207531,0.530632615,0.272161454,0.433291703,0.290753156,0.424383968,0.302546203,0.483196497,0.305419922,0.511697173,Thrust_Up
0.29681316,0.624444008,0.337434739,0.600908577,0.369545311,0.531168818,0.372554272,0.46760574,0.372272551,0.41395697,0.36442399,0.412730515,0.374165058,0.298464596,0.3794128,0.23658745,0.380702704,0.180277362,0.335337996,0.410795867,0.352666289,0.363330245,0.353584379,0.451994449,0.346390188,0.499024451,0.305982411,0.418057263,0.318959087,0.363148093,0.324992031,0.446869761,0.320387512,0.491421282,0.273103237,0.433474541,0.288528681,0.388357818,0.298771352,0.441171288,0.29719758,0.47212711,Thrust_Up
0.295606136,0.618188083,0.338994533,0.601970792,0.375872344,0.544834852,0.387986213,0.483748704,0.380664825,0.422578126,0.369180679,0.410630435,0.382633984,0.304286271,0.390896082,0.236989617,0.393255472,0.181240708,0.336713612,0.412115365,0.357486844,0.371365845,0.353256762,0.466564983,0.345542252,0.497573763,0.306964338,0.420123667,0.325227678,0.392059892,0.325079173,0.48112905,0.318252385,0.502633393,0.275120765,0.432435304,0.295575827,0.405217588,0.302052319,0.46760425,0.296824157,0.489417672,Thrust_Up
0.298602492,0.614765167,0.339351892,0.595721424,0.371612489,0.537015021,0.38853991,0.479001999,0.41406855,0.438508868,0.371242553,0.402123213,0.383248478,0.302865267,0.388590395,0.237959042,0.393035054,0.182962596,0.338569522,0.390001744,0.3588835,0.388274729,0.351187229,0.477106094,0.342944473,0.522466362,0.306972772,0.394687444,0.32812506,0.406860918,0.323026091,0.488081276,0.31680283,0.524502516,0.276002139,0.409138322,0.298630834,0.412785083,0.30140999,0.471793324,0.298530012,0.497488379,Thrust_Up
0.297175765,0.619548202,0.343414277,0.593464375,0.37480545,0.511425436,0.381221563,0.432324171,0.382769614,0.371755809,0.365126252,0.40208745,0.374776691,0.304941773,0.377977073,0.239886135,0.380091369,0.185161427,0.332362264,0.388114512,0.356491238,0.396895498,0.349017739,0.485315382,0.339787692,0.529439867,0.302258998,0.393447638,0.326428533,0.42147544,0.32068637,0.499458969,0.314244241,0.529803038,0.273722351,0.41030696,0.297139704,0.429097861,0.298858494,0.484182626,0.295325041,0.502762496,Thrust_Up
0.300569206,0.618694007,0.345947564,0.601964295,0.38382563,0.544289827,0.396706343,0.482806116,0.388802648,0.433866501,0.37267217,0.407332182,0.384718746,0.313387156,0.391805381,0.249280021,0.396885991,0.197755367,0.338303268,0.393605709,0.35917452,0.392247796,0.355359405,0.483727902,0.350088149,0.531063676,0.306568831,0.39739728,0.327804863,0.418411613,0.325431526,0.497755468,0.320830792,0.532206118,0.275723368,0.41071263,0.297899723,0.423091233,0.302352667,0.479871362,0.300394237,0.502979279,Thrust_Up
0.287209302,0.634492755,0.328284293,0.599470735,0.351626873,0.5342834,0.336626291,0.475502372,0.310038924,0.439996958,0.354296327,0.393492132,0.377574116,0.294694185,0.389771521,0.233590603,0.397414744,0.181131706,0.319731742,0.385384262,0.312645197,0.263670325,0.307760477,0.187669292,0.303613394,0.123889685,0.288273364,0.407994777,0.289330333,0.369243115,0.302044779,0.441217512,0.308285117,0.490131021,0.260780603,0.445944846,0.267808259,0.410053372,0.281514883,0.462054729,0.288565367,0.501896739,Down
0.261096716,0.761267841,0.301882923,0.730544508,0.323147506,0.6645329,0.306937903,0.612004757,0.280369818,0.573615134,0.323946267,0.526603997,0.350267828,0.437106431,0.364700317,0.377887756,0.374216586,0.326157987,0.29046157,0.519658625,0.289044201,0.403494656,0.289059877,0.33105576,0.287909776,0.267720103,0.257790685,0.54178983,0.268092215,0.502886117,0.281445563,0.571476042,0.284467012,0.618385077,0.227907687,0.579642951,0.241809145,0.540998876,0.257289082,0.59116441,0.263159603,0.634482622,Down
0.255183965,0.7546826,0.298872322,0.709937155,0.313910782,0.647226989,0.295677483,0.599600911,0.268097252,0.57561034,0.303367138,0.510153711,0.315264136,0.407879114,0.320519775,0.344079196,0.32318449,0.284874737,0.269217223,0.512284458,0.258848101,0.399856687,0.249924242,0.320995271,0.243769288,0.253335744,0.240726814,0.543135285,0.236947387,0.493495792,0.253989697,0.561753094,0.26534614,0.61263454,0.216156512,0.591048539,0.219159082,0.547108471,0.23751089,0.595524251,0.248685747,0.634970725,Down
0.258587241,0.730846584,0.298887521,0.689515591,0.313991576,0.606505454,0.294018596,0.542476535,0.267386585,0.498485088,0.31059286,0.492856711,0.328209221,0.393857837,0.336733609,0.329342663,0.342509359,0.272630304,0.274179995,0.491482437,0.273774773,0.383027792,0.27197805,0.303939849,0.269937128,0.235078782,0.242117971,0.517826438,0.234461933,0.468868166,0.250796527,0.548092067,0.263468921,0.606116414,0.214705527,0.56263721,0.217392594,0.538914323,0.234987453,0.5931198,0.248364061,0.634227157,Down
0.26136741,0.739406466,0.302680492,0.711455643,0.322197706,0.643122435,0.301662922,0.587956905,0.271664232,0.547010243,0.321211129,0.509379923,0.342461079,0.411672473,0.354801565,0.348560303,0.364223719,0.293112099,0.286907852,0.504775345,0.289040774,0.390989721,0.290260375,0.313366175,0.291271448,0.246868044,0.256178975,0.529082775,0.25031203,0.489783883,0.26406756,0.566390872,0.274621934,0.620470941,0.227789983,0.57107228,0.229595885,0.546522439,0.245389417,0.603921831,0.256516725,0.646896482,Down
0.260035217,0.73590523,0.297155201,0.707101166,0.313490689,0.64908433,0.292401433,0.614925504,0.262554824,0.587807655,0.310365707,0.503901124,0.329316556,0.403204322,0.339903951,0.338743329,0.346293032,0.28241232,0.275140852,0.500825465,0.26116845,0.387996197,0.249894336,0.313527673,0.240237534,0.248464167,0.24637793,0.527407765,0.236197352,0.500760198,0.250600457,0.570019066,0.261115521,0.618523598,0.22271204,0.569992542,0.221419036,0.555958331,0.23523432,0.60804683,0.246216774,0.649019182,Down
0.258716136,0.739055157,0.298893392,0.708134294,0.312868416,0.654884458,0.297740489,0.610842824,0.268100232,0.5815925,0.308713645,0.509612262,0.324768096,0.409123003,0.335054159,0.347643703,0.34128201,0.289055526,0.274524391,0.504819036,0.266857505,0.391198426,0.258049816,0.312745452,0.250092715,0.243793935,0.24635762,0.532039583,0.233180046,0.486410499,0.246361509,0.56566608,0.258909971,0.622374773,0.222400904,0.579138815,0.216668293,0.547331393,0.230771065,0.60275954,0.244029835,0.647919297,Down
0.262309283,0.732634187,0.30071032,0.695435464,0.316693634,0.62363553,0.300182909,0.566100478,0.276670873,0.52073741,0.315709531,0.506471336,0.334385097,0.409840345,0.342983097,0.346489668,0.348993242,0.28889817,0.280199885,0.501834035,0.282328218,0.39878726,0.280652046,0.322600424,0.278594404,0.253488332,0.247691035,0.524416685,0.237176031,0.482134432,0.251315892,0.560835063,0.263822615,0.61837101,0.219295621,0.565293312,0.217882723,0.548740864,0.233502209,0.604036152,0.247191101,0.64591068,Down
0.270067632,0.75807941,0.312609017,0.733482599,0.331522018,0.679589093,0.320842385,0.637040019,0.295367241,0.610392928,0.327352405,0.537297249,0.345591843,0.445486993,0.356073678,0.388570994,0.363700598,0.334459186,0.295255899,0.527050436,0.297766298,0.418721437,0.298643619,0.344748616,0.300634772,0.280078799,0.265724361,0.546227813,0.260845691,0.488051862,0.266900569,0.56242317,0.272392601,0.61937952,0.23826164,0.586651802,0.236763805,0.549736977,0.247659996,0.600004554,0.25619784,0.644112408,Down
0.267641246,0.750375628,0.307055026,0.725217223,0.325384438,0.666712761,0.308906674,0.601824641,0.276315987,0.561758935,0.327448368,0.545123875,0.349161923,0.45068711,0.361699939,0.39654547,0.371310622,0.343119293,0.295849025,0.526608825,0.308104128,0.422165811,0.312847704,0.355879545,0.319201887,0.289818853,0.266590774,0.539056361,0.256622761,0.455524832,0.252101421,0.512382746,0.253044367,0.565560818,0.238287017,0.57307601,0.22763443,0.524884939,0.230762944,0.55941534,0.236864924,0.600277722,Down
0.270883501,0.732547641,0.310644537,0.717211902,0.3303563,0.665529609,0.323959321,0.622513831,0.308086485,0.585782111,0.328270674,0.527218997,0.348804951,0.435235143,0.360611945,0.378687143,0.368684888,0.325398326,0.295522541,0.511908889,0.303989828,0.407374203,0.307455897,0.338502377,0.309465885,0.275666893,0.265201777,0.525810361,0.253537774,0.458465099,0.259604067,0.531746387,0.2671386,0.589871943,0.236790448,0.562405825,0.228137955,0.524551511,0.237082094,0.574483395,0.246988863,0.620382786,Down
0.274695396,0.74216944,0.311965644,0.719398975,0.329254985,0.662113726,0.326313198,0.617679596,0.328292459,0.588747442,0.330127567,0.52262044,0.349444181,0.429778695,0.3605946,0.370700359,0.368812978,0.317773759,0.296887964,0.516392529,0.295159012,0.411499619,0.293540001,0.339711726,0.291515678,0.275176525,0.266797096,0.538158059,0.259280711,0.49802506,0.272218943,0.575875461,0.282070011,0.632622898,0.240105644,0.578517854,0.24099049,0.568007827,0.256255239,0.625822961,0.268017739,0.670041203,Down
0.276479363,0.732153773,0.318787634,0.702464581,0.345163763,0.623133302,0.352874458,0.548692703,0.366380155,0.491100878,0.33018139,0.512476623,0.349409014,0.417676777,0.358579934,0.356145978,0.364947826,0.301116943,0.297429562,0.506211936,0.29516989,0.403392971,0.291973025,0.327997804,0.288437873,0.262382656,0.268896282,0.528299093,0.258636594,0.486424297,0.271789432,0.564847648,0.282223821,0.621745646,0.243686736,0.568080842,0.24162595,0.555983782,0.257356822,0.61333406,0.269493163,0.655862808,Down
0.28097254,0.725373685,0.321950763,0.693476379,0.344942927,0.615501344,0.331984699,0.550800085,0.305765897,0.512186646,0.334235549,0.504371107,0.352749318,0.410694033,0.361617535,0.351725101,0.367998421,0.300325692,0.300064296,0.501434028,0.297704518,0.396854162,0.295690209,0.323601365,0.293322861,0.26194936,0.270744115,0.524779618,0.265579522,0.481188685,0.28134793,0.556417584,0.292044431,0.610654056,0.245479077,0.564582705,0.24889259,0.547772706,0.264955074,0.602264524,0.275242776,0.642734885,Down
0.280280411,0.730480909,0.318737626,0.696704328,0.33893767,0.624808729,0.317690432,0.57356441,0.289636046,0.537774563,0.336891711,0.504272819,0.355909348,0.41328001,0.366877913,0.354733199,0.374349833,0.305634111,0.305258214,0.498655051,0.303443402,0.385316432,0.303908616,0.314525425,0.304005593,0.256477833,0.276136309,0.520185053,0.27984336,0.474560499,0.291959882,0.536993742,0.296665072,0.58259362,0.25020054,0.557076752,0.26066649,0.529100537,0.27569589,0.577778697,0.282694578,0.617730975,Down
0.263978571,0.794798851,0.302317321,0.761304498,0.321981251,0.69046253,0.297952175,0.643016815,0.267113745,0.608711481,0.317371666,0.549851239,0.335423291,0.449139118,0.346765369,0.384056687,0.353875875,0.329226673,0.282816827,0.543187857,0.273699671,0.431781769,0.268752575,0.357761532,0.265210032,0.296941876,0.251764596,0.564358532,0.255958527,0.546663225,0.267661899,0.614313543,0.272228539,0.66229254,0.224833459,0.601255178,0.231378615,0.589957535,0.248434678,0.646642268,0.25902167,0.694871008,Down
0.269446313,0.781305671,0.309290707,0.736896515,0.329676419,0.663681924,0.31309253,0.616996706,0.289061278,0.58358115,0.318232089,0.543355227,0.332083464,0.440293908,0.339184761,0.375976741,0.343822956,0.321063101,0.283375651,0.54353112,0.27618137,0.438541621,0.271228999,0.368167996,0.267468721,0.307771266,0.252364486,0.566424847,0.249510527,0.547700405,0.265382349,0.621654749,0.276750803,0.668803155,0.225029677,0.600532174,0.225331992,0.583674312,0.241985679,0.637323141,0.25426966,0.672476053,Down
0.265128136,0.782148063,0.305070788,0.744641423,0.323564976,0.68231833,0.298891693,0.635801136,0.267976642,0.604756236,0.323372036,0.547933757,0.348120153,0.451440275,0.363312364,0.391053081,0.372876287,0.337161988,0.28663078,0.537986875,0.274880171,0.422665238,0.265407562,0.348448157,0.257345736,0.283362895,0.255722702,0.561424971,0.250954062,0.531340599,0.265680134,0.602539659,0.275682479,0.648223281,0.228952587,0.601330638,0.228401259,0.575716138,0.243581712,0.624829173,0.255062163,0.660049915,Down
0.267664135,0.777906358,0.307937235,0.742241025,0.326811373,0.676553607,0.301195443,0.626343846,0.269145429,0.583541989,0.319896191,0.536412239,0.323840767,0.435612917,0.324014127,0.370230556,0.322063535,0.311692059,0.288264513,0.531066477,0.291856259,0.419113815,0.293936193,0.343700558,0.295478314,0.277693748,0.258585423,0.553626657,0.254951686,0.514271379,0.268704265,0.587260485,0.278720528,0.635532379,0.229892358,0.592866838,0.229484558,0.566100657,0.245806769,0.617172778,0.258160025,0.654247224,Down
0.264919281,0.771687984,0.307028979,0.727923751,0.323674619,0.668100476,0.302267551,0.61214155,0.267159939,0.581240177,0.321993023,0.536618769,0.347666323,0.438113302,0.363053054,0.380075753,0.372907579,0.323942304,0.284917593,0.527506828,0.273505449,0.411463439,0.263538986,0.335430324,0.255493313,0.26739046,0.254458457,0.552327931,0.24903585,0.508308113,0.26289618,0.578145146,0.273250312,0.627284467,0.227467835,0.594628632,0.225322902,0.55349046,0.240684435,0.600595057,0.25276649,0.638864517,Down
0.272801518,0.762111306,0.308954298,0.729834259,0.326881349,0.675285518,0.302705854,0.644770145,0.274786979,0.616533399,0.32780081,0.54296279,0.35570538,0.450960696,0.373015523,0.392985284,0.382341951,0.342705399,0.2897636,0.532262385,0.267852992,0.420903772,0.25121507,0.35485363,0.236094385,0.293037295,0.25763154,0.552933931,0.253637135,0.562646866,0.271483243,0.627061844,0.283490688,0.6553213,0.232433259,0.586055458,0.233307332,0.600242198,0.249055088,0.647024155,0.262877047,0.670095325,Down
0.274960786,0.758802295,0.314120322,0.721323192,0.330995888,0.666699648,0.30999437,0.620375574,0.278725505,0.591889918,0.329894662,0.535199225,0.35212633,0.438520491,0.364490867,0.379695743,0.372161657,0.325004578,0.294201374,0.527895927,0.282099098,0.412760794,0.272436202,0.339253247,0.264858186,0.272913277,0.26455456,0.551377773,0.259271979,0.510844409,0.273344994,0.580826342,0.283697188,0.627095759,0.239176452,0.591484427,0.237955853,0.560624897,0.251847774,0.607699811,0.262384087,0.641801715,Down
0.29705447,0.757917702,0.33437109,0.719331622,0.357354611,0.651231945,0.337692976,0.611065924,0.310114175,0.600127697,0.352715254,0.52583009,0.373347729,0.429623902,0.384434283,0.365944743,0.391791582,0.314350963,0.31651625,0.521253526,0.305115759,0.404882431,0.299330771,0.330514371,0.294245452,0.266471326,0.284405529,0.546065867,0.28600955,0.517359674,0.300810277,0.57983768,0.30739367,0.6203385,0.257003635,0.584453464,0.263417244,0.566540241,0.274761438,0.612236083,0.278583974,0.642021894,Down
0.31183517,0.68650949,0.349586874,0.655750394,0.371938378,0.594028413,0.366168857,0.544648945,0.352225065,0.504028559,0.379032016,0.474841565,0.403890401,0.389952779,0.418157101,0.335690051,0.428897738,0.290608674,0.348348588,0.467431903,0.356533855,0.358733535,0.36180675,0.292047262,0.365190595,0.241773456,0.317881525,0.483826309,0.334062219,0.45357725,0.342257142,0.510306418,0.343010724,0.553347766,0.290622443,0.513803422,0.30952844,0.499291092,0.321950406,0.547187507,0.32662794,0.587264538,Down
0.316947341,0.736801982,0.358685225,0.699813068,0.381112009,0.63316226,0.375070781,0.589741766,0.364214242,0.556669354,0.376296908,0.505349755,0.397681326,0.413304538,0.408503175,0.354449242,0.41480118,0.302702069,0.343464315,0.499651074,0.350960076,0.391319036,0.354703486,0.318028003,0.35570389,0.256326199,0.311867028,0.520489275,0.31672588,0.467633784,0.334277093,0.527587473,0.345209301,0.578718245,0.283563942,0.560489237,0.298842132,0.547067046,0.318892598,0.589984834,0.332456619,0.628079474,Down
0.316870511,0.714506686,0.360702634,0.680267632,0.382736504,0.616611004,0.379553676,0.570875108,0.365934521,0.537072778,0.381106019,0.485529184,0.406549215,0.397207141,0.420179129,0.340287089,0.428265184,0.289505839,0.349913061,0.477686435,0.357451886,0.368645132,0.362838954,0.296244949,0.364959002,0.236449212,0.318972856,0.497657418,0.327076048,0.441678405,0.34437421,0.503123343,0.354260981,0.554236293,0.291622847,0.53649056,0.307868958,0.517322659,0.326515406,0.560095012,0.33774668,0.599759758,Yaw_Left
0.319543481,0.484611243,0.358978838,0.512763679,0.399213463,0.477182984,0.425584763,0.417778641,0.465897173,0.38719672,0.383719385,0.365225881,0.348142385,0.376038879,0.320729643,0.376149863,0.292740673,0.367684722,0.354157627,0.327371508,0.312323898,0.362123132,0.294049233,0.365914136,0.277037501,0.361257732,0.326009989,0.31786558,0.285576433,0.338851988,0.263657808,0.346233696,0.245696813,0.348614305,0.299798906,0.329620063,0.265326977,0.333316833,0.236114681,0.34130317,0.210744858,0.342138082,Yaw_Left
0.331567168,0.465186656,0.363538325,0.493509799,0.395342976,0.483199805,0.393696308,0.441253424,0.365716815,0.403075784,0.38347435,0.348048389,0.33348757,0.345246673,0.296416402,0.338830054,0.260388911,0.329070896,0.354210168,0.313390493,0.295307726,0.326360881,0.25407362,0.325036585,0.217862204,0.317702621,0.329112113,0.304577351,0.271904349,0.315544248,0.23571375,0.318592638,0.20710583,0.31690073,0.307221264,0.317313045,0.264835536,0.313575506,0.235750496,0.31650418,0.21249862,0.312331051,Yaw_Left
0.338277251,0.443950564,0.375121772,0.479518652,0.40325886,0.46165669,0.386098325,0.417478383,0.355090439,0.381283402,0.387695104,0.343029767,0.333882332,0.332100362,0.294068784,0.315484077,0.254637152,0.294695735,0.358700365,0.300492793,0.2958152,0.302793711,0.249669835,0.287974566,0.209518462,0.269601882,0.333218753,0.285697848,0.273124903,0.287226021,0.237011343,0.280886412,0.208853781,0.269932926,0.31073463,0.296191394,0.267180771,0.29073745,0.240392506,0.290128559,0.218624696,0.282259911,Yaw_Left
0.346820086,0.460475504,0.376370996,0.488662183,0.410079956,0.483433843,0.405259997,0.451879859,0.380214006,0.430611074,0.401596636,0.362291783,0.364088506,0.378270745,0.334241658,0.380875945,0.308383763,0.375483334,0.372028142,0.327284276,0.332794547,0.359783173,0.310796767,0.368872821,0.293064535,0.376455784,0.343777627,0.315525085,0.30575645,0.35088709,0.29189679,0.373757184,0.28299278,0.390572131,0.318490237,0.321785808,0.291826159,0.344881475,0.276883334,0.370169967,0.264901876,0.386597812,Yaw_Left
0.329810977,0.465287507,0.364127517,0.494183511,0.397235334,0.48531127,0.403984457,0.459296852,0.386722624,0.439688146,0.395360321,0.369951218,0.355017036,0.373637617,0.325192332,0.364089012,0.297579676,0.347157568,0.366882473,0.329427779,0.316033602,0.351504385,0.284674317,0.344963223,0.257929385,0.334628105,0.337845981,0.317721486,0.289059222,0.333615243,0.262958139,0.339927554,0.243538514,0.340313345,0.311805934,0.327096343,0.279410481,0.329942137,0.257606506,0.337818801,0.239933625,0.338586152,Yaw_Left
0.332992166,0.454781711,0.365902424,0.48184213,0.401418895,0.474498779,0.407154113,0.442411453,0.385532677,0.414477527,0.396436542,0.356412411,0.359819025,0.360898018,0.330868185,0.355183274,0.303468376,0.340880036,0.366357893,0.319646955,0.31891039,0.341041863,0.286448866,0.338564396,0.259435892,0.330475599,0.337064415,0.309268773,0.291970432,0.325364679,0.265396267,0.332619488,0.245923311,0.333837599,0.31128785,0.31975466,0.281120569,0.322184056,0.259220004,0.330916643,0.241800293,0.332348436,Yaw_Left
0.33182773,0.455180645,0.36803782,0.471825182,0.397019297,0.445636392,0.420893222,0.419970751,0.453240842,0.409443319,0.370949417,0.379123807,0.362852335,0.34073633,0.348488331,0.31534642,0.328984439,0.290955842,0.339482129,0.362938702,0.325140208,0.322717667,0.309013069,0.299574137,0.291355968,0.276105613,0.313844323,0.358449697,0.300051898,0.318562686,0.285398304,0.295640171,0.270814031,0.271273315,0.292822897,0.365894973,0.280881703,0.324934512,0.267329514,0.306806386,0.253746569,0.288278759,Yaw_Left
0.335703284,0.439733505,0.368723691,0.467108518,0.398328364,0.460920513,0.425268799,0.459351867,0.456444323,0.455861628,0.371138811,0.381373137,0.361828595,0.339889616,0.348825783,0.311809689,0.332011282,0.280610561,0.339856297,0.361374706,0.326800317,0.315429568,0.312297434,0.291113347,0.295483857,0.262889922,0.313802063,0.352457821,0.301202446,0.308935434,0.288758755,0.287045389,0.275093496,0.263188571,0.292558253,0.356429994,0.279240906,0.314931542,0.266550273,0.299303412,0.25339067,0.284654081,Yaw_Left
0.329248726,0.447371572,0.354380786,0.473367155,0.381716222,0.473187268,0.385951072,0.472014576,0.367880285,0.476343542,0.388849229,0.35790804,0.343338311,0.373490453,0.314911485,0.375394225,0.291743308,0.368230492,0.359350711,0.326862067,0.313674808,0.352344155,0.291229308,0.360629678,0.273463309,0.358094126,0.32909295,0.320234835,0.285080791,0.350657552,0.267951846,0.368528903,0.256979644,0.368848026,0.300742984,0.331419468,0.267984271,0.348947287,0.250738144,0.366595596,0.239375561,0.365993887,Yaw_Left
0.342721701,0.427771032,0.36478284,0.471473962,0.384103954,0.472156107,0.368008465,0.474913418,0.344315678,0.475109071,0.380536824,0.370924175,0.31844753,0.368103445,0.269660532,0.351661742,0.231096014,0.330089927,0.354395151,0.322184414,0.297501624,0.394711584,0.308427662,0.437569618,0.324738503,0.459872723,0.328720897,0.303236365,0.281176627,0.388514459,0.294304162,0.423331648,0.309038937,0.437140703,0.307511806,0.304501474,0.270294964,0.358380049,0.264718741,0.386371464,0.262622178,0.392633259,Yaw_Left
0.326057851,0.462078243,0.357757837,0.495481193,0.38165459,0.490528524,0.394791692,0.478193164,0.409252286,0.465492427,0.374885768,0.381424695,0.331917048,0.371520281,0.301976264,0.355283618,0.27202493,0.33547619,0.34509939,0.3545928,0.295525342,0.363217384,0.263569832,0.354896605,0.234775782,0.340937763,0.3184205,0.350607425,0.270747066,0.362520993,0.244748175,0.355531842,0.222058952,0.344423234,0.296212077,0.364060849,0.260689914,0.375372887,0.237871036,0.378050029,0.217870519,0.372946769,Yaw_Left
0.318603724,0.458363712,0.343933403,0.495449811,0.367054909,0.494370908,0.382487893,0.483303487,0.390801787,0.4631643,0.372983545,0.378883749,0.318639994,0.38541162,0.280439556,0.379115313,0.243717209,0.363612264,0.347097158,0.345345885,0.289462596,0.368976265,0.252249658,0.37099123,0.220247954,0.363716513,0.321085334,0.336172998,0.265354246,0.358970672,0.234380364,0.366075784,0.210104167,0.362606943,0.296981335,0.345432043,0.258566558,0.359965801,0.235103786,0.370503008,0.216865152,0.369426996,Yaw_Left
0.323628873,0.458603233,0.348641098,0.496765852,0.372062862,0.487938434,0.37396726,0.469347507,0.359698266,0.445349962,0.376319408,0.392502248,0.312609971,0.392789572,0.26645726,0.382178843,0.225184202,0.363252163,0.349945068,0.351309925,0.2834934,0.388413578,0.249997109,0.393885911,0.222353771,0.390023381,0.323000789,0.337147266,0.261481613,0.374842733,0.236321986,0.38583076,0.216717362,0.38615182,0.299978971,0.343702763,0.257772088,0.37234351,0.237568438,0.388538361,0.22167623,0.389853537,Yaw_Left
0.362561017,0.446452349,0.371081471,0.45224601,0.363957465,0.415717125,0.341706038,0.384223402,0.315459371,0.362034917,0.39366582,0.457035303,0.33819738,0.413586497,0.300298214,0.377991796,0.268174469,0.35247606,0.3770518,0.437139601,0.309223264,0.403789312,0.267426044,0.370639265,0.233303159,0.352460712,0.354283839,0.409923226,0.292703748,0.390415281,0.274240494,0.374058545,0.263667136,0.362744749,0.331623673,0.386882007,0.281786323,0.373488069,0.264570385,0.374274313,0.254217774,0.374669254,Yaw_Left
0.317212611,0.527528286,0.35710457,0.513924539,0.373781413,0.474032879,0.375980437,0.429313809,0.383600652,0.38232401,0.317969263,0.433654428,0.291380286,0.399998397,0.266223669,0.379620969,0.240239099,0.363315284,0.28564781,0.438123524,0.255090535,0.399641871,0.228993446,0.375548482,0.201260149,0.352563947,0.262161523,0.448560417,0.234614849,0.411552042,0.209739625,0.386016577,0.186091512,0.36560744,0.247219115,0.465068787,0.2213604,0.431385607,0.1990356,0.409502685,0.179181039,0.393745452,Yaw_Left
0.3469401,0.484874129,0.370673478,0.50615114,0.380688906,0.494364917,0.375567198,0.457340986,0.358509809,0.413505703,0.335607499,0.406203449,0.269846618,0.397452831,0.227428257,0.398491025,0.193042994,0.401803225,0.317871124,0.364884287,0.250897378,0.389168113,0.215159252,0.413466245,0.187474743,0.436716199,0.303494781,0.347295612,0.258705318,0.394011289,0.253534287,0.420309454,0.253522903,0.435717463,0.288775146,0.344155967,0.256115139,0.382772446,0.252022862,0.402690798,0.255688965,0.412197053,Yaw_Left
0.353047132,0.487206936,0.371104777,0.495788157,0.377863437,0.481414855,0.365018308,0.457260966,0.345693886,0.435979754,0.32232818,0.407734662,0.256338358,0.415589482,0.21366328,0.41635862,0.176472321,0.41340825,0.304602355,0.370723486,0.233790666,0.404743761,0.186945528,0.420105726,0.147638485,0.434231758,0.29219234,0.355683506,0.229896128,0.394492596,0.192645907,0.407789648,0.163842201,0.415614039,0.280617476,0.357151777,0.23493208,0.384579688,0.206363678,0.400542289,0.187427759,0.409166336,Yaw_Left
0.345798939,0.499712199,0.374072909,0.499693692,0.375623465,0.490134418,0.361406744,0.48053208,0.340315729,0.4802154,0.312644899,0.446055055,0.276957303,0.41647315,0.245949492,0.399541229,0.214058995,0.382988125,0.280883014,0.432188392,0.237543359,0.416801691,0.200162232,0.406449437,0.16223225,0.396224678,0.260193914,0.426937908,0.219724268,0.420375496,0.182440668,0.413159698,0.151414365,0.407708377,0.247384012,0.430600107,0.214130998,0.429280013,0.18597658,0.431358576,0.161407053,0.432437271,Yaw_Left
0.349329561,0.473335594,0.354858667,0.418124527,0.319419503,0.39142409,0.277850866,0.395802885,0.24379842,0.403459609,0.328016996,0.418731213,0.271108627,0.400593638,0.226722643,0.384416699,0.190640733,0.375087529,0.309924752,0.442307264,0.247821718,0.420205742,0.201155543,0.400509924,0.166238233,0.389171183,0.292406797,0.459054828,0.239092529,0.431746691,0.200665623,0.408161551,0.172700346,0.393001854,0.277663469,0.469117671,0.244243518,0.443311691,0.219507247,0.419470519,0.199506536,0.401890099,Yaw_Left
0.324895829,0.512469769,0.364511698,0.517627299,0.389248699,0.48182714,0.38998729,0.445349276,0.373727053,0.41752553,0.329185784,0.41799143,0.305150419,0.370864213,0.285084009,0.339158267,0.26453352,0.30888626,0.297561467,0.413594127,0.269294083,0.35828042,0.247291327,0.324760765,0.224773377,0.290524632,0.275098324,0.417210072,0.247282952,0.372194052,0.224953204,0.342017651,0.20574531,0.317246467,0.259970754,0.429802716,0.236553878,0.395232826,0.219314247,0.373501956,0.204348519,0.35641101,Yaw_Left
0.362596691,0.51271683,0.405552417,0.505126476,0.431134671,0.456330061,0.446061403,0.401671499,0.472096145,0.358754754,0.385656953,0.394958138,0.35175702,0.369161397,0.318296313,0.351794124,0.282761782,0.338762015,0.352122307,0.391654372,0.318754405,0.367804766,0.290926754,0.3516891,0.264477372,0.332237244,0.325806677,0.393722951,0.296814501,0.364726782,0.275666624,0.343208373,0.254797608,0.317860216,0.306005448,0.404058486,0.284146398,0.364451796,0.267869949,0.345102042,0.251450449,0.321897447,Yaw_Left
0.363414288,0.500180066,0.395097494,0.525165796,0.420454144,0.513515651,0.418724984,0.492649525,0.402081668,0.474668086,0.426838696,0.406581312,0.387192547,0.413548172,0.354990393,0.409458607,0.325249046,0.400605112,0.39274919,0.370968461,0.34820196,0.390448779,0.324380577,0.395323873,0.307164371,0.396645665,0.358375996,0.363533199,0.312056273,0.375622511,0.286533654,0.382516056,0.269616514,0.382183373,0.32929346,0.379538268,0.285391569,0.380951911,0.259082854,0.385427505,0.239678383,0.383499026,Yaw_Left
0.363815784,0.492242277,0.407204151,0.507012725,0.437744975,0.479424119,0.42264846,0.443545103,0.38660726,0.417542547,0.42031011,0.372835994,0.376530558,0.352098554,0.334145546,0.339678079,0.290189624,0.326280296,0.380966425,0.353123665,0.331567138,0.335976213,0.289937198,0.330746472,0.253499448,0.318511486,0.348592937,0.349772364,0.301862299,0.335936546,0.270270109,0.325875819,0.243982494,0.313650846,0.321696818,0.363214314,0.290916175,0.340561688,0.269162893,0.338497937,0.250136167,0.330697685,Yaw_Left
0.379099816,0.486517549,0.413116753,0.495199353,0.430573583,0.469819665,0.433924645,0.438452363,0.421320438,0.392158478,0.402762085,0.351964027,0.364471883,0.320624441,0.330915391,0.307182223,0.293626904,0.298107356,0.368259013,0.340312362,0.325179487,0.311667264,0.29160732,0.306964546,0.258992523,0.296183348,0.341572374,0.340243816,0.306112945,0.320229053,0.277855992,0.308215916,0.252362311,0.302841038,0.321732551,0.351608217,0.297455966,0.328209519,0.276751339,0.316927403,0.256403893,0.308351904,Yaw_Left
0.155528992,0.518975616,0.222179443,0.519302309,0.268566191,0.470122278,0.300366342,0.424851537,0.331476033,0.403209001,0.25484857,0.38455832,0.291970134,0.40780434,0.322356164,0.407690734,0.349114925,0.408477575,0.231382117,0.377555788,0.278956115,0.399461895,0.31292671,0.405866235,0.342490584,0.408445239,0.2058568,0.395290703,0.251617521,0.403932214,0.281781733,0.405993402,0.308877319,0.40291822,0.1801036,0.431722641,0.205661789,0.427763224,0.225180537,0.418296993,0.245346516,0.410941869,Yaw_Right
0.22684139,0.493294597,0.276528448,0.482795119,0.317046821,0.437600493,0.341447264,0.392148942,0.360495001,0.358888775,0.313936919,0.374010116,0.346028984,0.355593294,0.369196445,0.341433972,0.391477406,0.329390109,0.290138274,0.361570239,0.322439134,0.34605822,0.349785864,0.339018643,0.37646094,0.330798805,0.260717481,0.364899278,0.290073067,0.348359525,0.313899726,0.344472647,0.337221831,0.337619483,0.227285221,0.383566201,0.248522669,0.364068806,0.266375721,0.352260113,0.284828365,0.340984881,Yaw_Right
0.17651546,0.486846507,0.245833009,0.496443719,0.29452917,0.474639863,0.327744573,0.452485979,0.355867118,0.438326687,0.287834346,0.357577324,0.335372239,0.394424289,0.371404827,0.40784505,0.400938004,0.418578416,0.270712584,0.358043313,0.330322117,0.386539906,0.370425224,0.403847873,0.405099869,0.413734376,0.251586676,0.380841821,0.309225082,0.392353177,0.345244348,0.403541207,0.376080573,0.40762043,0.232116789,0.418133706,0.267019361,0.419680446,0.292948127,0.415009022,0.317366064,0.409516364,Yaw_Right
0.172306374,0.479703575,0.245680034,0.497749746,0.293620169,0.471132547,0.326474071,0.451502293,0.352874368,0.441218883,0.291541189,0.347087562,0.349297822,0.389166325,0.386160046,0.399024308,0.416507214,0.407749146,0.273650706,0.349703968,0.346496701,0.380021662,0.388560116,0.394056976,0.425069183,0.40239954,0.254809171,0.376783103,0.328420609,0.389278322,0.367007554,0.40239504,0.400192589,0.40437752,0.238198549,0.420677572,0.281736702,0.417822361,0.310255647,0.411435694,0.338989079,0.402598768,Yaw_Right
0.192555577,0.479945481,0.2597422,0.496075988,0.313555092,0.46569705,0.348003119,0.455749214,0.377328008,0.457399309,0.319688261,0.332025677,0.38371101,0.371281773,0.42432332,0.387130141,0.457938015,0.400675863,0.306684375,0.337173343,0.382568002,0.370986342,0.426393211,0.389990777,0.463479459,0.404367894,0.294856936,0.368394613,0.372172415,0.376996189,0.416334748,0.384482414,0.454412818,0.385379076,0.287420899,0.41870749,0.341078073,0.409500301,0.375256151,0.402247399,0.407213807,0.396154284,Yaw_Right
0.190316573,0.479022115,0.2586281,0.47221747,0.317074895,0.435552984,0.353693664,0.42915988,0.389055163,0.430362433,0.320736825,0.318530351,0.399077386,0.356264114,0.433853507,0.376536936,0.464155614,0.398198247,0.306349039,0.333400607,0.385487467,0.394537896,0.407963723,0.447193742,0.423699826,0.496254832,0.295856506,0.366416395,0.384081572,0.369056344,0.427278966,0.378015757,0.467113137,0.379877508,0.290863752,0.414770722,0.351787627,0.40115875,0.387241662,0.393403441,0.42201218,0.382857352,Yaw_Right
0.236161143,0.462294102,0.297250003,0.470041215,0.34042418,0.434901714,0.367353767,0.409472764,0.390769064,0.39839673,0.336353242,0.329058737,0.376831651,0.36014092,0.390589178,0.385446221,0.400074124,0.395724058,0.320684791,0.325939566,0.372263372,0.346666098,0.402353287,0.359223604,0.426423877,0.363358647,0.303518951,0.343891948,0.355505258,0.347299635,0.391191423,0.347582966,0.421017855,0.342168927,0.286915123,0.379066467,0.324161887,0.37281695,0.351889074,0.365780413,0.3768574,0.360128522,Yaw_Right
0.212875038,0.52411449,0.281600356,0.510280013,0.320111811,0.457500279,0.342994094,0.413668603,0.362425417,0.387433112,0.311990827,0.350741386,0.364107728,0.37963438,0.398436785,0.385713458,0.42696774,0.390946954,0.292304277,0.347854733,0.351035297,0.373059392,0.386229485,0.386239797,0.415766507,0.396748304,0.272025555,0.369835943,0.328888595,0.384536892,0.359307706,0.387533277,0.383684576,0.384010911,0.253432423,0.4106417,0.29520762,0.406331301,0.321796149,0.397446305,0.346082836,0.386336327,Yaw_Right
0.211254746,0.519433796,0.277832836,0.50598377,0.315755755,0.45369792,0.338831663,0.411344022,0.356977224,0.382446885,0.310011208,0.346148133,0.363031417,0.370578706,0.396627277,0.375841111,0.424866557,0.380162835,0.291062713,0.343915045,0.352778703,0.36571449,0.387944669,0.378580749,0.417889446,0.387379229,0.271106124,0.367356598,0.331511527,0.382287145,0.357808143,0.392634511,0.377621472,0.393938005,0.25270927,0.410403013,0.296448618,0.400043249,0.325892806,0.388157934,0.352981925,0.375487387,Yaw_Right
0.205904007,0.504440486,0.274426341,0.503515482,0.318020254,0.458970308,0.347168028,0.423719019,0.373683453,0.400092274,0.314371884,0.346061647,0.368747532,0.373267621,0.404724926,0.378635794,0.433475822,0.383693159,0.298070967,0.34660089,0.36304602,0.362853855,0.401286721,0.373546749,0.433742404,0.379470617,0.279769093,0.369868815,0.342871994,0.376322895,0.378689617,0.384004116,0.408964813,0.382995665,0.261814892,0.410150319,0.299134433,0.407877624,0.324919343,0.401229441,0.349698186,0.391975254,Yaw_Right
0.212757528,0.503015101,0.275896639,0.504871309,0.326617688,0.478593856,0.366735309,0.471379429,0.404904664,0.473918796,0.313334078,0.350621879,0.36784479,0.372965515,0.404939741,0.376278192,0.43684268,0.382157803,0.295526475,0.348449111,0.358412236,0.360122502,0.398079097,0.368196547,0.432822675,0.372684747,0.277413636,0.369422406,0.335644364,0.371531248,0.371060431,0.374468356,0.402220011,0.369906425,0.261690319,0.408000916,0.298907012,0.403970242,0.325617671,0.396757305,0.352331519,0.386857331,Yaw_Right
0.213247955,0.493023545,0.275017083,0.505633712,0.329102993,0.488462508,0.370598555,0.499351174,0.406356275,0.526098669,0.320545524,0.353812158,0.376372308,0.375162989,0.411189198,0.373267382,0.442747712,0.376562655,0.302237123,0.350718796,0.366607219,0.361649781,0.405560195,0.368309438,0.441083431,0.374352574,0.283073843,0.371583462,0.34469986,0.369173646,0.380773902,0.370055944,0.414070278,0.362958252,0.266918957,0.411357254,0.306108445,0.404651403,0.334730357,0.391417056,0.364508927,0.375249445,Yaw_Right
0.212596238,0.493220985,0.282455862,0.497900099,0.326294333,0.453054368,0.354714334,0.416947782,0.383185744,0.39156726,0.323802471,0.344566464,0.374174654,0.37177074,0.408411354,0.375275999,0.436194211,0.376965612,0.307232112,0.342076749,0.370861202,0.358864844,0.41121465,0.362278193,0.446977764,0.359422803,0.288478315,0.364270478,0.352988243,0.366036773,0.39140144,0.367129564,0.425400645,0.360191703,0.270694494,0.404917419,0.312129825,0.397178292,0.3404935,0.385293752,0.368275285,0.37277624,Yaw_Right
0.233141169,0.513304055,0.279821187,0.511895061,0.317123175,0.473168433,0.339835227,0.437059522,0.359553367,0.411310643,0.316165984,0.379503131,0.350267559,0.363530487,0.376667649,0.352996796,0.399744987,0.345469475,0.294325411,0.363046825,0.328253686,0.351645976,0.355411917,0.349607855,0.378722608,0.34812355,0.269611239,0.367141008,0.302134752,0.359900743,0.328075737,0.355412036,0.351464897,0.349297315,0.243523136,0.389855236,0.271559745,0.382340699,0.291012734,0.372473687,0.310011446,0.36081171,Yaw_Right
0.222051919,0.509200871,0.281396061,0.504719257,0.32073319,0.472166955,0.347195804,0.444642782,0.366011441,0.412801325,0.314199567,0.356552988,0.35958302,0.380472124,0.392357379,0.387387156,0.419520974,0.392584205,0.294097453,0.347253561,0.340793669,0.370549023,0.368433267,0.386942804,0.390425563,0.397432804,0.273634881,0.362375081,0.318987846,0.378606349,0.344651848,0.385219336,0.365678787,0.385056257,0.254447252,0.397701144,0.291129738,0.396025151,0.316218108,0.39232862,0.339694589,0.386995316,Yaw_Right
0.216364592,0.502944589,0.278342754,0.502708793,0.315763175,0.464020908,0.338377178,0.433410525,0.360565007,0.407448858,0.314645588,0.347199976,0.365507782,0.368950456,0.400367051,0.374288023,0.428857237,0.377771348,0.29830426,0.34296909,0.358157337,0.359630615,0.39596498,0.36926049,0.42686674,0.374257952,0.280839711,0.361805797,0.336933881,0.368838608,0.368591517,0.372196853,0.393866062,0.368846148,0.264612406,0.400038362,0.305027366,0.394925028,0.331930459,0.388402969,0.355924159,0.380323917,Yaw_Right
0.208016306,0.500290632,0.276577413,0.499815881,0.319510788,0.454359561,0.349348277,0.424008161,0.377177954,0.399193406,0.314159393,0.336492866,0.367921054,0.363217413,0.404340029,0.369259179,0.433835894,0.373960108,0.299346894,0.337159842,0.364719391,0.352080494,0.404491961,0.362295032,0.439213574,0.36778754,0.283401221,0.362077117,0.347665697,0.363089889,0.384620816,0.369240642,0.416693538,0.366044074,0.268554509,0.405676305,0.311199069,0.397288203,0.339032292,0.385550946,0.365495294,0.371199816,Yaw_Right
0.207672,0.504147649,0.27736491,0.503229439,0.317533225,0.459287614,0.343717694,0.429811835,0.369524539,0.404837698,0.31450969,0.341698438,0.367750466,0.368067831,0.403393775,0.372591853,0.432381928,0.376501203,0.299837142,0.340880752,0.365360439,0.358946919,0.40553996,0.367077738,0.440468878,0.371058404,0.283046216,0.364369661,0.347777307,0.368875355,0.385557443,0.375134885,0.418037057,0.372289717,0.266795218,0.4074274,0.309159666,0.401841938,0.336750239,0.392248154,0.363063455,0.379734695,Yaw_Right
0.237507299,0.513176441,0.277294427,0.513136208,0.313692987,0.488057047,0.335697919,0.465090543,0.336592317,0.450810492,0.316144526,0.397631496,0.348798603,0.385561585,0.373618305,0.374299556,0.396514356,0.3647753,0.297267258,0.384557843,0.333392143,0.372726142,0.363075912,0.364203423,0.390959173,0.353580445,0.272836238,0.388257861,0.306895822,0.374906182,0.333817422,0.368748873,0.360451728,0.357526094,0.245362923,0.408727258,0.268143296,0.395516396,0.285014272,0.385539412,0.302295178,0.371947855,Yaw_Right
0.227483034,0.513136148,0.27632165,0.512748003,0.315392792,0.479438335,0.34039247,0.452220708,0.367988944,0.436825335,0.316535801,0.390672415,0.355790228,0.375790328,0.3851583,0.36852923,0.410878658,0.363586575,0.297131717,0.378129661,0.339911699,0.36186862,0.372934312,0.360590428,0.401657939,0.359177977,0.274157107,0.384741426,0.312277436,0.369261473,0.340554535,0.367360711,0.366124928,0.364056557,0.250215501,0.408302754,0.280021846,0.393358767,0.30297783,0.381412268,0.324873418,0.368242592,Yaw_Right
0.216122806,0.505670369,0.273142666,0.507013261,0.317392826,0.463274211,0.345059812,0.433360308,0.367275655,0.411814481,0.320024371,0.344833016,0.367523938,0.361395568,0.401736647,0.361769438,0.430019855,0.361261755,0.303863198,0.3393718,0.360406935,0.350384504,0.39835763,0.356110156,0.431916475,0.354365081,0.286950886,0.358785838,0.342298567,0.366418928,0.377664417,0.367957771,0.409383804,0.357366771,0.27068758,0.398609191,0.313220769,0.399052918,0.340069532,0.392351657,0.364553124,0.38170141,Yaw_Right
0.234331802,0.519382596,0.267558783,0.524446368,0.301029176,0.510481119,0.322865576,0.492717773,0.329179764,0.472693056,0.297955573,0.418120503,0.322737038,0.417708278,0.34422487,0.416796088,0.366298854,0.417582452,0.276928604,0.405159712,0.306167066,0.405566752,0.333195925,0.407671988,0.358277678,0.412165642,0.251744419,0.408311069,0.273312271,0.407566696,0.286148757,0.4075872,0.298042029,0.407199353,0.224213406,0.427531779,0.237868652,0.418723643,0.249166295,0.416029394,0.260597438,0.41176787,Yaw_Right
0.222283781,0.520006478,0.272596747,0.516544521,0.30927968,0.485614687,0.331716478,0.46216467,0.341683686,0.437419325,0.307863265,0.371780992,0.350812137,0.381308973,0.383283794,0.382588327,0.411380529,0.38549459,0.290454537,0.361710489,0.339834213,0.365449339,0.375993788,0.370534658,0.406790286,0.37583214,0.269907862,0.371967763,0.316709846,0.3712219,0.348574698,0.374790251,0.376678824,0.374251992,0.249285176,0.401668429,0.283024788,0.394229144,0.306937367,0.386962444,0.329733074,0.377525389,Yaw_Right
0.211692959,0.516371667,0.276039422,0.515879035,0.319804728,0.467188984,0.348181367,0.429968774,0.374402314,0.403522819,0.315116286,0.359887481,0.360644639,0.379030913,0.393892616,0.382978886,0.421232462,0.386638403,0.298262686,0.35373354,0.357007533,0.36677587,0.394790322,0.373666883,0.427871943,0.37718448,0.280587137,0.370966017,0.339439988,0.374942958,0.376513541,0.379129112,0.408468753,0.378235728,0.263668895,0.407228649,0.305343837,0.401092708,0.333203882,0.391869932,0.358862013,0.382302195,Yaw_Right
0.219614431,0.519584,0.271277755,0.52344662,0.313385785,0.48947835,0.341141373,0.4627572,0.359065801,0.442926854,0.315365255,0.365989476,0.359630138,0.390575349,0.39057067,0.396507144,0.416551501,0.401639283,0.297590166,0.352403373,0.351086497,0.374485105,0.387932658,0.388796657,0.419545114,0.399633825,0.278037369,0.365131795,0.331545204,0.380083531,0.365671247,0.387412786,0.395965844,0.386044174,0.25940007,0.399226129,0.301119894,0.402155101,0.328260422,0.39658314,0.354323089,0.386920422,Yaw_Right
