x0,y0,x1,y1,x2,y2,x3,y3,x4,y4,x5,y5,x6,y6,x7,y7,x8,y8,x9,y9,x10,y10,x11,y11,x12,y12,x13,y13,x14,y14,x15,y15,x16,y16,x17,y17,x18,y18,x19,y19,x20,y20,Gesture
0.715521932,0.374871761,0.677981377,0.362290323,0.654309392,0.332988083,0.647211611,0.304120958,0.64792335,0.263382733,0.69962436,0.274620742,0.698411524,0.40286991,0.694292605,0.493088484,0.692081094,0.563509583,0.738397121,0.28939262,0.732223511,0.43058002,0.726182818,0.52191025,0.720615208,0.596768498,0.766996264,0.317373842,0.762157202,0.440929264,0.757482231,0.523162544,0.753036141,0.589367032,0.786190331,0.351954401,0.787001312,0.438874871,0.78210026,0.501629949,0.777029037,0.549942374,Pitch_Forward
0.821234286,0.182526574,0.766140163,0.200389177,0.713515162,0.247780889,0.669506311,0.254846573,0.628811061,0.220773369,0.740549445,0.253820181,0.726002097,0.401380956,0.719952047,0.492685407,0.71529454,0.562270403,0.786912262,0.261053979,0.76752609,0.430303931,0.758034587,0.531526268,0.749812722,0.603074074,0.828156054,0.274097383,0.810958564,0.426340044,0.802794874,0.522064865,0.796911716,0.589485049,0.862120569,0.291489363,0.846736789,0.409072995,0.838754296,0.478427529,0.833688796,0.533938825,Pitch_Forward
0.803651035,0.129437968,0.744316936,0.189038783,0.722125351,0.27248171,0.728330731,0.360528469,0.733672261,0.432877898,0.719003022,0.228179306,0.715492427,0.366208673,0.712217867,0.459669411,0.711783946,0.528212428,0.766913474,0.219958812,0.760322213,0.372853279,0.753991306,0.479281008,0.749272823,0.54854846,0.811203182,0.229656473,0.805009127,0.369130731,0.798278809,0.469679534,0.791714013,0.536842346,0.84900558,0.250174582,0.843542278,0.352197647,0.836072028,0.427168131,0.828994334,0.483441055,Pitch_Forward
0.793289423,0.132953316,0.736468792,0.18794176,0.711626291,0.280493289,0.703827262,0.370754093,0.683403075,0.447609425,0.71239531,0.236384079,0.712478697,0.377865434,0.711063504,0.47032389,0.711108446,0.539271414,0.759170413,0.228504539,0.755260944,0.381882012,0.750541508,0.487281859,0.746447086,0.558990598,0.803498447,0.236599699,0.800831974,0.373494238,0.793966889,0.472155958,0.786548197,0.542610884,0.842142045,0.252108753,0.838102281,0.354361117,0.831158638,0.427564919,0.825270832,0.486308455,Pitch_Forward
0.923408568,0.300307512,0.855639458,0.301735103,0.79415983,0.347928703,0.751150072,0.38690716,0.704960704,0.394223422,0.783317983,0.339572549,0.767945528,0.524099886,0.761455894,0.638550997,0.761416078,0.718969226,0.836073875,0.346915066,0.815250754,0.564633131,0.806088984,0.694717944,0.801337361,0.780927777,0.888277888,0.366520882,0.868423283,0.570421159,0.855272293,0.692858458,0.84799403,0.772683024,0.93562001,0.397621334,0.91735363,0.55514133,0.902049601,0.6553455,0.892099917,0.726174355,Pitch_Forward
0.878890812,0.278948635,0.819191277,0.322380304,0.762516499,0.385897458,0.732231796,0.444038808,0.702449381,0.49071607,0.769542575,0.391228497,0.780417264,0.582501054,0.790378988,0.692804635,0.797697783,0.771666765,0.827713788,0.378501892,0.834671199,0.606359482,0.840825021,0.733515978,0.844428957,0.820124269,0.881243408,0.383386999,0.886332393,0.593847334,0.890935481,0.720744252,0.893570662,0.807235539,0.927883148,0.402366459,0.928631008,0.570355356,0.927760243,0.666324139,0.924822211,0.73860544,Pitch_Forward
0.907011807,0.464694083,0.837011278,0.466605574,0.782426417,0.465883464,0.749901235,0.471956789,0.715249419,0.474210501,0.768248558,0.37122044,0.769996941,0.540088832,0.778479695,0.644070148,0.784778476,0.726746559,0.821964502,0.352436423,0.827862084,0.561185122,0.834234357,0.685000718,0.838881731,0.779989719,0.878684282,0.358389169,0.881977201,0.562348723,0.882839382,0.682125151,0.884278655,0.771016359,0.929756463,0.386608362,0.928364038,0.534184694,0.924558103,0.635003567,0.919157863,0.708999157,Pitch_Forward
0.889923096,0.495453417,0.815863848,0.503287375,0.768178344,0.510297954,0.73973906,0.523555279,0.712793946,0.535365403,0.760762691,0.41989255,0.76343739,0.584248424,0.765935481,0.685372353,0.768200457,0.76700604,0.816660464,0.409067929,0.816601813,0.59827894,0.815202236,0.71784544,0.814606249,0.813480258,0.872566164,0.418359101,0.874900758,0.608821094,0.87358582,0.726889253,0.873775899,0.817882061,0.922442257,0.449516296,0.923024654,0.59092617,0.920923412,0.684247494,0.91760999,0.757501602,Pitch_Forward
0.844495535,0.394686431,0.780988038,0.406780899,0.728726029,0.457161099,0.692059755,0.50869596,0.654444695,0.535615563,0.716109097,0.453469038,0.714617431,0.631174445,0.71472621,0.74929744,0.717623949,0.835653305,0.768122613,0.450388551,0.765098572,0.667583942,0.76476562,0.805100203,0.767739058,0.897381902,0.820516288,0.463746995,0.821057379,0.671231449,0.821357369,0.800879598,0.823665559,0.88657093,0.8703475,0.495930851,0.873015881,0.648440361,0.870064318,0.747805774,0.86796385,0.818659782,Pitch_Forward
0.82333678,0.417065561,0.772854507,0.428909451,0.727111816,0.404105783,0.698688805,0.368183434,0.663531065,0.324469417,0.739104211,0.325737983,0.733609974,0.439698964,0.738027453,0.522077918,0.739281058,0.587862253,0.781656325,0.31662333,0.784855545,0.460393369,0.787120938,0.55380547,0.786569297,0.622770548,0.825138569,0.330377638,0.831119418,0.465949953,0.829299927,0.561376333,0.825602949,0.631930947,0.862391591,0.360603005,0.869364798,0.458947122,0.867163241,0.535842299,0.861447096,0.589373231,Pitch_Forward
0.83532536,0.433025479,0.778545618,0.43905431,0.731983364,0.435945719,0.700083196,0.431353062,0.659404755,0.423236847,0.729280531,0.386173308,0.729420066,0.524338484,0.736410558,0.612199068,0.741815269,0.680776596,0.775295436,0.372027934,0.778477311,0.540201783,0.78525424,0.646116853,0.790283501,0.726133049,0.821571469,0.374148428,0.826243579,0.539572477,0.826470435,0.64299643,0.827421308,0.720795512,0.86060822,0.393994331,0.864452362,0.518893063,0.86315465,0.601145267,0.859446049,0.665005684,Pitch_Forward
0.840611935,0.302113652,0.783469141,0.334061354,0.727964878,0.388586044,0.69083488,0.424163371,0.657184124,0.437574446,0.733802557,0.40457502,0.738654137,0.562421858,0.745319366,0.658244252,0.751058996,0.727497101,0.782204032,0.404237628,0.782596588,0.586947918,0.787377715,0.69756633,0.791827977,0.775286317,0.827981949,0.410585463,0.826266348,0.583635449,0.828594923,0.689297438,0.831868768,0.761740565,0.868631959,0.422927022,0.865344048,0.56066221,0.864360809,0.642465711,0.863319993,0.704903781,Pitch_Forward
0.849269152,0.328528017,0.779333711,0.3614766,0.72203207,0.427212954,0.683541238,0.485150874,0.648942113,0.517538965,0.737187386,0.48246932,0.737906456,0.657012701,0.742482722,0.754863858,0.747524381,0.828772306,0.784622312,0.493472666,0.783706188,0.692800343,0.784972012,0.80406785,0.784991682,0.881014824,0.830626428,0.502709389,0.824985802,0.684291959,0.824129999,0.792803407,0.823242784,0.868844748,0.872639954,0.508096159,0.862571239,0.655148745,0.85893172,0.737653375,0.85545963,0.802573144,Pitch_Forward
0.852119744,0.368173867,0.792973936,0.405129462,0.763723016,0.48389414,0.76028353,0.581373334,0.769129515,0.653289437,0.743881047,0.41942358,0.749639034,0.564555645,0.755704582,0.659155726,0.767489076,0.729155302,0.792535305,0.407580733,0.799508452,0.587498069,0.805949688,0.697409213,0.812575638,0.770575821,0.841640592,0.415480018,0.845591605,0.585439205,0.845939934,0.68880856,0.84961623,0.754516959,0.885855496,0.440845549,0.886059999,0.563855469,0.884092748,0.642790735,0.885892272,0.697199464,Pitch_Forward
0.858153939,0.387733638,0.802806735,0.429316521,0.772181153,0.520812392,0.77084893,0.624919295,0.776969731,0.701432288,0.758648336,0.466592282,0.765058756,0.631397009,0.77290988,0.736519992,0.781885326,0.806713462,0.811480224,0.456923038,0.818679273,0.648355186,0.822727084,0.768090308,0.828975141,0.844152927,0.859741688,0.463655323,0.865296304,0.640219748,0.865591466,0.751803339,0.868768334,0.824670672,0.900270104,0.487280995,0.902067482,0.618196785,0.90238142,0.701141,0.90389812,0.760405123,Pitch_Forward
0.856853545,0.35561499,0.793281615,0.41781652,0.762010992,0.527545393,0.767466426,0.640038133,0.776076615,0.722437859,0.752563119,0.511249006,0.760008693,0.689185619,0.768118262,0.790739775,0.775252044,0.869467258,0.803080618,0.510300457,0.810584962,0.705350697,0.81539458,0.82357204,0.818592072,0.907064676,0.851260483,0.516715169,0.855925024,0.699379206,0.858780921,0.812074661,0.860121965,0.890391469,0.89219141,0.528201163,0.893600106,0.672697008,0.894271135,0.760489106,0.89371711,0.828091025,Pitch_Forward
0.840371668,0.53739959,0.788951814,0.529668868,0.750896215,0.523370028,0.729411244,0.522009194,0.71037811,0.514894903,0.751466095,0.458739698,0.74407196,0.593461037,0.744136155,0.678246498,0.743447065,0.745362878,0.794022739,0.45612368,0.78581059,0.621050358,0.78194654,0.718976021,0.777484119,0.792345822,0.836254358,0.470101476,0.824994445,0.629256427,0.814110756,0.722081959,0.806039929,0.792089164,0.87186414,0.497472882,0.862399638,0.609592736,0.852100849,0.684387922,0.842278481,0.740835428,Pitch_Forward
0.82663095,0.642240524,0.783851206,0.624718189,0.746785581,0.575455189,0.724486053,0.53368789,0.719605207,0.493984014,0.754436374,0.447190881,0.749675632,0.513967991,0.751447439,0.585407376,0.751227498,0.639935613,0.791131496,0.441130519,0.790595651,0.527142942,0.792125404,0.599504828,0.792001963,0.652380705,0.826286137,0.458177954,0.826904595,0.537489414,0.826197743,0.600547433,0.823907554,0.646964133,0.857152402,0.489874125,0.855832517,0.549249649,0.853394568,0.597974598,0.851579964,0.628836036,Pitch_Forward
0.824343145,0.59764272,0.786662638,0.588690817,0.75676316,0.562814772,0.738865316,0.538190961,0.730236173,0.51087153,0.752476215,0.455175579,0.747657657,0.535462618,0.758174241,0.612360418,0.766505539,0.674059868,0.789818764,0.44684884,0.791441739,0.553149164,0.794481397,0.637387037,0.796289265,0.701550841,0.827949941,0.46265462,0.829748511,0.560253263,0.829990625,0.637531877,0.828430653,0.697776973,0.862102032,0.493300945,0.866122007,0.559421301,0.864474535,0.619678736,0.860875368,0.665882051,Pitch_Forward
0.826469362,0.579722941,0.788696945,0.577696621,0.756111205,0.582354188,0.737159252,0.604036629,0.731121361,0.630808353,0.753790617,0.464009762,0.753411055,0.566220284,0.758349717,0.641437888,0.76040554,0.700496495,0.793512344,0.458130836,0.793728113,0.569443941,0.795218825,0.645799398,0.795017242,0.703481555,0.830687702,0.474543273,0.83332938,0.576439202,0.833510697,0.650985181,0.831873178,0.70935899,0.862966537,0.506116688,0.867309749,0.582206368,0.866381168,0.643170118,0.86260879,0.688334584,Pitch_Forward
0.825617492,0.581951916,0.791724563,0.59999752,0.761474252,0.620629489,0.742030978,0.651031315,0.735362947,0.676948249,0.755877554,0.472055167,0.755553186,0.566292286,0.760514438,0.64357388,0.76280272,0.702047706,0.79437995,0.460093468,0.798373282,0.566828012,0.798751831,0.648093998,0.796441019,0.710785389,0.830517709,0.472528577,0.837140083,0.57408011,0.838086963,0.653352916,0.836308241,0.714009166,0.861968517,0.501207292,0.868809283,0.574773192,0.869212925,0.636124134,0.865770757,0.681993783,Pitch_Forward
0.823672473,0.58558476,0.786551893,0.605079412,0.754581749,0.614781618,0.729658484,0.632734001,0.703981638,0.66428721,0.75360781,0.477222949,0.755631208,0.575022936,0.761502981,0.651048839,0.764649332,0.706112325,0.79151684,0.465293556,0.796949744,0.577358484,0.798695803,0.658337474,0.800232053,0.720031738,0.8270877,0.478083551,0.834927976,0.584094584,0.835971057,0.660161972,0.836774409,0.717841506,0.858785152,0.505466521,0.864662528,0.584050477,0.865789235,0.645079613,0.864810109,0.689770818,Pitch_Forward
0.824964166,0.584148049,0.786704898,0.597451448,0.75607276,0.626820266,0.737494767,0.673391283,0.723010302,0.719614804,0.750890017,0.522963107,0.760234118,0.639352202,0.770686388,0.720267057,0.776889503,0.78451997,0.792983055,0.506763041,0.80244267,0.646519899,0.80852592,0.736678958,0.811284363,0.80453825,0.833589435,0.51409471,0.8419438,0.644648671,0.846478343,0.730373383,0.848073423,0.795887709,0.867899299,0.537747979,0.874598086,0.635779619,0.875721931,0.702473223,0.873158634,0.753603339,Pitch_Forward
0.824873447,0.582356811,0.783098996,0.605080962,0.755804539,0.646674454,0.75294584,0.707941711,0.756258309,0.766080976,0.752316892,0.546877682,0.759928286,0.67470634,0.771304786,0.758351147,0.778154552,0.825069427,0.795386195,0.529814243,0.802759528,0.687424779,0.811827838,0.786812901,0.817242444,0.861393273,0.837113261,0.535303712,0.841599762,0.684406102,0.846366763,0.776554585,0.849089384,0.84561044,0.871475995,0.55795598,0.87619257,0.673294544,0.875506282,0.745583594,0.872635782,0.79904747,Pitch_Forward
0.811641514,0.547574997,0.770045996,0.571562648,0.741469741,0.613250554,0.727696359,0.671129942,0.719662011,0.720605254,0.741275012,0.518228769,0.746640801,0.651403189,0.754663706,0.731746733,0.759836435,0.792712271,0.783304393,0.505123317,0.788516402,0.663574934,0.792465389,0.75848186,0.795076668,0.828731179,0.824285805,0.511404157,0.828634858,0.660857797,0.828920722,0.749027729,0.829531848,0.814726889,0.858276665,0.534566402,0.858871579,0.643204272,0.85452038,0.712055147,0.850014687,0.764703751,Pitch_Forward
0.794415832,0.848241985,0.753302217,0.826248109,0.720225394,0.774177492,0.710376382,0.715779603,0.717320621,0.657359302,0.761047125,0.71570003,0.761066616,0.6766752,0.767317951,0.661281943,0.776365697,0.641516924,0.79374063,0.720221937,0.803392708,0.676923931,0.811427712,0.65726912,0.82013762,0.631842852,0.822018564,0.739333272,0.834633887,0.691873312,0.84506166,0.668320775,0.853295088,0.639974594,0.846314609,0.768742502,0.860446811,0.728448272,0.868611097,0.706803322,0.873138189,0.679810524,Pitch_Backward
0.818279803,0.800536394,0.768173695,0.78507185,0.730039239,0.721443117,0.72234112,0.654790401,0.728939056,0.586504936,0.776121497,0.659688413,0.781231999,0.613031745,0.796217978,0.587953508,0.817247927,0.556169868,0.818045378,0.671402812,0.835628688,0.616918445,0.85115999,0.587877393,0.868255317,0.548055887,0.853219867,0.697851896,0.875150919,0.641049027,0.894593239,0.610630989,0.910985053,0.573989809,0.882283211,0.733146429,0.905476749,0.684820354,0.920849442,0.658358693,0.932875812,0.625139713,Pitch_Backward
0.797202706,0.787874758,0.746684194,0.784540176,0.704033494,0.727313697,0.686532795,0.662917912,0.677186668,0.602267981,0.725467145,0.646314859,0.713352919,0.588805795,0.715264559,0.563070059,0.718730509,0.533946216,0.761447608,0.638119519,0.754677594,0.576524794,0.754016995,0.543658912,0.753595889,0.508434117,0.79821974,0.65221417,0.795889556,0.588994741,0.797547281,0.553061962,0.796889842,0.51451844,0.833937705,0.679469883,0.83575213,0.624224603,0.8367697,0.591794312,0.834436476,0.557523847,Pitch_Backward
0.795378149,0.789600074,0.745630383,0.776799977,0.703857899,0.716455996,0.685175359,0.650053799,0.67646271,0.584190488,0.724885583,0.626853347,0.71559608,0.55647254,0.716785789,0.517071009,0.720279038,0.474949241,0.762250543,0.616275251,0.756590426,0.540391684,0.75674808,0.49686715,0.756492198,0.451336741,0.799161136,0.630880892,0.798174441,0.553792834,0.800924003,0.508541286,0.800559103,0.459902048,0.834501266,0.661248922,0.836887419,0.600845098,0.838376045,0.561779857,0.836959779,0.519983947,Pitch_Backward
0.798584282,0.78859663,0.746732414,0.771589577,0.704713941,0.705688477,0.688621163,0.632346034,0.687784135,0.560519874,0.72966367,0.61425221,0.725893497,0.533000708,0.729013979,0.484490931,0.734002054,0.434907705,0.76822412,0.60536921,0.767523885,0.519954801,0.769805908,0.465701103,0.770799339,0.409552574,0.805286229,0.62079978,0.807809651,0.538381517,0.813025773,0.485798895,0.814237773,0.430121362,0.839443028,0.651052237,0.844122648,0.584829748,0.847208798,0.539112687,0.847642004,0.491052657,Pitch_Backward
0.800878584,0.794760466,0.7558406,0.775648594,0.717465639,0.716387749,0.717312634,0.646147668,0.745348096,0.603186429,0.735150397,0.59703356,0.731423974,0.505717576,0.735921502,0.449712396,0.743120909,0.394186437,0.77275604,0.5870381,0.770939648,0.488952011,0.776303709,0.428448051,0.780435562,0.364774048,0.808004022,0.602479219,0.811236918,0.507448912,0.818200529,0.449019432,0.82161516,0.389740646,0.841558933,0.634287894,0.848021567,0.559165657,0.853258133,0.511258841,0.855147123,0.460687399,Pitch_Backward
0.803715944,0.803909242,0.75826329,0.776570499,0.720733225,0.706398368,0.723839998,0.632937253,0.755428493,0.596384823,0.743251443,0.578983903,0.74168098,0.483131945,0.74732244,0.426583171,0.755858839,0.370000958,0.781088233,0.572270095,0.7815184,0.468522489,0.787595928,0.406162858,0.792904139,0.340218067,0.815696597,0.591058135,0.820820749,0.492250264,0.828106463,0.431163579,0.832447052,0.369204223,0.8480317,0.626450479,0.854541957,0.548054099,0.860123992,0.497053385,0.863300681,0.443977952,Pitch_Backward
0.804279387,0.799725354,0.761401713,0.789839387,0.724119782,0.74615562,0.716271818,0.698415875,0.737499952,0.663713932,0.752271771,0.639285088,0.742572606,0.587446868,0.747575402,0.565720379,0.757432461,0.540756583,0.789203882,0.640739918,0.790202558,0.580263793,0.7975685,0.550182641,0.807495534,0.51441592,0.823773086,0.663387001,0.829851091,0.602458298,0.841249943,0.569729984,0.85075742,0.535607755,0.8551085,0.699860394,0.868598342,0.648373306,0.877099395,0.614942968,0.882391393,0.578167498,Pitch_Backward
0.806352377,0.817639351,0.763977885,0.8020401,0.727267206,0.754583716,0.721766591,0.705441236,0.749429405,0.67912215,0.760499358,0.651422918,0.755382895,0.596453428,0.758549511,0.583488703,0.76487869,0.569146633,0.797517657,0.657102168,0.801282048,0.59494257,0.807964921,0.57198298,0.81692028,0.546746194,0.831072509,0.685355365,0.840404093,0.621934175,0.852785289,0.593352318,0.862889111,0.564025342,0.860749602,0.727471769,0.876772523,0.675757587,0.887225628,0.644437969,0.893989265,0.609713912,Pitch_Backward
0.805361867,0.812320054,0.759998024,0.803351045,0.716975987,0.760564744,0.705588698,0.710950255,0.733486652,0.676366925,0.732445717,0.64846921,0.712946951,0.589179277,0.715273559,0.581718326,0.719814599,0.573561907,0.768399,0.641162813,0.752696276,0.576898515,0.753321886,0.56030333,0.754873276,0.542865574,0.805145264,0.661457658,0.797991514,0.594494402,0.799434602,0.568025172,0.796436608,0.537834227,0.84071821,0.696302712,0.844052374,0.645085394,0.84481293,0.614023805,0.838696122,0.580334485,Pitch_Backward
0.805221736,0.791453004,0.760449827,0.782841325,0.720457733,0.738045752,0.707239807,0.680548191,0.727091491,0.632734299,0.733781457,0.635752022,0.715153039,0.567622483,0.711152196,0.525461257,0.709759891,0.481670022,0.767865777,0.623108268,0.754623294,0.549282312,0.75017637,0.504105508,0.746193171,0.458545625,0.803557932,0.637219369,0.797289073,0.559795797,0.79700309,0.514160395,0.794471622,0.467629999,0.839008451,0.667980194,0.837693155,0.606248558,0.836165369,0.566522658,0.831670344,0.526304424,Pitch_Backward
0.807601154,0.795812786,0.759658277,0.777957916,0.71724844,0.729026496,0.700047076,0.667687535,0.715015292,0.606636882,0.725162089,0.629830182,0.700300276,0.553969264,0.687340975,0.507506728,0.676543295,0.459584415,0.755475998,0.615112007,0.73364073,0.535198808,0.720334232,0.484412998,0.70672214,0.43205744,0.789969027,0.622877657,0.77336514,0.542780757,0.764736772,0.491536021,0.75309366,0.439954668,0.826034725,0.645696819,0.816771626,0.580651045,0.809919119,0.536544561,0.799787939,0.491763055,Pitch_Backward
0.803884387,0.790632546,0.756958365,0.768951237,0.714389741,0.71661675,0.697276831,0.653106332,0.713611841,0.590826273,0.723632336,0.611092746,0.69964391,0.527170599,0.688534081,0.476880252,0.68021071,0.425773501,0.75448215,0.597654641,0.733772993,0.510301232,0.722453356,0.455600828,0.711614132,0.399855077,0.788737774,0.607261479,0.773343086,0.521287858,0.766907156,0.467330992,0.758194447,0.413772821,0.824101746,0.631947815,0.815290332,0.562930405,0.809850574,0.516868055,0.801617324,0.470400512,Pitch_Backward
0.809115469,0.784136415,0.759428203,0.755586743,0.723596811,0.686473906,0.713328004,0.616260767,0.716929913,0.550267935,0.75562346,0.600699008,0.754347444,0.531472385,0.760349154,0.494639516,0.769283414,0.454300106,0.793226063,0.598225176,0.796555698,0.523347676,0.802914441,0.480856925,0.809224308,0.435412407,0.828399539,0.617072761,0.834448934,0.542524457,0.842558086,0.499148786,0.848220944,0.454294324,0.860566974,0.64940089,0.867667079,0.587991297,0.872462451,0.547911704,0.875368536,0.5062626,Pitch_Backward
0.811281741,0.779294014,0.759435892,0.74531579,0.724516094,0.66782093,0.714285016,0.590133846,0.715221286,0.519869387,0.754906297,0.579064071,0.750757694,0.496423364,0.752835453,0.446646988,0.757200897,0.395424843,0.791030765,0.571952462,0.789157093,0.483446062,0.790918529,0.426918685,0.791858912,0.368278503,0.825354278,0.586997509,0.826493263,0.498678654,0.830245972,0.442020267,0.831263781,0.385076702,0.85771668,0.61719203,0.859939754,0.545419693,0.86146915,0.497388601,0.861029983,0.448269069,Pitch_Backward
0.815059006,0.778469682,0.761205554,0.732795,0.725843906,0.646743655,0.715883076,0.562642872,0.721600413,0.491369277,0.758553207,0.548749745,0.754360616,0.456041157,0.756178141,0.401513338,0.760399461,0.345620424,0.793331206,0.54127419,0.791475296,0.440757096,0.793319046,0.376582861,0.794971585,0.311177433,0.82629776,0.555727363,0.827621162,0.458766669,0.83067131,0.395978451,0.832016349,0.333411098,0.858285606,0.585259378,0.859629154,0.506983578,0.861497939,0.453980148,0.862031221,0.39952448,Pitch_Backward
0.817887008,0.777734876,0.763458133,0.729696751,0.728267789,0.637501538,0.717964828,0.548098266,0.725992918,0.472885877,0.759870052,0.532276809,0.75736773,0.432091534,0.759761393,0.371190846,0.764823079,0.310676008,0.794804871,0.522634625,0.794131696,0.413639277,0.796439588,0.342676401,0.798231483,0.271980584,0.827376306,0.535707116,0.829352498,0.432567179,0.832528949,0.364449561,0.833659828,0.29740867,0.858981967,0.564640224,0.860811472,0.481464446,0.863231719,0.424363315,0.863963544,0.366439819,Pitch_Backward
0.820590258,0.782809496,0.772233725,0.757223368,0.734285593,0.690198839,0.724706292,0.619724512,0.733924568,0.556851268,0.77181077,0.606000364,0.77214098,0.54269743,0.779812634,0.510336816,0.790871918,0.473599195,0.810984492,0.605199933,0.818144798,0.5343557,0.825640559,0.496603131,0.83417511,0.453558505,0.846774101,0.624064684,0.856186509,0.553677201,0.866049111,0.51348722,0.874641061,0.472336292,0.878484905,0.656345546,0.889861643,0.59702003,0.896488547,0.558689535,0.901662529,0.518015087,Pitch_Backward
0.825784683,0.765237212,0.779271543,0.749875486,0.740800381,0.684871554,0.724945068,0.62390852,0.712154746,0.567494392,0.758063316,0.602976918,0.7427966,0.549114585,0.737327158,0.520892978,0.73350364,0.491901249,0.789965093,0.592592061,0.775603056,0.532718658,0.768209934,0.5013327,0.761390567,0.470955163,0.823848844,0.606105804,0.815648377,0.544487476,0.809004426,0.510948181,0.800697386,0.476874053,0.858521044,0.635730803,0.854642451,0.585806191,0.849412441,0.553574264,0.842109442,0.520591736,Pitch_Backward
0.823618591,0.764755785,0.774579823,0.742868185,0.738377035,0.674171031,0.726185679,0.605216444,0.719729006,0.540740848,0.763065338,0.592952907,0.755842805,0.522520363,0.756193876,0.483071983,0.758217931,0.440609217,0.799115896,0.585042119,0.794132054,0.51014775,0.793385744,0.464649141,0.792059541,0.415789127,0.834431887,0.599689245,0.832661331,0.523654461,0.834072649,0.478565097,0.832808495,0.430569291,0.868594408,0.62877053,0.868295848,0.567173839,0.867743254,0.526622891,0.865512967,0.483906329,Pitch_Backward
0.827748835,0.783325434,0.775283039,0.747172475,0.740260899,0.669293284,0.729856253,0.593387127,0.72734797,0.52449441,0.769933045,0.582565546,0.762480497,0.501367509,0.762866676,0.454513162,0.765533507,0.405379564,0.805301487,0.575041175,0.799585819,0.487549722,0.798558891,0.43356511,0.797341585,0.376555979,0.839484513,0.589409292,0.8368963,0.502922118,0.83788687,0.449127376,0.837039232,0.394438803,0.872367978,0.618892372,0.871678531,0.548852503,0.871328771,0.50316155,0.869342327,0.456194341,Pitch_Backward
0.789130092,0.895273864,0.745799005,0.872981429,0.712200046,0.813095808,0.701830983,0.746513128,0.703821242,0.684769809,0.740572751,0.734486997,0.741041064,0.669022202,0.745665014,0.634133339,0.752882361,0.59788096,0.775177896,0.733365059,0.779070377,0.664512277,0.783997893,0.625995159,0.789064705,0.585652769,0.806962073,0.751679003,0.814961076,0.684623122,0.821724057,0.645877063,0.826629817,0.604584217,0.836525261,0.782395542,0.845584989,0.728372693,0.850305736,0.693289638,0.852857649,0.655659735,Pitch_Backward
0.799520373,0.892624378,0.753800035,0.869082689,0.720216632,0.806285262,0.71039325,0.738731503,0.715293825,0.673561692,0.749838948,0.723682165,0.753162503,0.6432603,0.760079205,0.593667507,0.769204378,0.544543266,0.786626875,0.721821904,0.793319881,0.636230111,0.800961733,0.578790069,0.807197213,0.519889891,0.819687307,0.741050482,0.829428911,0.658830166,0.838150084,0.603469729,0.843122661,0.545717955,0.848503292,0.772660017,0.859698951,0.707191527,0.866141617,0.6605196,0.870281756,0.611384988,Pitch_Backward
0.795977771,0.888641596,0.752005875,0.865761578,0.719887018,0.802802503,0.710868895,0.737040877,0.715613186,0.67069608,0.751293659,0.723434031,0.757507682,0.644302368,0.766797304,0.59425962,0.778856039,0.544852078,0.788126588,0.724492311,0.79832077,0.640698016,0.809049249,0.583458543,0.818811953,0.524100721,0.820357382,0.746242642,0.833968639,0.666687608,0.845847011,0.612293005,0.853823304,0.554769754,0.848201156,0.780053437,0.863784015,0.718240142,0.873027563,0.672068,0.879697978,0.622789443,Pitch_Backward
0.79496944,0.830072284,0.755751848,0.813890815,0.724122941,0.765798092,0.724484265,0.711730182,0.751441419,0.681123853,0.745792747,0.667690516,0.747143328,0.595623195,0.75535059,0.550470471,0.766213119,0.50602746,0.781087399,0.668137789,0.786676586,0.592465758,0.795573652,0.544524491,0.803769946,0.495183676,0.813529551,0.692031801,0.821479917,0.618433237,0.83200115,0.57213968,0.839369178,0.523364365,0.842550218,0.727977753,0.852844834,0.671675861,0.860648274,0.631087959,0.86620611,0.586516917,Pitch_Backward
0.808297634,0.640842378,0.781375229,0.688317955,0.743397474,0.689319551,0.710844696,0.666249692,0.675678134,0.650005043,0.741091549,0.606810212,0.72653228,0.583741546,0.725229323,0.558780432,0.726141274,0.525690496,0.761674404,0.558501005,0.755514145,0.516995788,0.754428983,0.494274408,0.751979709,0.468828678,0.784817338,0.526774883,0.781781614,0.479744017,0.780961514,0.455071062,0.77816993,0.43432188,0.809419394,0.509660959,0.808736682,0.460607857,0.806669116,0.437293291,0.800824761,0.420421779,Roll_Left
0.827234447,0.651010871,0.787527919,0.680863261,0.745291829,0.672539294,0.719143152,0.647177339,0.702777743,0.602905691,0.749472439,0.600637138,0.730457008,0.570673823,0.728742599,0.556842744,0.730312407,0.542250216,0.780183792,0.56984055,0.767361283,0.524904728,0.764982104,0.504706562,0.765086353,0.491590321,0.813511848,0.553722739,0.805237293,0.506315291,0.805239558,0.479590535,0.803476751,0.46283105,0.846570015,0.5528332,0.846041739,0.502827525,0.845919609,0.478112221,0.842187464,0.463102877,Roll_Left
0.82647115,0.600751162,0.796447814,0.645760119,0.759663403,0.664985418,0.732233703,0.661180258,0.710229576,0.634425104,0.747024179,0.590017974,0.716413856,0.571892262,0.713158965,0.570541322,0.720575392,0.573017657,0.766096294,0.551037371,0.741134167,0.523405612,0.736276984,0.519132257,0.738831878,0.521875262,0.791279793,0.521671951,0.772238314,0.489888549,0.767018199,0.476946771,0.765708566,0.479226947,0.821178973,0.502746105,0.811273515,0.462541252,0.803820729,0.448645622,0.796831191,0.451867551,Roll_Left
0.809180796,0.593689024,0.785101831,0.634946704,0.749987543,0.657131314,0.726411462,0.64727813,0.72068274,0.607634187,0.721279323,0.577287734,0.688479543,0.55402559,0.688362479,0.55925703,0.699584484,0.566783071,0.739135921,0.536055386,0.710386693,0.499596357,0.710825861,0.504354239,0.719146132,0.511858225,0.765056193,0.505765498,0.742524743,0.467818975,0.741800606,0.466606379,0.746000409,0.476676971,0.795693278,0.486095697,0.782814205,0.446412057,0.776846528,0.438394487,0.773321629,0.444004357,Roll_Left
0.802731752,0.554825842,0.781138122,0.600947499,0.745707631,0.634852529,0.719602466,0.632598042,0.718076766,0.590405285,0.70377171,0.572243571,0.661950648,0.568131566,0.675442457,0.580111146,0.692628264,0.583072424,0.71528399,0.526368916,0.672195613,0.510435641,0.69155699,0.527486563,0.708231986,0.531269133,0.736193001,0.487821639,0.699368477,0.464853168,0.711005628,0.478612244,0.719132841,0.486672014,0.763205886,0.455336452,0.7427845,0.42778644,0.741182923,0.431722224,0.739369571,0.437801778,Roll_Left
0.776117325,0.540119588,0.747719944,0.599087417,0.707731247,0.630905986,0.675507605,0.636079013,0.644371927,0.634589851,0.678413272,0.585452199,0.640575111,0.600777268,0.636955798,0.608110726,0.642880201,0.604180932,0.689151824,0.539073408,0.653836548,0.540341616,0.650379896,0.54589057,0.651933014,0.546488047,0.710165918,0.49464193,0.681755662,0.487674832,0.671534777,0.492185622,0.664241791,0.498954803,0.73845911,0.455158293,0.717586637,0.44222033,0.702748597,0.445772648,0.689064026,0.454726666,Roll_Left
0.764894187,0.557736993,0.730645716,0.574914992,0.687125802,0.553818464,0.661755443,0.529216707,0.660981834,0.492153943,0.688828766,0.440208167,0.690663517,0.483035326,0.69932735,0.511203647,0.703160048,0.514229953,0.718592942,0.413392127,0.725389183,0.465199262,0.729450822,0.495311499,0.729880571,0.493671387,0.751721382,0.409187943,0.758223474,0.458227217,0.760250807,0.484184444,0.758220494,0.478978306,0.783541262,0.41816467,0.791007757,0.451153487,0.790626407,0.472928345,0.786909997,0.470347166,Roll_Left
0.781574667,0.570099652,0.752118707,0.610278606,0.713428497,0.622463286,0.684322894,0.60635215,0.670077562,0.566408813,0.70092994,0.540229023,0.683076859,0.515001774,0.691549838,0.510879934,0.705075264,0.51380384,0.722842157,0.50003612,0.709736288,0.466528505,0.71553266,0.464040518,0.725724339,0.472797483,0.748916745,0.472936571,0.741254985,0.438982755,0.744749069,0.43045184,0.748973548,0.438026547,0.776721776,0.456894428,0.772739351,0.414622247,0.772201061,0.406292319,0.771074951,0.415298462,Roll_Left
0.782627225,0.555530906,0.756191373,0.606431425,0.719910324,0.631532788,0.689754069,0.631644428,0.664392412,0.61378628,0.696392596,0.570746064,0.667287052,0.561283112,0.66330725,0.563001812,0.668174922,0.564404428,0.708698571,0.524518251,0.68323493,0.50580436,0.679780364,0.504450917,0.683048189,0.506101727,0.728865921,0.483931571,0.709069133,0.462152451,0.705274463,0.455388963,0.704820454,0.458529383,0.75513798,0.450326324,0.74066031,0.420980603,0.732125282,0.415403664,0.725430429,0.420448601,Roll_Left
0.775097013,0.564712644,0.750903428,0.611994267,0.720140696,0.647877932,0.695787907,0.655258775,0.687729895,0.621205747,0.677121043,0.571035564,0.647544086,0.550328612,0.650187373,0.556564152,0.662891686,0.565920293,0.691204906,0.523029983,0.663254619,0.499791235,0.662804484,0.5015679,0.670956373,0.507082105,0.713516533,0.484793901,0.690961778,0.461254239,0.687794745,0.456469893,0.689425111,0.4611606,0.741946697,0.45353505,0.725830674,0.426669568,0.717976451,0.422090709,0.711333454,0.427465975,Roll_Left
0.774068236,0.563683033,0.742352962,0.616387665,0.695328355,0.635522902,0.655893624,0.644073665,0.625302553,0.670516193,0.682546794,0.571575463,0.653964877,0.565587163,0.652030587,0.566347361,0.654604018,0.565200686,0.694368541,0.528602123,0.668680787,0.516860545,0.664578617,0.514858603,0.665219247,0.51111871,0.714523137,0.491378218,0.691444874,0.47164607,0.684962869,0.466321468,0.679502845,0.463034362,0.740615308,0.460589975,0.724251986,0.43445912,0.715929091,0.428983152,0.70687294,0.428392798,Roll_Left
0.750987172,0.525692403,0.734263361,0.590610445,0.695571899,0.638157248,0.661459148,0.671680808,0.633740783,0.717202187,0.669352651,0.583808482,0.646355212,0.588096499,0.649926126,0.591944456,0.658847392,0.595728755,0.676627398,0.531214833,0.649809837,0.523681045,0.653135836,0.528455436,0.659942746,0.534730911,0.688740253,0.482002884,0.670737684,0.471523911,0.668397844,0.472004354,0.669087589,0.479927182,0.70748359,0.438020617,0.691756964,0.422526777,0.685854912,0.421873331,0.68148458,0.429789901,Roll_Left
0.756961703,0.559300601,0.728201687,0.61321193,0.682166338,0.63733995,0.643960118,0.651751101,0.614731669,0.683714867,0.661367774,0.574205577,0.637036264,0.560530722,0.643149018,0.562764883,0.652154386,0.564363062,0.677205145,0.528094649,0.650234163,0.497961521,0.658428431,0.507626057,0.670748115,0.518318892,0.701758027,0.491254985,0.678938508,0.461887032,0.683409512,0.467989326,0.690064311,0.479309946,0.731120586,0.464476734,0.71529299,0.437387794,0.713996172,0.437902182,0.714072943,0.446280479,Roll_Left
0.75033325,0.572951615,0.71673286,0.618262529,0.668529332,0.63403362,0.62964952,0.641765237,0.59669888,0.659832835,0.662040889,0.569020152,0.636568904,0.555796206,0.635632157,0.552707434,0.639049053,0.549755692,0.681510866,0.529127836,0.655944467,0.495803475,0.655999064,0.499112934,0.663395047,0.509440422,0.709346294,0.502027214,0.689439833,0.47195226,0.687597036,0.470970899,0.687916517,0.479508668,0.740936399,0.488258839,0.730498672,0.46083039,0.725685835,0.455213487,0.72063905,0.460922748,Roll_Left
0.757563233,0.56031394,0.726321399,0.605844855,0.678930104,0.622619987,0.640428841,0.629167497,0.608910263,0.648957074,0.666122615,0.554846466,0.642671824,0.538514912,0.646499693,0.5389449,0.657107472,0.541380227,0.685930669,0.513604224,0.662249148,0.480723858,0.669258177,0.488631606,0.682877719,0.503372967,0.713790417,0.484206259,0.693362713,0.454845458,0.697780013,0.460199803,0.705251157,0.475862324,0.745644152,0.467178762,0.734093249,0.441328168,0.733004212,0.442275017,0.733118773,0.453268021,Roll_Left
0.813313961,0.59029007,0.779449284,0.629642427,0.735475719,0.628939271,0.702090085,0.611824214,0.670531571,0.599729717,0.731411278,0.561383307,0.70228827,0.536959589,0.696873069,0.535952628,0.699458897,0.542312741,0.751068115,0.524446011,0.725665927,0.491829753,0.719685733,0.484098941,0.72090745,0.485860229,0.77862978,0.500208616,0.759319186,0.458489418,0.75373131,0.442857504,0.749731004,0.438491613,0.810675681,0.487101316,0.799102664,0.444016218,0.79253912,0.428828448,0.784956813,0.425707042,Roll_Left
0.802023292,0.56069386,0.774349332,0.606535733,0.735721231,0.624073088,0.70337671,0.617952406,0.671350241,0.612645388,0.712594867,0.5529477,0.686313391,0.537839592,0.681447864,0.537524939,0.68271935,0.540254474,0.724931657,0.506302238,0.700443804,0.47716108,0.692757845,0.46633032,0.690942824,0.461481839,0.745798945,0.470717013,0.723536551,0.434407294,0.71394074,0.414430588,0.707178473,0.402591288,0.771880567,0.444716752,0.755673349,0.409471005,0.745557547,0.39184761,0.736264229,0.381437898,Roll_Left
0.730594337,0.62046504,0.705684841,0.660062373,0.676162958,0.67509985,0.658050418,0.672914982,0.643495023,0.663713932,0.639410794,0.581907213,0.639087915,0.623465121,0.652819693,0.637230456,0.65903455,0.634248435,0.655882597,0.547130704,0.660305023,0.577758908,0.668784022,0.588113368,0.668249726,0.582807302,0.682941258,0.528250396,0.685964644,0.551452339,0.691284299,0.563204348,0.686516345,0.562545896,0.713522315,0.525262952,0.718126237,0.533501327,0.719181538,0.542965829,0.712738991,0.542569697,Roll_Left
0.743533969,0.6124174,0.718247652,0.654919565,0.686068952,0.67545712,0.661003053,0.67691195,0.642044067,0.65837121,0.662746787,0.609963059,0.638853371,0.612983763,0.643355429,0.620436609,0.655231416,0.624294579,0.678645432,0.575100064,0.659021497,0.565821767,0.660984159,0.570536494,0.667936265,0.573386252,0.702781558,0.548886955,0.687115192,0.536171615,0.683539093,0.535317004,0.681219757,0.539181948,0.731377423,0.533490062,0.723437667,0.512533009,0.716878176,0.508662701,0.70931834,0.513434052,Roll_Left
0.823082745,0.624814093,0.789518118,0.650304615,0.748970747,0.650706947,0.719861865,0.638575494,0.701338172,0.61394465,0.744648397,0.57321012,0.725482821,0.567799032,0.717570484,0.574370563,0.711926341,0.579500258,0.761124909,0.546724796,0.744841933,0.543166995,0.735425293,0.549257994,0.72767657,0.556261241,0.784468591,0.531462312,0.768957436,0.525559604,0.756455839,0.529490054,0.745214283,0.536369443,0.812485754,0.524830222,0.797195494,0.513722062,0.785966337,0.514504194,0.775556684,0.521240532,Roll_Left
0.816144645,0.584601641,0.788593233,0.633967757,0.74873209,0.657905579,0.717289746,0.654158413,0.693583846,0.635999858,0.726666689,0.596184731,0.698471129,0.589521945,0.694730163,0.591191292,0.699937284,0.593814373,0.738095582,0.556312561,0.71026051,0.54429245,0.705275416,0.545722961,0.709708154,0.551109731,0.759776652,0.522166669,0.737157285,0.505319655,0.729272783,0.504604518,0.724477172,0.512592077,0.788212061,0.49539721,0.774492502,0.471863776,0.765832722,0.470644802,0.757852852,0.480229914,Roll_Left
0.796061993,0.568507195,0.771301866,0.619899988,0.742554784,0.655323684,0.722869813,0.670709908,0.715604007,0.640053391,0.699164689,0.597407222,0.66875577,0.610694468,0.66786623,0.616430461,0.677091718,0.614634037,0.711922824,0.553577125,0.680997372,0.549507201,0.676272035,0.559587359,0.678126216,0.569271386,0.733692765,0.514359474,0.707656682,0.504027963,0.695872247,0.510001183,0.691156089,0.522839487,0.761925995,0.483496279,0.745142639,0.468056232,0.732381225,0.47339493,0.722240329,0.488718927,Roll_Left
0.787838697,0.585084379,0.758197486,0.622927904,0.720490336,0.636170268,0.690993547,0.629198909,0.669606984,0.609538198,0.703907311,0.570365548,0.675400019,0.557526231,0.675452471,0.565136075,0.684124887,0.573107898,0.71936202,0.534450233,0.693792462,0.513091862,0.693519413,0.519509315,0.701098621,0.5275051,0.743292093,0.507157028,0.722273171,0.481020927,0.719325185,0.481387079,0.71914643,0.489088625,0.772868872,0.487545997,0.761692464,0.45508641,0.754059076,0.450033545,0.746582747,0.457122296,Roll_Left
0.791794598,0.577818692,0.765951693,0.625447452,0.728780508,0.649044871,0.698239863,0.647821724,0.674939811,0.62888217,0.705476105,0.588094175,0.674615562,0.57722193,0.672041476,0.580062389,0.678885221,0.582397819,0.715826154,0.546857476,0.686212301,0.532622337,0.684223294,0.532371402,0.690994203,0.532614231,0.735019743,0.510493934,0.709241807,0.491024882,0.704634905,0.487731546,0.705553651,0.491557807,0.760310948,0.479220659,0.741106927,0.45181632,0.732287943,0.44903031,0.72716707,0.456155032,Roll_Left
0.781029224,0.539551795,0.761941791,0.588978887,0.728000283,0.620845377,0.700159609,0.631401241,0.677506149,0.618978262,0.694602609,0.578282237,0.666437507,0.583738387,0.666567266,0.584467471,0.675724804,0.581990361,0.698801279,0.533092618,0.667382479,0.533754587,0.667535722,0.532749653,0.676380396,0.529916823,0.713922977,0.490351647,0.686121047,0.4836137,0.680546343,0.482114762,0.679226756,0.48451972,0.736609936,0.4518736,0.717746615,0.435683787,0.708401203,0.433952659,0.701257646,0.439153433,Roll_Left
0.760546386,0.672287405,0.721678555,0.608213663,0.697653115,0.553776801,0.688690782,0.522251427,0.688944936,0.511336982,0.717303872,0.524571657,0.696773767,0.496997684,0.694977224,0.473910719,0.69925487,0.470717132,0.744209051,0.566386878,0.734337151,0.547625124,0.727591515,0.53415513,0.723841727,0.534960389,0.764420271,0.617751479,0.757611871,0.61082083,0.749900639,0.593112707,0.746995449,0.588290751,0.775951147,0.674085617,0.769750834,0.672073722,0.767294407,0.660854518,0.768642664,0.652358413,Roll_Right
0.714282215,0.682988524,0.673293293,0.650221527,0.658189356,0.565624297,0.653141141,0.497185826,0.639220774,0.431248844,0.696112275,0.5690341,0.699036241,0.532351673,0.697972178,0.526637197,0.693531454,0.532527387,0.726045251,0.603720069,0.740120173,0.552488804,0.738453865,0.557682693,0.731536269,0.577612579,0.748558521,0.647418797,0.763404608,0.61354208,0.761976779,0.61623776,0.750827193,0.62424922,0.761943996,0.70091027,0.781133175,0.687085271,0.781927645,0.685765147,0.771436334,0.684015036,Roll_Right
0.716223896,0.709611416,0.67783922,0.662639558,0.658567607,0.595501542,0.654270709,0.543824077,0.66376549,0.495225281,0.694017828,0.570345342,0.686305285,0.519432068,0.684475422,0.505470693,0.680671275,0.512357354,0.722821414,0.596246243,0.729462028,0.553215325,0.72844094,0.544394076,0.721035659,0.554529905,0.746174157,0.64101547,0.761090577,0.614257872,0.763305902,0.607683301,0.754381537,0.61048609,0.761211038,0.699760318,0.778851151,0.688100219,0.781988502,0.679694116,0.774862707,0.675799668,Roll_Right
0.713763833,0.702711821,0.680160642,0.650566578,0.670306623,0.572709441,0.671705365,0.519118249,0.69154048,0.475710392,0.705635309,0.571485817,0.710807383,0.51778549,0.710099995,0.506594479,0.704519629,0.518096089,0.730918288,0.612679958,0.747559071,0.562290967,0.744120896,0.547792852,0.732639909,0.555606484,0.748869419,0.664929271,0.768415093,0.636136651,0.768067539,0.626456857,0.754558444,0.631014049,0.755959332,0.727606297,0.779429734,0.718551874,0.782758415,0.711161256,0.772025287,0.708435476,Roll_Right
0.719954491,0.711693823,0.69422102,0.642708778,0.688006639,0.568132877,0.690207303,0.519890249,0.70319432,0.475924969,0.727701843,0.550539196,0.723958492,0.502206266,0.717664838,0.48865959,0.710270584,0.493362159,0.749898672,0.600729048,0.758547068,0.558399618,0.744316697,0.546147645,0.734017789,0.549217165,0.762861252,0.662405193,0.773112118,0.63985002,0.762686074,0.625058949,0.753492534,0.62122786,0.764622569,0.726142466,0.770021617,0.723613679,0.763204157,0.717793643,0.75528276,0.710716307,Roll_Right
0.721498311,0.702117085,0.684612274,0.647202313,0.657762229,0.597011447,0.638359606,0.562425494,0.638240755,0.553204954,0.689418316,0.519894838,0.657561064,0.543604434,0.650202453,0.568666697,0.65190959,0.58031714,0.716811061,0.555389464,0.68018043,0.594277442,0.66196692,0.624735951,0.654429972,0.636686027,0.735186815,0.611773193,0.70213151,0.662276447,0.680296719,0.691032708,0.668774962,0.704220355,0.743740618,0.676433206,0.720578074,0.720765829,0.700313807,0.742127955,0.687182903,0.753629923,Roll_Right
0.718841493,0.64059937,0.680241823,0.589014709,0.664935172,0.510051429,0.663171351,0.448535681,0.658848584,0.386763602,0.705365002,0.497614741,0.705784917,0.447246403,0.700553894,0.442723662,0.696765482,0.457404792,0.730006397,0.52855432,0.736722589,0.48271668,0.729706168,0.475035548,0.723575413,0.484708697,0.748654187,0.573028684,0.75870657,0.541872144,0.756215274,0.527012706,0.749869049,0.526656806,0.76017499,0.628255844,0.775653422,0.60991621,0.777106225,0.597216904,0.772015333,0.589811265,Roll_Right
0.719240665,0.65484941,0.684291363,0.593052149,0.669547021,0.52237618,0.667431533,0.475727022,0.676411867,0.426010132,0.708329797,0.503085017,0.706313014,0.456885695,0.69919014,0.447728574,0.691105306,0.457211554,0.731851101,0.540112436,0.736193478,0.496769339,0.72495842,0.487651557,0.715129554,0.490939498,0.749755919,0.587754786,0.758618891,0.559523761,0.752355337,0.544110596,0.743181229,0.543071091,0.75900197,0.644756496,0.772136986,0.636369467,0.773100078,0.625849485,0.768710852,0.620495558,Roll_Right
0.71233964,0.656687796,0.679613173,0.612120092,0.659856677,0.555214882,0.653573394,0.518208444,0.668168724,0.525808454,0.70354569,0.514470279,0.707151711,0.472417444,0.705608726,0.47116217,0.70819509,0.479974389,0.728379786,0.548617125,0.746394277,0.50413847,0.734815598,0.506622434,0.723832786,0.527559698,0.744575322,0.595442235,0.760556519,0.56522125,0.751021266,0.565651298,0.738624036,0.578713775,0.753093421,0.64996624,0.771005988,0.642762423,0.769166291,0.636307418,0.761652052,0.633288741,Roll_Right
0.726987839,0.578032196,0.691557288,0.548874259,0.676432669,0.480015576,0.674810469,0.435132325,0.68607372,0.396870911,0.72050643,0.456967413,0.720611334,0.441483319,0.721064091,0.478352308,0.721081257,0.514224291,0.748659909,0.497684926,0.76002878,0.483517945,0.754096866,0.523738742,0.748075962,0.555510461,0.766418397,0.543645084,0.774971724,0.540392399,0.770774782,0.567432165,0.762863994,0.587397814,0.772727609,0.593041241,0.78392905,0.596541822,0.783859968,0.614268839,0.778981924,0.627120912,Roll_Right
0.724880159,0.578449309,0.689546704,0.536474288,0.675158679,0.468949616,0.674138963,0.425901324,0.681348741,0.378792763,0.721207857,0.463252127,0.721879721,0.443177104,0.718276739,0.442611635,0.711690843,0.447732955,0.746465385,0.508047462,0.753641427,0.489462763,0.745069325,0.494645923,0.73593992,0.501365483,0.760692477,0.559323072,0.765663624,0.551805794,0.759559631,0.554712474,0.749841571,0.558235228,0.763641953,0.614854038,0.771428347,0.615862548,0.768882573,0.615053356,0.761420429,0.610092103,Roll_Right
0.715811491,0.610960543,0.676583827,0.560721517,0.660141528,0.488466412,0.654939294,0.438403606,0.650101304,0.385082424,0.708209395,0.457224131,0.689315796,0.447322607,0.684432447,0.452842712,0.682828426,0.460732102,0.736140907,0.493246198,0.721372902,0.479355365,0.711686134,0.488018781,0.71026665,0.496334016,0.757228434,0.542233527,0.744911075,0.529360652,0.733649194,0.538662016,0.728960156,0.546628535,0.76829958,0.599163234,0.76777631,0.588514566,0.759187579,0.585508704,0.753951669,0.583056033,Roll_Right
0.722608805,0.610090554,0.683953285,0.560737848,0.668659568,0.487002432,0.663037539,0.434161335,0.656438708,0.381128252,0.718264103,0.441596895,0.691727996,0.447960019,0.687745333,0.467224181,0.692955971,0.480569154,0.745315492,0.480140865,0.722233832,0.488723069,0.713113427,0.499634504,0.716597438,0.507929802,0.76297313,0.535693944,0.742562771,0.546860695,0.731919706,0.54869616,0.731823266,0.546526015,0.769820452,0.596123099,0.761062264,0.610066533,0.751464248,0.606517851,0.748572648,0.597334743,Roll_Right
0.711735249,0.595154226,0.673868656,0.567409754,0.654040933,0.487018496,0.644665062,0.439763129,0.652875721,0.410387218,0.698131919,0.446218133,0.688889205,0.436315477,0.680469453,0.45668003,0.672839999,0.487066269,0.731260538,0.477264196,0.728634059,0.462983757,0.715201199,0.487035483,0.70466572,0.517682195,0.75500983,0.522037685,0.752852559,0.512335062,0.740166605,0.531145096,0.726792932,0.549852192,0.769227147,0.573727429,0.773335338,0.571418166,0.764746368,0.581568062,0.753090382,0.589606047,Roll_Right
0.72549957,0.595367789,0.682065248,0.540099978,0.660291493,0.475879788,0.652586997,0.438063323,0.649838686,0.393353522,0.70787394,0.444235742,0.685529709,0.435071826,0.679019392,0.439518988,0.677461028,0.453213871,0.732855141,0.482657194,0.714247108,0.479003787,0.70350486,0.485102624,0.703224063,0.489508003,0.750639737,0.534529924,0.735075116,0.541493416,0.723183453,0.541092992,0.720953703,0.540829957,0.757091761,0.592828274,0.753353357,0.602318704,0.744199038,0.599822581,0.739945471,0.592829704,Roll_Right
0.724857926,0.626236081,0.682520688,0.578245759,0.666010618,0.492667377,0.663140178,0.422181249,0.653416038,0.360450149,0.708176076,0.480644286,0.708644748,0.443496585,0.706935406,0.432744265,0.704361141,0.431242198,0.734559774,0.507677913,0.742838562,0.462452203,0.737751186,0.457459688,0.73100394,0.467291176,0.754901707,0.548216522,0.767005861,0.512623489,0.763801575,0.50842309,0.755189538,0.515416205,0.767150819,0.599482477,0.781033576,0.575609922,0.781445205,0.567674696,0.775834203,0.564722717,Roll_Right
0.728873014,0.614861012,0.69658941,0.592764735,0.673023582,0.536229491,0.667167425,0.484537065,0.681882799,0.453355163,0.723699927,0.456279248,0.718701422,0.483241379,0.717018187,0.50198853,0.721351147,0.50489974,0.752546668,0.474209666,0.744209766,0.508073807,0.736877024,0.52620846,0.738880277,0.528706551,0.773728371,0.510789752,0.766278505,0.541780293,0.757557034,0.552722394,0.756820023,0.545771837,0.789115667,0.556541324,0.790119588,0.574316323,0.785879672,0.582269907,0.7846964,0.576073289,Roll_Right
0.722452641,0.617177904,0.687855542,0.590831339,0.665361285,0.53069216,0.661925554,0.477657378,0.679569483,0.443644106,0.707826853,0.493920177,0.71265614,0.46653676,0.718278706,0.474458486,0.723124385,0.488017261,0.735993624,0.522396624,0.747213304,0.488678664,0.748094857,0.501504779,0.746886671,0.520822823,0.756644905,0.562211812,0.767808199,0.538954496,0.767796278,0.549406528,0.763133526,0.559095025,0.770396113,0.609981418,0.785820544,0.592969179,0.78655529,0.599119306,0.780104935,0.603351116,Roll_Right
0.711498618,0.604897261,0.689369738,0.560242951,0.683321476,0.497920215,0.688033104,0.455508947,0.706338584,0.435099751,0.728993058,0.482060671,0.736259162,0.473774016,0.740484536,0.487420738,0.74349457,0.505086958,0.749566555,0.530741811,0.765212536,0.521262884,0.7631374,0.537503004,0.757292449,0.557202816,0.760222256,0.584281087,0.77284652,0.579131722,0.771235287,0.591802537,0.764304221,0.601081073,0.761073112,0.638462663,0.77502203,0.640664637,0.775252104,0.647206664,0.769723773,0.648984611,Roll_Right
0.725074887,0.610997617,0.70035553,0.564088881,0.698268354,0.497632742,0.705366969,0.455271482,0.723873556,0.431055814,0.736170471,0.506221652,0.742978215,0.489642113,0.748260677,0.488978088,0.75259012,0.493187517,0.754185915,0.558965802,0.778386474,0.544127643,0.775780916,0.545459509,0.767898917,0.553066611,0.762586176,0.613585114,0.785075486,0.607225716,0.779345036,0.606206179,0.766740799,0.605331361,0.759998739,0.667776048,0.777748823,0.668769062,0.774393499,0.668118298,0.764020979,0.662618816,Roll_Right
0.737853646,0.610506356,0.700531125,0.605220199,0.669906557,0.554734349,0.664762914,0.49819988,0.68077004,0.451666892,0.699210107,0.485106885,0.689379752,0.465648532,0.689395189,0.469757318,0.693562746,0.47084707,0.728416502,0.478430778,0.727203369,0.503135026,0.73039782,0.535429537,0.740755141,0.539149046,0.751677871,0.499685466,0.75195682,0.555723548,0.752488136,0.583334446,0.758528829,0.573957443,0.770821631,0.533192515,0.774194658,0.585961759,0.780789495,0.611036003,0.789658427,0.605717301,Roll_Right
0.725217819,0.593942523,0.679887414,0.572435915,0.656460941,0.508282185,0.642593861,0.458028615,0.621539712,0.403762221,0.696460783,0.467693567,0.689742923,0.504265487,0.691772461,0.523781061,0.698881269,0.524451911,0.727339983,0.49720338,0.72123158,0.527920187,0.719394505,0.54643023,0.724821448,0.547486305,0.749883175,0.537422478,0.744266629,0.573464751,0.742482424,0.591662109,0.744854748,0.588402152,0.762910724,0.582363248,0.76286,0.607450008,0.760472298,0.617451787,0.761125326,0.611005366,Roll_Right
0.733510613,0.622177899,0.694101095,0.597859502,0.669424951,0.540732086,0.662142277,0.498278767,0.671811759,0.45849815,0.694469392,0.48945719,0.674286723,0.475735962,0.678933442,0.462055147,0.68608886,0.459942281,0.724584401,0.495716035,0.719441891,0.492476761,0.720661104,0.49362576,0.720273852,0.498809189,0.751800656,0.526178837,0.750276804,0.532700837,0.750307441,0.541919827,0.745994151,0.544118047,0.771099567,0.573137283,0.781341255,0.585794091,0.780403554,0.591575623,0.775054634,0.58851397,Roll_Right
0.714857399,0.682028174,0.68139565,0.635796905,0.664271474,0.570203722,0.6643309,0.516413867,0.6777156,0.476389647,0.696044207,0.547130585,0.69546783,0.499283969,0.692959905,0.48839587,0.690680861,0.488488376,0.720689237,0.570689321,0.728740335,0.525982797,0.725648403,0.515781641,0.72123909,0.525096238,0.74084121,0.613230765,0.754369915,0.58179003,0.756795347,0.569201827,0.753821671,0.568505228,0.754215479,0.666237712,0.769182384,0.647942543,0.772347867,0.636621952,0.769019663,0.631365657,Roll_Right
0.717860103,0.673655927,0.687051594,0.620983958,0.673817694,0.556084633,0.673166215,0.507973611,0.686700642,0.469850302,0.706424892,0.538141131,0.700571001,0.484685689,0.694927275,0.475035787,0.691917777,0.481371731,0.729632497,0.567465782,0.733858466,0.519355536,0.725806832,0.507659316,0.717140138,0.513024032,0.746993303,0.614607692,0.75984019,0.5770818,0.755000412,0.570189595,0.74400568,0.573548257,0.756458044,0.672085226,0.774762452,0.663134038,0.773262262,0.654554367,0.762634754,0.648091018,Roll_Right
0.834208131,0.594347775,0.783298969,0.568020761,0.7450037,0.499583185,0.727463484,0.441028893,0.712649465,0.397666305,0.774230063,0.393639326,0.737388015,0.411948621,0.713205159,0.419572681,0.69328779,0.42169404,0.804266989,0.391535878,0.763218224,0.425141394,0.747635365,0.435829312,0.737997174,0.43804419,0.830736995,0.417712629,0.791306317,0.445337713,0.779058993,0.450163752,0.771994591,0.444685251,0.853587508,0.46351707,0.823251963,0.464652121,0.805120289,0.461485535,0.791865289,0.455587298,Yaw_Left
0.792873323,0.61182934,0.74341774,0.609489858,0.704862535,0.569195807,0.6782372,0.532414019,0.649563432,0.507833898,0.726011574,0.456880152,0.697264969,0.486893505,0.679397106,0.498948902,0.666131735,0.506533027,0.750456035,0.456735641,0.719368577,0.489655584,0.700413585,0.502414465,0.687041342,0.511204839,0.776548505,0.480062634,0.748192906,0.501993358,0.727582395,0.506999671,0.711453021,0.508476496,0.801402032,0.520952761,0.782678962,0.523548186,0.766244352,0.525121927,0.751917422,0.523624957,Yaw_Left
0.789001465,0.608430624,0.746518075,0.610572875,0.705802381,0.591177106,0.680775166,0.56652981,0.67619282,0.539817452,0.715674639,0.467908949,0.686125875,0.481765658,0.664016962,0.487698138,0.644364595,0.489669859,0.740656137,0.455579162,0.71337688,0.471522421,0.694938123,0.483877957,0.680354178,0.495114148,0.767693758,0.469459862,0.7428689,0.481536686,0.72321558,0.486864507,0.707041919,0.493250698,0.793975413,0.50344342,0.77580446,0.504646838,0.759029925,0.505953848,0.743635118,0.509545803,Yaw_Left
0.797377706,0.592454433,0.751785338,0.614103794,0.707155347,0.595965207,0.684331119,0.563134015,0.690423548,0.542114258,0.724447608,0.491885483,0.689249337,0.497478008,0.662021399,0.497177422,0.637884915,0.494506717,0.743940234,0.47512722,0.702705801,0.468659431,0.687255561,0.491479188,0.683008909,0.512282073,0.76650548,0.485452324,0.72854203,0.478077531,0.705054402,0.486623108,0.692091048,0.493557036,0.788125753,0.515256822,0.766198695,0.510930479,0.746937752,0.511309862,0.732424974,0.513234317,Yaw_Left
0.792057455,0.590820849,0.738971889,0.601714611,0.698337376,0.581969321,0.675601959,0.564093411,0.666368842,0.541843832,0.701432109,0.453238428,0.658496976,0.484477073,0.629394054,0.496678591,0.605886936,0.496762335,0.721976519,0.446153522,0.677970529,0.488163114,0.6637851,0.517747223,0.659117818,0.536410332,0.743382692,0.464525372,0.696057677,0.489827693,0.662008464,0.499458611,0.636120319,0.496785134,0.763302386,0.504378498,0.731706262,0.510027647,0.707219064,0.508863032,0.685643137,0.501996696,Yaw_Left
0.820480227,0.622322857,0.760668635,0.59400034,0.719931424,0.531190157,0.697294176,0.478809208,0.677922845,0.436651528,0.743359447,0.440914214,0.702730477,0.4745332,0.674923062,0.48760134,0.652787209,0.49183622,0.766018093,0.442049056,0.724616051,0.478302002,0.698295414,0.489527732,0.677229822,0.495987684,0.789443493,0.464864314,0.751920342,0.494481444,0.727982283,0.501632571,0.708512604,0.504273593,0.81196326,0.504748166,0.782176912,0.506539822,0.7583552,0.50660181,0.738153398,0.506241858,Yaw_Left
0.819345951,0.612859547,0.763652384,0.588677287,0.725329399,0.528511405,0.70354557,0.476657778,0.683136702,0.435797155,0.74207288,0.435340494,0.699318051,0.464439154,0.669881642,0.474921972,0.646331191,0.47681278,0.762868643,0.431833923,0.71671617,0.464696348,0.687452137,0.472842574,0.663630724,0.475704044,0.784140885,0.451369226,0.741224945,0.477501512,0.713862777,0.478146225,0.691315293,0.472360253,0.803077221,0.490223825,0.769033432,0.496697038,0.743436813,0.4963952,0.721978784,0.492891014,Yaw_Left
0.808248878,0.594162524,0.760080874,0.587757707,0.719667256,0.566668391,0.69457525,0.545845926,0.690282702,0.525651276,0.724704623,0.436824918,0.681878984,0.462834299,0.651429057,0.468570411,0.626393676,0.466538608,0.744680941,0.426519006,0.696353376,0.451885521,0.663301468,0.459403574,0.635854185,0.462319851,0.766968429,0.44093293,0.720018148,0.465698898,0.688801169,0.4705275,0.663621604,0.469036847,0.786993444,0.47824353,0.753129125,0.487877637,0.725945354,0.486236542,0.7018888,0.479542285,Yaw_Left
0.810554802,0.606174827,0.754616082,0.583777487,0.712201953,0.518884718,0.686532497,0.46469748,0.66278559,0.422411323,0.723664641,0.433496416,0.674953699,0.462733209,0.642544508,0.473143548,0.618071556,0.471760929,0.745901763,0.425786257,0.696303427,0.469968408,0.679834783,0.485779673,0.67131114,0.492100954,0.767379105,0.443672776,0.717988014,0.479471684,0.68892628,0.482579857,0.667090714,0.47415778,0.786312044,0.482037812,0.749417543,0.49098745,0.72296834,0.48946476,0.701228976,0.483063877,Yaw_Left
0.828846335,0.585295796,0.762776971,0.578836441,0.721688747,0.547798634,0.69374299,0.525904715,0.667933047,0.511821806,0.726650119,0.428774744,0.676226676,0.442671418,0.643272161,0.446594387,0.615065277,0.443612546,0.742110074,0.428029388,0.680390894,0.449384511,0.643568337,0.457030207,0.612345636,0.456741989,0.75938499,0.451193154,0.701032102,0.475414872,0.666316271,0.48494789,0.636769772,0.485695064,0.775673091,0.493452877,0.73306787,0.508388162,0.703387558,0.520099103,0.676960766,0.523922324,Yaw_Left
0.819934666,0.586725354,0.753414392,0.577088594,0.708406806,0.529219806,0.678754926,0.487781078,0.650564313,0.460758686,0.718924105,0.435207009,0.675353825,0.461685717,0.645578384,0.471268743,0.620919526,0.472289383,0.735439599,0.4361552,0.680274487,0.471112996,0.642749369,0.487398118,0.611663818,0.496706128,0.753435493,0.456042469,0.697473884,0.489865243,0.660111368,0.50684607,0.628925085,0.513042986,0.771689653,0.494595259,0.728441715,0.513399243,0.697269738,0.527006149,0.669635296,0.532059908,Yaw_Left
0.78649044,0.597873926,0.74233526,0.587085843,0.703858376,0.539174795,0.682483017,0.493347794,0.661343813,0.457959354,0.72836864,0.438639849,0.699079812,0.449609339,0.677708924,0.45189923,0.658158958,0.449386626,0.750899553,0.426635861,0.719687581,0.447781622,0.697373152,0.453348964,0.675929189,0.453057587,0.77455312,0.437405348,0.746718347,0.455414504,0.728416085,0.460683286,0.70949173,0.461589634,0.797733188,0.465931416,0.774477124,0.472943306,0.756916404,0.475623816,0.739679575,0.475801617,Yaw_Left
0.788325131,0.596576214,0.73205018,0.577789009,0.691827536,0.524971128,0.66871202,0.481094956,0.646212518,0.450215071,0.709538937,0.416733682,0.671603143,0.439954549,0.646288633,0.448088288,0.626135886,0.447673917,0.73378551,0.412846118,0.690900028,0.444048285,0.664066911,0.451983422,0.640502989,0.450738132,0.758230448,0.430719972,0.716897428,0.459209561,0.696394026,0.463754982,0.679007351,0.457814872,0.78111726,0.465631276,0.747409165,0.474736392,0.724200785,0.475560576,0.704824865,0.470056653,Yaw_Left
0.862163246,0.535305321,0.80495733,0.524192452,0.757797837,0.482210428,0.730393708,0.440758586,0.705227613,0.406691223,0.769144535,0.362116456,0.723316491,0.400694609,0.692390561,0.412280977,0.669749379,0.413285375,0.799729526,0.348287851,0.752659559,0.416750789,0.74252367,0.432476789,0.741872609,0.430360138,0.828469753,0.366385669,0.782494783,0.42278859,0.762939751,0.432935625,0.753372431,0.430261523,0.85681206,0.407915473,0.819541574,0.418870538,0.790675044,0.425065815,0.768932402,0.430489689,Yaw_Left
0.863067448,0.549542189,0.797629118,0.540358305,0.746348798,0.494179606,0.713891804,0.450186968,0.682213306,0.421263248,0.761259735,0.380948693,0.712136984,0.416386753,0.679225683,0.429396927,0.653822064,0.432542384,0.790935934,0.366483629,0.741508484,0.431326658,0.729462206,0.445358455,0.726100445,0.443081319,0.818779945,0.383453101,0.770249844,0.434550732,0.74500984,0.441987127,0.728907943,0.437999099,0.846146941,0.422888756,0.808546007,0.436186582,0.779392004,0.442613244,0.756124616,0.446237117,Yaw_Left
0.870938957,0.54415828,0.80458492,0.52938354,0.751868606,0.48573187,0.720065594,0.443278402,0.689210474,0.420860797,0.764746904,0.375293195,0.711387217,0.406595737,0.676510036,0.417651117,0.648626566,0.421489894,0.793336928,0.364196569,0.73876667,0.426962852,0.739598274,0.446620882,0.748939037,0.444259167,0.819553971,0.38683185,0.767898142,0.433218539,0.749536097,0.442098498,0.742382348,0.437590986,0.844181061,0.432299435,0.804606616,0.443555951,0.776023209,0.447651476,0.755112231,0.449484825,Yaw_Left
0.880450547,0.523885787,0.805535316,0.531536341,0.75076741,0.494321704,0.711016059,0.463180155,0.673538625,0.444526106,0.76464057,0.386689186,0.707228005,0.410464048,0.667391658,0.414554417,0.633467853,0.40888378,0.783548295,0.38608399,0.716268301,0.409323275,0.672289133,0.410768867,0.635340512,0.40427053,0.803878546,0.408986896,0.736937046,0.427485794,0.695153892,0.42648232,0.660184324,0.41605711,0.823696613,0.453674227,0.780527592,0.458287418,0.748119593,0.453125,0.718919933,0.437966794,Yaw_Left
0.878077388,0.509913862,0.820979595,0.502511919,0.773992538,0.469907135,0.742401421,0.443677276,0.71917963,0.430495411,0.766758621,0.372882813,0.711175799,0.403917015,0.676262975,0.419682443,0.647163868,0.424518883,0.779469192,0.376429826,0.708704054,0.400722504,0.663812339,0.409599751,0.627263725,0.412610501,0.793979883,0.404467225,0.721936882,0.417898327,0.678546906,0.421424866,0.642922521,0.41520521,0.80776763,0.450439095,0.76027441,0.449267387,0.726624846,0.444770277,0.696591198,0.432780713,Yaw_Left
0.864325225,0.590874135,0.811380923,0.582683086,0.769503117,0.559320509,0.74293834,0.543576121,0.737706363,0.525853693,0.792236328,0.4229846,0.756489396,0.434097171,0.731449246,0.44204098,0.707179487,0.446630597,0.820374966,0.420484304,0.7855739,0.431716561,0.760044634,0.444725573,0.736093521,0.456077158,0.848827064,0.444119573,0.81939137,0.453561544,0.795692384,0.462978184,0.773693562,0.47390765,0.874447882,0.488458693,0.848646581,0.484311432,0.827706158,0.488036782,0.807095826,0.493781656,Yaw_Left
0.86422807,0.574344575,0.812101245,0.572211742,0.771169603,0.55324775,0.744944453,0.542652905,0.728617668,0.528655469,0.783943892,0.415790766,0.741566718,0.428781688,0.711054683,0.43501693,0.685130954,0.437190413,0.809158087,0.410226017,0.762747467,0.421591282,0.728801727,0.430364221,0.698891938,0.43426168,0.835807323,0.429973602,0.796768308,0.43706128,0.767477572,0.440888166,0.743028164,0.441265047,0.86029613,0.471493185,0.828625262,0.467880309,0.803554773,0.467428386,0.78165549,0.466602623,Yaw_Left
0.860627711,0.538977742,0.799440861,0.528929055,0.756075919,0.499783635,0.721950591,0.486406446,0.692650914,0.476133823,0.760871232,0.382346272,0.700762689,0.406229436,0.663850784,0.420268029,0.632757306,0.424775898,0.766870022,0.388861477,0.697080195,0.412268758,0.656155944,0.421887606,0.62092936,0.425502241,0.773580253,0.418531656,0.704820454,0.432024509,0.667028785,0.437398523,0.634143353,0.435268223,0.779767513,0.465656459,0.731437743,0.466818571,0.700500727,0.467288852,0.673298538,0.462486178,Yaw_Left
0.860119343,0.512746811,0.804017723,0.486041933,0.760201097,0.453945339,0.727631569,0.433318675,0.701651454,0.425510526,0.753269672,0.358140886,0.690827489,0.384601891,0.655645251,0.401029706,0.625219941,0.40720728,0.757084906,0.363650084,0.686057389,0.389129788,0.645990849,0.400545597,0.610911787,0.40556708,0.760560393,0.393115073,0.689960718,0.405620009,0.6517331,0.412627667,0.61847645,0.409714401,0.762394905,0.439975381,0.706970334,0.44103995,0.677437305,0.438359112,0.652113318,0.427261859,Yaw_Left
0.813404024,0.549953103,0.768178642,0.532802701,0.728880703,0.483869076,0.708110511,0.442042738,0.690981567,0.406611532,0.742272139,0.370551616,0.708818913,0.369955629,0.687245667,0.364896744,0.668290555,0.353192985,0.765228689,0.355805725,0.726634741,0.366689503,0.702229083,0.366057575,0.679315388,0.359361023,0.788475513,0.361557722,0.750180602,0.378147691,0.731962383,0.378547639,0.715811014,0.370856285,0.80979681,0.38383463,0.776724398,0.391697913,0.756813705,0.3888129,0.7407251,0.381287694,Yaw_Left
0.81698966,0.546645999,0.7697559,0.524934173,0.731351972,0.475187153,0.71150893,0.431214064,0.697673917,0.394607186,0.741317391,0.361468315,0.704404414,0.360716641,0.679237127,0.357652098,0.657930613,0.348424494,0.764974892,0.349330515,0.727512717,0.368626535,0.705316842,0.37604171,0.686893582,0.375175476,0.787818372,0.358908027,0.750562429,0.382233799,0.73046726,0.379237205,0.714092135,0.367289066,0.808593035,0.386517763,0.775389373,0.393305749,0.754598022,0.392862618,0.738071501,0.38833797,Yaw_Left
0.836202145,0.536355913,0.778213978,0.517636895,0.737772822,0.468084425,0.712545395,0.422379315,0.695486724,0.388872087,0.739860713,0.367725253,0.690391779,0.383974701,0.657987714,0.390783966,0.630603492,0.389085799,0.755225897,0.360047936,0.69884336,0.392417848,0.663724422,0.402815968,0.632597446,0.402472019,0.771167159,0.374453306,0.726642907,0.435563952,0.737687647,0.472942561,0.750807285,0.489223182,0.783498228,0.407995462,0.741632521,0.421388656,0.716988206,0.426274508,0.697229683,0.423511475,Yaw_Left
0.74726826,0.530723929,0.712600172,0.546152115,0.677279115,0.521023571,0.666122854,0.473737061,0.677665353,0.427767277,0.695786834,0.424667418,0.694713593,0.40384087,0.710887194,0.40940389,0.732692063,0.413046598,0.724139154,0.407222301,0.747181773,0.379260749,0.776925385,0.373070568,0.80728817,0.367364734,0.749961495,0.410098016,0.77904129,0.386826932,0.806467593,0.379553676,0.830301762,0.37137267,0.773138583,0.425794065,0.79637599,0.400385022,0.815595686,0.390128762,0.83262068,0.381686836,Yaw_Right
0.739655495,0.549469113,0.692917228,0.56576401,0.652591348,0.530110955,0.638796151,0.478493541,0.643406808,0.412886828,0.677424908,0.43970114,0.6798684,0.39901197,0.698702455,0.397908568,0.722337365,0.39896208,0.71602416,0.43446523,0.730717361,0.39951548,0.755152643,0.397951037,0.780524373,0.394519359,0.751255035,0.44407323,0.777774632,0.417515665,0.804817319,0.406709135,0.827075183,0.398983091,0.783117473,0.469256401,0.809655488,0.435669869,0.833052218,0.424012542,0.852063775,0.417235911,Yaw_Right
0.744109869,0.598294497,0.713798165,0.611443341,0.683662355,0.608352959,0.677582622,0.589474142,0.690615416,0.56741631,0.697912633,0.453944653,0.730825484,0.477974832,0.760249615,0.491570115,0.786759436,0.501513839,0.734838367,0.440594643,0.764601111,0.461452603,0.787167549,0.473947525,0.809784889,0.488746554,0.767217159,0.453765512,0.794652462,0.470764488,0.814339221,0.478162706,0.833517134,0.485434771,0.79443109,0.485014111,0.822157502,0.493727714,0.841253042,0.499037981,0.859777629,0.500546396,Yaw_Right
0.737375081,0.571765661,0.705515027,0.587149262,0.676485062,0.564752042,0.677934468,0.519515336,0.694627404,0.477369785,0.700926781,0.439073175,0.729889274,0.433339626,0.762334526,0.439465731,0.797236741,0.447307795,0.734064162,0.423543423,0.771648526,0.437425911,0.809191823,0.442331135,0.846974671,0.452674925,0.762747049,0.433322072,0.803298354,0.447961867,0.835674942,0.452802539,0.866605818,0.459733963,0.787199497,0.459773272,0.819417238,0.465280503,0.843736529,0.469682008,0.867669106,0.472919255,Yaw_Right
0.643852949,0.545514464,0.605026245,0.556923747,0.582016826,0.524622977,0.586171031,0.47817722,0.606880605,0.429987729,0.622841895,0.440018266,0.666606486,0.429327369,0.703350961,0.436793417,0.741918445,0.448910594,0.65241164,0.416356415,0.709158957,0.425979882,0.752225161,0.431459367,0.796285272,0.444276512,0.675543904,0.415012926,0.713456631,0.442713499,0.729775488,0.455419779,0.74936074,0.472519368,0.693256676,0.429154873,0.72628504,0.444002211,0.752183735,0.454374403,0.774561405,0.462149203,Yaw_Right
0.640023768,0.53034699,0.616473317,0.523329735,0.609132767,0.502197027,0.607422531,0.464808881,0.593618631,0.422606349,0.680048168,0.399638116,0.739308238,0.393090487,0.781923592,0.390070885,0.820258141,0.387915522,0.703504682,0.413973033,0.767723083,0.409774482,0.814436793,0.403616577,0.854936481,0.401129365,0.715170562,0.4317711,0.770797312,0.429436654,0.811062932,0.42468065,0.847114086,0.426200062,0.719501078,0.449528307,0.761653662,0.453538358,0.793225169,0.45572269,0.821307361,0.457572937,Yaw_Right
0.608991146,0.497239232,0.603324533,0.505661488,0.614116728,0.490968376,0.629501998,0.453273386,0.637339592,0.406982839,0.678372025,0.398988664,0.748163223,0.421849638,0.796369314,0.432102442,0.836799443,0.436996102,0.691979587,0.381373942,0.766543686,0.42094332,0.819195449,0.438010514,0.863579631,0.448650151,0.700565398,0.374997318,0.765667081,0.416649997,0.810863554,0.43336913,0.851030469,0.447920203,0.70521313,0.380049586,0.75514847,0.415045321,0.791291595,0.433831304,0.823451936,0.445498437,Yaw_Right
0.65223676,0.54024148,0.610671043,0.537820458,0.580917954,0.490227193,0.578797102,0.434919238,0.59611249,0.383353829,0.626434624,0.402354091,0.65978843,0.394436061,0.690154016,0.399979591,0.724342406,0.403601736,0.657009244,0.396388412,0.695096374,0.397981167,0.729321003,0.3969585,0.766240418,0.395596445,0.680367768,0.408076972,0.718125165,0.405406386,0.74658376,0.401709795,0.775571644,0.400526613,0.698234737,0.428773344,0.731062531,0.418761104,0.754213512,0.412260562,0.776376963,0.405240297,Yaw_Right
0.650171697,0.540347576,0.608027279,0.536621273,0.581315458,0.488197714,0.586323321,0.438291192,0.609989941,0.390997499,0.625441432,0.414115697,0.655868948,0.402062744,0.688914001,0.412699729,0.727889419,0.423592746,0.659509838,0.403893888,0.711080432,0.406134963,0.753845811,0.411653042,0.800252378,0.413634419,0.684581459,0.410971224,0.729502439,0.410918623,0.761877835,0.41168651,0.795040667,0.416112304,0.701663017,0.428897768,0.737762451,0.425833613,0.764317453,0.424679577,0.788223147,0.423828095,Yaw_Right
0.697741807,0.614324927,0.658201516,0.612830639,0.627397954,0.567789555,0.61948669,0.513178825,0.624745429,0.457803458,0.638271451,0.479756296,0.634868145,0.44397682,0.646393538,0.442122161,0.665310144,0.441241652,0.66808641,0.466671288,0.683499932,0.439982504,0.701117933,0.43381989,0.720055759,0.421705425,0.697899282,0.469036758,0.71692729,0.441116184,0.733504891,0.431005359,0.749181926,0.421789587,0.725307286,0.483808964,0.745000124,0.452549338,0.760465264,0.440300971,0.774349034,0.42755267,Yaw_Right
0.691083193,0.609875739,0.65900743,0.608176589,0.630839229,0.571618736,0.623064637,0.523430347,0.634853065,0.46949932,0.643818676,0.471515417,0.640787184,0.454159498,0.653431177,0.483769566,0.675889969,0.517517865,0.674549758,0.456255406,0.694805205,0.439786911,0.718799591,0.452467144,0.748132706,0.463178068,0.704134405,0.45951125,0.734131217,0.45204702,0.761518598,0.454257846,0.788935363,0.454413414,0.730407953,0.477864772,0.756493032,0.465153277,0.778855741,0.465928048,0.799307764,0.462345064,Yaw_Right
0.693514705,0.615522623,0.662030935,0.604431391,0.637561917,0.563241601,0.63893348,0.519079626,0.65728718,0.48446089,0.658547401,0.459645718,0.658966482,0.449382931,0.672234297,0.476073623,0.692817688,0.505837262,0.690821171,0.449136287,0.715287805,0.43616423,0.744194746,0.4520275,0.776354074,0.466810048,0.719691575,0.459309459,0.755018711,0.453083277,0.788572848,0.459112346,0.819664955,0.461703748,0.743565679,0.485610366,0.776162446,0.474165797,0.802222192,0.475128323,0.826598287,0.471860111,Yaw_Right
0.693500936,0.615094006,0.657393515,0.614869952,0.62838316,0.575280845,0.622797608,0.525613427,0.628759921,0.471325934,0.640764713,0.475630224,0.63307488,0.443117619,0.644074142,0.461509198,0.663297415,0.486326605,0.670345008,0.467512786,0.682646155,0.434927344,0.705822468,0.444215864,0.730953097,0.456709385,0.699771285,0.476569355,0.72232914,0.455005229,0.746079803,0.458946556,0.766938388,0.466531247,0.726273358,0.500027537,0.748122215,0.474739224,0.766520381,0.469564259,0.782901764,0.469526023,Yaw_Right
0.69603461,0.622245967,0.655627429,0.620564282,0.626440287,0.572661996,0.62349242,0.515976846,0.634678781,0.46010375,0.657697558,0.483852625,0.680088878,0.457456082,0.708970487,0.458172798,0.74040854,0.454392612,0.686639071,0.47690022,0.717187703,0.451693952,0.747633934,0.451360285,0.77808553,0.451472402,0.711130083,0.483484864,0.741098762,0.458008736,0.764983237,0.451723039,0.788766146,0.449194431,0.732513487,0.500607073,0.75773561,0.471691787,0.77671659,0.460673332,0.794409513,0.453635216,Yaw_Right
0.687317371,0.606161296,0.655219972,0.602676809,0.628743052,0.562487602,0.627950013,0.518900931,0.64366293,0.473151237,0.648824036,0.469197631,0.645152569,0.450758249,0.654936075,0.471372694,0.675225496,0.500419736,0.681392789,0.45595932,0.709699214,0.441716909,0.74109602,0.456476808,0.776037693,0.471687108,0.71032995,0.46034807,0.742839694,0.452845693,0.773624063,0.455153048,0.803825915,0.458781123,0.733850121,0.480549216,0.762864292,0.469620556,0.787412226,0.466715366,0.809781075,0.463651478,Yaw_Right
0.728755832,0.542676568,0.689530253,0.538547873,0.658154309,0.503082991,0.653263211,0.450846493,0.666653991,0.401471466,0.690469682,0.386695474,0.721985281,0.405944049,0.75015682,0.419196963,0.778951645,0.429554552,0.723327696,0.380000114,0.752208412,0.391110539,0.776931763,0.406817496,0.803248346,0.433527172,0.749993086,0.395592153,0.779860556,0.406846046,0.803718626,0.418801486,0.826787531,0.435191572,0.772556484,0.425499082,0.798407435,0.430800706,0.818389773,0.438225389,0.838207722,0.447699994,Yaw_Right
0.722597599,0.543330908,0.683287382,0.531260133,0.65375191,0.48855567,0.652386487,0.434617162,0.671944022,0.388261288,0.69137156,0.383146316,0.714971662,0.374533772,0.742120504,0.380169928,0.774564803,0.387132615,0.723983824,0.379257023,0.752173126,0.385769635,0.782612085,0.397208035,0.815967262,0.409834892,0.751030445,0.395684808,0.786458015,0.397547305,0.81642139,0.401708037,0.845859051,0.40606299,0.774151087,0.423737079,0.806596696,0.41397506,0.830457568,0.413062036,0.853847563,0.410592794,Yaw_Right
0.728401959,0.538034499,0.688118577,0.532942116,0.658953428,0.493477821,0.666500151,0.457055986,0.693423092,0.425742,0.685786605,0.388417602,0.702889204,0.381505013,0.72695297,0.392416477,0.755525529,0.401044607,0.724029183,0.378125817,0.772483826,0.376720071,0.815596581,0.382161885,0.859499574,0.382351249,0.755577922,0.390233397,0.802334905,0.388609618,0.840816736,0.389310211,0.877536774,0.384558946,0.779870629,0.418233246,0.819184363,0.412516564,0.847699463,0.412039161,0.874516547,0.406800628,Yaw_Right
0.713296175,0.55711621,0.676027119,0.547973871,0.64515692,0.502940416,0.638760924,0.449218392,0.653050721,0.39902702,0.671482444,0.40032813,0.663976789,0.379598379,0.671441555,0.398783624,0.690327585,0.422852486,0.704492569,0.387675345,0.727556586,0.363904089,0.754090369,0.372829467,0.785399377,0.381740212,0.73405093,0.394555688,0.766542196,0.37535727,0.797059417,0.37355113,0.826631725,0.371369779,0.759006739,0.417639405,0.78776443,0.392819107,0.81191206,0.383059382,0.835091114,0.372153074,Yaw_Right
0.713760912,0.560323358,0.676723659,0.555930018,0.642600179,0.515306175,0.639890373,0.468348831,0.666166067,0.443472385,0.674574733,0.403543144,0.699646711,0.376882464,0.734854102,0.380786568,0.776390731,0.378929138,0.71187675,0.401225597,0.745292604,0.388827056,0.783244312,0.380803674,0.823929965,0.370379627,0.742081821,0.415721655,0.77866298,0.40010348,0.811602116,0.394333899,0.844614267,0.390759647,0.765480518,0.440535456,0.797902346,0.417550147,0.821429968,0.409182966,0.843757868,0.402793139,Yaw_Right
0.719142973,0.54418087,0.687705338,0.560076833,0.658819556,0.538737655,0.662668049,0.502491355,0.681724668,0.458924383,0.661664903,0.411246151,0.677937388,0.390729725,0.706355095,0.397629291,0.739168406,0.406867653,0.696988583,0.390640825,0.749713063,0.388516784,0.799407244,0.399817914,0.846525192,0.41136533,0.729148865,0.393293321,0.77953887,0.403010905,0.817257285,0.409460753,0.850934863,0.415535867,0.755312204,0.411391079,0.793904722,0.414793342,0.823076069,0.420046836,0.848425746,0.425984681,Yaw_Right
0.719335973,0.588489473,0.676868498,0.574393868,0.648650169,0.521797001,0.64870733,0.461357057,0.666957915,0.409430206,0.699858963,0.440704674,0.740293145,0.429095864,0.773937345,0.424020112,0.81009227,0.416561276,0.729535043,0.429844588,0.773394644,0.422085971,0.807885945,0.41402787,0.844178796,0.404676795,0.751917183,0.435447454,0.792830944,0.422152579,0.820085347,0.416140139,0.848224998,0.410890281,0.769192815,0.451244652,0.803841889,0.432738185,0.826425612,0.423993975,0.847847462,0.414757758,Yaw_Right
0.714764357,0.583174586,0.67714113,0.575229764,0.650729299,0.531444907,0.653793454,0.48225984,0.675216019,0.442505956,0.687519014,0.444821954,0.703982115,0.433705211,0.72937119,0.441833884,0.760711432,0.450940609,0.72147733,0.432175726,0.758482337,0.425832331,0.795183718,0.431027591,0.835587084,0.437144816,0.74922508,0.440251112,0.790496171,0.433022052,0.824510455,0.43399182,0.857844412,0.434303612,0.771619201,0.463185877,0.80792129,0.453051209,0.834734678,0.446855426,0.861179709,0.439475119,Yaw_Right
0.708468914,0.601121068,0.664038837,0.595428467,0.635540426,0.544665635,0.636490881,0.487996876,0.653832674,0.438609958,0.676610112,0.459565431,0.711924553,0.457078159,0.744281054,0.457471907,0.779120564,0.455962777,0.707901776,0.446640939,0.748950481,0.451847106,0.78299278,0.446950644,0.818297982,0.444269359,0.733162224,0.454946995,0.771616876,0.450032413,0.798834383,0.44628343,0.826348186,0.445285827,0.753947556,0.473826528,0.787292123,0.461180031,0.808805585,0.455536962,0.829162359,0.450098813,Yaw_Right
0.698251426,0.602917016,0.657424808,0.58884716,0.629327655,0.540173233,0.627589881,0.484910756,0.646828473,0.442642927,0.675620973,0.454927593,0.709851384,0.447327167,0.742387116,0.449161977,0.77822876,0.450879872,0.707519412,0.446807623,0.751210749,0.444080561,0.786906004,0.44134602,0.823959231,0.439142853,0.731841505,0.455060393,0.772620559,0.444025159,0.800448656,0.442051917,0.828260541,0.441129863,0.750061095,0.472947717,0.783872485,0.456398219,0.806720972,0.449141443,0.828853309,0.442757756,Yaw_Right
0.804311514,0.798989296,0.752928495,0.757022202,0.708883166,0.665808558,0.671524227,0.593373895,0.631348968,0.559571028,0.736800492,0.521608651,0.711777568,0.416565627,0.697120667,0.35195148,0.687427938,0.290655464,0.774478078,0.500235677,0.767428398,0.379859149,0.763228536,0.302376807,0.759617925,0.232532084,0.809695184,0.510568142,0.81543535,0.397895396,0.819426417,0.326168299,0.820911407,0.259243608,0.841827452,0.541449845,0.858605504,0.459422469,0.870440423,0.403331101,0.880116522,0.34636572,Stop
0.793828487,0.741060615,0.744313955,0.685457766,0.705211699,0.586395383,0.677484334,0.499332368,0.643630505,0.446393818,0.733154893,0.457852721,0.716485858,0.345356017,0.708332241,0.278133631,0.703931451,0.21345225,0.768353999,0.439911246,0.76506412,0.319499195,0.766166329,0.243226796,0.767188072,0.174000978,0.800568521,0.450910956,0.806794226,0.343678474,0.812006235,0.273908079,0.814216971,0.209802002,0.830200255,0.480466872,0.838341236,0.400111496,0.842821777,0.345057786,0.845625043,0.28982687,Stop
0.800330818,0.754187465,0.749676466,0.703895926,0.708661854,0.612093151,0.673879087,0.535722435,0.635488749,0.492707014,0.734687209,0.475838333,0.713111699,0.367619216,0.701065779,0.302266896,0.693643332,0.239668936,0.771687984,0.455539018,0.766410947,0.336873293,0.764268219,0.260793865,0.762798548,0.192397237,0.805126369,0.465889007,0.811796367,0.356555939,0.816106558,0.287669599,0.818428099,0.224760264,0.83533746,0.495432347,0.852541685,0.416682959,0.864635527,0.363444865,0.875364304,0.309203029,Stop
0.797574997,0.769831657,0.748149633,0.714901507,0.708111584,0.621037185,0.675471485,0.544122577,0.640359581,0.495474786,0.73861748,0.482804865,0.73456049,0.369801641,0.734011769,0.299846321,0.734831393,0.23483783,0.770336568,0.469513357,0.766136348,0.346685857,0.765069604,0.268218607,0.76316607,0.196850806,0.800775528,0.480646253,0.798529148,0.368213236,0.797340155,0.294914246,0.79395473,0.228706539,0.832527518,0.509721041,0.832470179,0.421875149,0.829788625,0.362555057,0.824899077,0.305979311,Stop
0.794134915,0.760601938,0.740128398,0.698824048,0.707801223,0.597895563,0.698171914,0.498515934,0.699805737,0.410876572,0.730646372,0.471367478,0.724417567,0.358112156,0.721982002,0.289998412,0.720873713,0.224189132,0.763549626,0.455921948,0.75695169,0.333569944,0.753829658,0.256412089,0.749345124,0.182051152,0.793394923,0.465542197,0.790802777,0.352575243,0.789063156,0.280203223,0.784343004,0.213677287,0.8251912,0.492306918,0.824330688,0.404094964,0.821316242,0.344216377,0.815465629,0.285296857,Stop
0.781793833,0.708088398,0.729279876,0.648737371,0.698705435,0.547308743,0.689335525,0.449965745,0.68742609,0.365591228,0.72958225,0.41465503,0.727308929,0.297439456,0.725818098,0.226490185,0.725770056,0.160396874,0.764299273,0.40381217,0.761099398,0.277460605,0.759151757,0.19861421,0.755725563,0.126816154,0.794784367,0.41798228,0.795533478,0.302596718,0.795134902,0.230941921,0.791174829,0.166391939,0.825767577,0.450391203,0.828178763,0.362602234,0.82680738,0.303305209,0.822397649,0.246209204,Stop
0.790236712,0.733278871,0.741761506,0.682496965,0.700396001,0.582545578,0.666214287,0.50135994,0.627121568,0.462991297,0.73188746,0.444132775,0.712627947,0.33108905,0.702225506,0.262624532,0.695722282,0.199916363,0.768033147,0.425926387,0.761464715,0.300527096,0.757734537,0.221570194,0.753979862,0.153896093,0.802280962,0.437432438,0.805677772,0.323147953,0.805592835,0.253654599,0.803597867,0.191939414,0.835053444,0.469108641,0.853664041,0.389435232,0.866151452,0.334646046,0.876739442,0.28114596,Stop
0.788815081,0.73500663,0.741352499,0.684324861,0.702070236,0.585836709,0.66616708,0.506264329,0.626343906,0.468015879,0.73148483,0.446234673,0.711695611,0.336162567,0.700972438,0.268534809,0.694997013,0.20582372,0.768290281,0.42687732,0.762248993,0.303497672,0.758396745,0.224378377,0.754691064,0.154931009,0.80277282,0.439034224,0.808945179,0.326325893,0.810791135,0.255483419,0.810077965,0.191299081,0.834928393,0.472261727,0.858294368,0.395213783,0.874548018,0.34130311,0.888227403,0.288012713,Stop
0.788500607,0.741037846,0.741143584,0.691473067,0.701749086,0.595912158,0.664746761,0.51701051,0.62417239,0.476836175,0.730313838,0.450851083,0.708997428,0.339381099,0.69716686,0.270090342,0.690715671,0.205726534,0.767903149,0.430911541,0.761351168,0.305826008,0.757377386,0.224537224,0.754037559,0.152685732,0.803133011,0.44336164,0.811735153,0.32990706,0.815886617,0.256576955,0.817034781,0.189942479,0.835774124,0.477593303,0.862264335,0.401258588,0.880688071,0.347538531,0.895964742,0.294594884,Stop
0.788933814,0.752694786,0.740865648,0.706709623,0.705368459,0.616647303,0.682487071,0.535540581,0.653129876,0.475499034,0.730327427,0.4653036,0.7112571,0.353338629,0.700156987,0.284647822,0.693663001,0.219431072,0.767756939,0.446084738,0.760244548,0.3197788,0.756159425,0.239793181,0.752970755,0.166703165,0.801702678,0.45748955,0.80574882,0.345545113,0.808495998,0.271258175,0.808567941,0.202808559,0.833949149,0.489497662,0.845721245,0.404517591,0.852769375,0.346814573,0.857342601,0.289225042,Stop
0.787743866,0.755816698,0.738578439,0.699309468,0.709856212,0.59553045,0.700865328,0.49452129,0.692153811,0.406677634,0.729826987,0.463006347,0.714379847,0.348521829,0.705046952,0.279902935,0.69947201,0.212824076,0.766772211,0.444961488,0.759862185,0.318462104,0.756740808,0.238491505,0.754001737,0.162864923,0.798977017,0.456777275,0.799663484,0.34263432,0.801410317,0.270364136,0.800389051,0.203285635,0.830447555,0.487731814,0.833521903,0.401704937,0.834362805,0.343221843,0.833197355,0.28554526,Stop
0.786840856,0.758995175,0.739024401,0.702891648,0.706611037,0.602261424,0.689753354,0.508444786,0.67255044,0.430468291,0.730993986,0.470488608,0.717039347,0.35562855,0.708500385,0.286097288,0.703678846,0.220067233,0.7684021,0.452868521,0.765453875,0.326004028,0.764834881,0.245624363,0.763720572,0.171700537,0.801186025,0.46480304,0.805906415,0.352346182,0.810453534,0.278588712,0.811617792,0.210297883,0.832092345,0.495599478,0.840396404,0.409401059,0.84544003,0.350906074,0.848395884,0.293280274,Stop
0.790986657,0.756234288,0.744455576,0.70521307,0.706640005,0.605575681,0.67561686,0.521529436,0.636643112,0.477395296,0.734417737,0.469100833,0.716385424,0.355033576,0.706721306,0.284959435,0.701449037,0.218416899,0.772531807,0.449541986,0.76979965,0.322478354,0.768846929,0.240941077,0.767904222,0.166899264,0.806312025,0.46211341,0.815165818,0.35004881,0.819966018,0.275902689,0.821925759,0.207958341,0.837048352,0.494727701,0.854164481,0.411529601,0.865108132,0.353598237,0.873400927,0.295828462,Stop
0.788956285,0.757292509,0.741312802,0.705146194,0.700806201,0.608554959,0.664334834,0.531506062,0.623349726,0.494885534,0.73355639,0.466871262,0.715366721,0.351164937,0.704917848,0.280996978,0.698667049,0.215438396,0.771327674,0.449005842,0.769117117,0.321358323,0.768549919,0.240126491,0.767788947,0.167248964,0.805597186,0.462407351,0.815300405,0.346552491,0.821069717,0.273361951,0.823507607,0.205970824,0.836577713,0.496170104,0.855648041,0.41417855,0.868607163,0.357373357,0.878840208,0.300460786,Stop
0.789757967,0.762283087,0.739774466,0.708835006,0.706164181,0.606376529,0.686070025,0.512819767,0.65889132,0.446652979,0.735695124,0.471036643,0.734633625,0.352869391,0.737433016,0.281227827,0.741839647,0.214227527,0.770596743,0.458335817,0.770108283,0.328844011,0.772162318,0.248210371,0.772803843,0.174191207,0.80191946,0.471888542,0.803326488,0.353993058,0.804669082,0.278372943,0.803399503,0.209582299,0.834046721,0.503830373,0.836360335,0.411790818,0.836141348,0.351044118,0.833910465,0.292805433,Stop
0.786823213,0.754929841,0.740668178,0.703687429,0.703971624,0.605905533,0.672228098,0.523214042,0.635631323,0.479364216,0.735525727,0.466005832,0.727798402,0.34741807,0.72468406,0.274558753,0.724970877,0.208226591,0.772430062,0.450561643,0.774620712,0.32379654,0.776818216,0.24152863,0.778465271,0.168058872,0.805901945,0.464506656,0.819760382,0.348562062,0.827923954,0.274480999,0.833044529,0.206706107,0.836895287,0.499546558,0.865832448,0.421713948,0.886782825,0.367758006,0.904595852,0.314783156,Stop
0.789457619,0.760014892,0.742024601,0.716283083,0.700427413,0.627149522,0.661666811,0.554916203,0.621101856,0.518080473,0.728632987,0.476953119,0.706954718,0.367055833,0.694326282,0.296944678,0.686850846,0.231379241,0.766756177,0.455930531,0.76392591,0.330876648,0.762100339,0.248734087,0.76055789,0.175247222,0.802199543,0.468243122,0.813261569,0.354102254,0.819312453,0.279003918,0.822324097,0.209119141,0.834422827,0.50322932,0.86409533,0.426579386,0.885098279,0.372276336,0.902260423,0.317666829,Stop
0.786331117,0.754532456,0.738276958,0.713656425,0.69430697,0.628750205,0.65388757,0.56380868,0.612765074,0.531647205,0.718557835,0.478367388,0.689688325,0.373587728,0.672222495,0.305463076,0.660105228,0.242660433,0.757937372,0.454763144,0.75553906,0.327899694,0.755654931,0.244281948,0.756429911,0.171050131,0.794582725,0.467004955,0.807574987,0.35131833,0.816052675,0.274994075,0.821303248,0.2046341,0.828112841,0.503374279,0.861078739,0.425919652,0.885026336,0.373289347,0.904012442,0.321361482,Stop
0.766025484,0.760469556,0.717737198,0.720344305,0.677914739,0.638344467,0.646366298,0.568999112,0.612165153,0.529632151,0.695976973,0.517400324,0.671801269,0.423093736,0.657957137,0.366162419,0.648026645,0.311621785,0.727888227,0.495371193,0.715566099,0.388356268,0.707790911,0.320002675,0.700709283,0.259513676,0.75844866,0.500031114,0.756977499,0.401776999,0.75485605,0.339513093,0.750825465,0.283695638,0.787928104,0.52160871,0.796921372,0.446855634,0.803057253,0.396311134,0.807506382,0.346790552,Stop
0.75497669,0.764293373,0.700373054,0.712491572,0.666066587,0.618602633,0.652296364,0.528733015,0.643790007,0.451871425,0.680202544,0.505154312,0.669571459,0.402686775,0.666033983,0.339724004,0.66392386,0.279955566,0.709011674,0.486080706,0.698675692,0.374325454,0.69460541,0.30406329,0.690024137,0.237806559,0.736754298,0.489185274,0.729193151,0.384661198,0.724939048,0.31827575,0.719165087,0.258840054,0.76662004,0.507427216,0.760588825,0.424978942,0.755249977,0.370498747,0.748096943,0.319087565,Stop
0.790414631,0.793228626,0.741411269,0.738062263,0.704119802,0.641598582,0.676972449,0.555904508,0.644555748,0.501456141,0.728598416,0.512542248,0.712346256,0.401584923,0.70411849,0.334175527,0.700098813,0.270275712,0.765987396,0.494024158,0.764433503,0.372541368,0.765253901,0.294979036,0.766483486,0.224403948,0.799439311,0.505477667,0.809110999,0.39483276,0.815761685,0.323758125,0.820243359,0.259529382,0.830181003,0.536775053,0.851804376,0.456584603,0.867885709,0.402201772,0.881935179,0.348841459,Stop
0.772712648,0.707321405,0.724231303,0.650210738,0.691341937,0.55719322,0.675557792,0.466234386,0.665323257,0.388712406,0.711075187,0.440491199,0.707136095,0.334049165,0.706418872,0.270305455,0.707059085,0.208986342,0.744063973,0.42683959,0.744349599,0.314112246,0.746628463,0.242127761,0.747566164,0.174446493,0.773316145,0.438114703,0.77870363,0.334436595,0.783258319,0.266114861,0.785018742,0.202571034,0.801802218,0.465131223,0.807610631,0.383853912,0.811146855,0.328175396,0.813111961,0.272623837,Stop
0.731457829,0.742946029,0.686423182,0.68566364,0.656781912,0.590144277,0.635115087,0.50489682,0.60629952,0.449554116,0.677215099,0.482004851,0.660971045,0.380631149,0.651922941,0.32071054,0.646658719,0.26265201,0.711166859,0.465887427,0.706792951,0.355121732,0.705475926,0.283547908,0.704771936,0.219626576,0.740921497,0.477127969,0.74904263,0.378705353,0.75492239,0.314065635,0.758442342,0.255414665,0.767799377,0.50455308,0.782673359,0.430106997,0.792940974,0.379881799,0.801667869,0.328931093,Stop
0.748666883,0.745384932,0.695870697,0.69741869,0.65587759,0.603325367,0.625162125,0.521511436,0.588882327,0.474607348,0.675639808,0.477552414,0.650593281,0.375003457,0.636070371,0.313057482,0.625474215,0.252889127,0.710822701,0.454030424,0.697608352,0.338965952,0.689357817,0.265298903,0.681947649,0.20045957,0.743980944,0.459541649,0.741162896,0.35575819,0.737705767,0.288436234,0.73255378,0.227871567,0.775835991,0.483432323,0.782129765,0.403611213,0.785366774,0.349674165,0.786882997,0.295939684,Stop
0.734436512,0.691762328,0.684932172,0.642298102,0.645815074,0.547298729,0.618160307,0.465683103,0.585369945,0.421202332,0.666351318,0.433454901,0.646296024,0.334955633,0.63513726,0.277456313,0.626585662,0.223164052,0.697996795,0.414677739,0.687165737,0.308764458,0.681428254,0.242307872,0.676478565,0.185009211,0.728357434,0.421004325,0.727288544,0.325916439,0.725522578,0.26653868,0.722058713,0.214488417,0.757642806,0.443496466,0.764329731,0.372008324,0.768550575,0.325095117,0.771492958,0.279360116,Stop
0.743932962,0.763964772,0.709212899,0.702309132,0.691383362,0.604475975,0.709366858,0.51666075,0.732065201,0.449924439,0.674266517,0.505256116,0.666106284,0.398157388,0.66207552,0.334516764,0.661798418,0.276719511,0.710708678,0.512281656,0.724109352,0.444605798,0.715570688,0.51895529,0.709881783,0.55841428,0.743886113,0.533222973,0.753177047,0.496702254,0.741394401,0.571820021,0.735543668,0.591125727,0.77113539,0.56328553,0.773709416,0.536464453,0.761789918,0.592194319,0.756422281,0.607733071,Thrust_Up
0.735037684,0.821443915,0.696469247,0.774888396,0.672254205,0.682870746,0.683895051,0.594049752,0.70024693,0.521895111,0.659572303,0.564463794,0.648127139,0.454558581,0.642501891,0.389416397,0.64174521,0.325421423,0.696393251,0.568463445,0.702116132,0.502946377,0.696268857,0.589038908,0.693475962,0.620255232,0.730166912,0.585372508,0.732689619,0.559145093,0.723210394,0.642323434,0.719202101,0.64993453,0.759775162,0.610267818,0.757122159,0.594466388,0.745981276,0.656790733,0.741503298,0.666094542,Thrust_Up
0.764115393,0.817073882,0.731416106,0.766863346,0.712490857,0.677513599,0.729242802,0.593991578,0.750979662,0.527963519,0.702126622,0.558908224,0.695657194,0.446212471,0.693130553,0.377460957,0.694280207,0.316103399,0.738300502,0.566973448,0.747381628,0.517794013,0.737701833,0.595086455,0.734576106,0.62351197,0.770563364,0.589176118,0.775142729,0.567157388,0.760885119,0.641739488,0.756909609,0.652454138,0.798402429,0.619853377,0.796450317,0.603432298,0.78166008,0.659679711,0.776215374,0.67135191,Thrust_Up
0.753765106,0.811928034,0.724005282,0.750703871,0.709442496,0.66076386,0.728571951,0.575367153,0.753316283,0.513231933,0.686316609,0.550293148,0.67938298,0.448478132,0.674405038,0.382207811,0.674602866,0.326652974,0.723103821,0.555812359,0.736245096,0.486978531,0.728879929,0.556775868,0.723187745,0.595824003,0.756318688,0.576021731,0.767259479,0.536496937,0.754838705,0.604427576,0.746706247,0.629847407,0.783103347,0.610535264,0.789610326,0.582091272,0.776468039,0.632381976,0.766767204,0.651281536,Thrust_Up
0.762228727,0.791259587,0.718313575,0.745326281,0.690949857,0.659767568,0.70130229,0.581409931,0.719736695,0.526835203,0.686998129,0.551439464,0.684377372,0.449196398,0.686484575,0.384929091,0.690133631,0.326461732,0.721790254,0.55095458,0.727457166,0.493586451,0.731771708,0.578411698,0.729940891,0.608635724,0.75640434,0.556061387,0.763766527,0.51420927,0.76100564,0.594994962,0.755140245,0.616604209,0.788188517,0.569963813,0.79340142,0.536841094,0.785741389,0.593458056,0.77951622,0.614455819,Thrust_Up
0.760307372,0.795881391,0.72647506,0.737515926,0.708302796,0.64764297,0.718621612,0.559141755,0.736193836,0.493796736,0.684269071,0.53781718,0.680308104,0.439823687,0.678151786,0.379041672,0.681611359,0.325200766,0.72133553,0.544588447,0.732643545,0.475564539,0.727923751,0.558143318,0.722908854,0.588251352,0.755818903,0.562535703,0.765214205,0.521476448,0.756207943,0.599648237,0.749017119,0.616086364,0.784831285,0.591493845,0.789982319,0.557360053,0.779624522,0.614761651,0.772312343,0.632131517,Thrust_Up
0.758092642,0.824457765,0.728827417,0.768255413,0.716083586,0.681191802,0.740262508,0.599633694,0.768656552,0.542123258,0.679095805,0.567653596,0.670057058,0.464623034,0.665384114,0.4001863,0.663608432,0.346798241,0.715682685,0.56671679,0.722318053,0.490403444,0.722690225,0.551629961,0.719046116,0.593143582,0.749373496,0.579604983,0.758286715,0.537938654,0.754712045,0.599483252,0.748453856,0.630201042,0.777344108,0.607841492,0.784184396,0.56457603,0.777245224,0.6099087,0.768303752,0.637769878,Thrust_Up
0.721277654,0.763452709,0.683835208,0.709366322,0.66255033,0.611771703,0.67991221,0.524949849,0.706104338,0.462275773,0.660896063,0.507094264,0.655058682,0.397050619,0.653230727,0.330252558,0.656179249,0.26863572,0.696095109,0.514795899,0.699833453,0.460658133,0.689772785,0.538421035,0.689858139,0.564673901,0.72726953,0.535045743,0.727071822,0.512584448,0.713538051,0.588302016,0.714016497,0.594696045,0.754463971,0.562653303,0.747783303,0.550118744,0.734879851,0.606119275,0.73558712,0.612665236,Thrust_Up
0.73307997,0.78506726,0.699914217,0.725411534,0.681992352,0.631106853,0.702363133,0.546749771,0.728518307,0.48586446,0.670347035,0.520961761,0.656611145,0.407753855,0.648172081,0.341294587,0.644972086,0.282308698,0.707165956,0.529891551,0.717918515,0.476415038,0.709472299,0.55051136,0.706626713,0.581124008,0.739992857,0.552685559,0.746761382,0.527221084,0.732147515,0.599698722,0.727808714,0.615572274,0.767508268,0.584815681,0.768203795,0.564050138,0.753017545,0.618599594,0.746827006,0.63421756,Thrust_Up
0.74521488,0.803393543,0.718377531,0.739667833,0.707247913,0.646485627,0.733228445,0.563485503,0.763967931,0.501316965,0.694054127,0.517895341,0.690087259,0.409842789,0.687636137,0.341143131,0.689519048,0.283619821,0.731253386,0.532635748,0.749192297,0.4652161,0.737289667,0.535668373,0.729214668,0.573093295,0.76371038,0.563706577,0.77867204,0.526680827,0.760112464,0.598468423,0.750036657,0.622100294,0.789357901,0.607834578,0.799528718,0.578848124,0.781748593,0.631252408,0.770518661,0.650112569,Thrust_Up
0.741830111,0.789139748,0.699135959,0.728093505,0.679578424,0.621232212,0.702258706,0.530321121,0.730133533,0.484122545,0.687836289,0.520724714,0.686506033,0.420733273,0.688822389,0.356983393,0.693630636,0.302358836,0.721217036,0.52931577,0.729171515,0.449711204,0.72227788,0.529025495,0.719205022,0.577675402,0.752750874,0.552295148,0.761918545,0.488126278,0.745604575,0.565251291,0.738863111,0.607353866,0.780159891,0.589448571,0.782858074,0.544891357,0.766356409,0.597199678,0.760598958,0.628940761,Thrust_Up
0.739410281,0.791037142,0.697961688,0.736250699,0.674284875,0.63181442,0.684197366,0.535734177,0.702467501,0.469251782,0.685691118,0.526787877,0.68231672,0.422625124,0.681823492,0.35704273,0.687870026,0.292390794,0.721213996,0.543335676,0.722744524,0.49050343,0.712256849,0.585706115,0.712877214,0.603601217,0.75328362,0.566853285,0.752747297,0.538226664,0.738238871,0.630014598,0.738705993,0.634635746,0.782923222,0.596446991,0.779138207,0.576636851,0.763796926,0.639310062,0.761966169,0.650799513,Thrust_Up
0.743721843,0.801686347,0.703544259,0.744750738,0.680366039,0.643866897,0.68807888,0.549208581,0.70581913,0.481583774,0.685097635,0.532409966,0.671575546,0.423080415,0.662243485,0.354878962,0.661876142,0.289565146,0.722830951,0.541223288,0.724909186,0.49177134,0.714498818,0.584361017,0.715388238,0.605020106,0.756249666,0.563316166,0.754791915,0.544896245,0.740136385,0.63229084,0.741135657,0.636450887,0.785354137,0.59266901,0.781177521,0.586541653,0.765352964,0.647909522,0.76342386,0.654979348,Thrust_Up
0.741824985,0.820485711,0.709599495,0.768743038,0.693196833,0.678877771,0.716091454,0.596526861,0.745929182,0.536998808,0.674196541,0.553013504,0.659863949,0.438499868,0.649491251,0.369297206,0.644650817,0.308808714,0.71303618,0.558443725,0.722760081,0.494877666,0.715005934,0.572121143,0.711395264,0.61329782,0.748093784,0.580578327,0.75552237,0.553046107,0.742376685,0.631157815,0.737295091,0.65410018,0.777537763,0.615601361,0.780823648,0.593965113,0.765625596,0.654443562,0.757773757,0.674198031,Thrust_Up
0.738340139,0.80905664,0.707243562,0.754558861,0.692250013,0.663971305,0.714679599,0.582606137,0.742223561,0.519331336,0.681751132,0.529391944,0.675749421,0.41708222,0.671258271,0.345706522,0.672402918,0.284437001,0.718555093,0.541485786,0.729818523,0.486828327,0.719138563,0.567765534,0.714906573,0.59628135,0.751518607,0.567630053,0.758608401,0.542418182,0.742878437,0.62074858,0.737022102,0.631913424,0.778717279,0.60340327,0.782760978,0.585379541,0.765657544,0.643307745,0.757500947,0.655103028,Thrust_Up
0.719320238,0.823725343,0.689355075,0.766270459,0.674375534,0.673276782,0.693746269,0.589838505,0.723325729,0.534122109,0.664564371,0.558657527,0.662826717,0.453047037,0.661886215,0.388338029,0.665682316,0.33265546,0.69942981,0.57207942,0.710232437,0.508039773,0.699074328,0.580896735,0.695295274,0.614008546,0.730987489,0.598562956,0.736463249,0.564854622,0.721391976,0.636250198,0.717315853,0.652157605,0.757438481,0.633695185,0.75686121,0.609003127,0.741666019,0.6614694,0.73630935,0.675601721,Thrust_Up
0.719784558,0.821389735,0.686874449,0.770852447,0.669598758,0.681727707,0.688126802,0.59984839,0.715993583,0.542768896,0.664098263,0.566323221,0.661606967,0.459464073,0.661761165,0.392616302,0.666375935,0.334548861,0.697936535,0.575805724,0.701538801,0.51802808,0.691309452,0.592631757,0.689902604,0.621553659,0.728933096,0.598231614,0.729038954,0.568902254,0.715284705,0.641573906,0.713852942,0.654430687,0.755983949,0.629740953,0.751804948,0.608421326,0.737360656,0.661743164,0.734444857,0.674409866,Thrust_Up
0.715354681,0.803878248,0.671756923,0.761178017,0.646998167,0.672239423,0.656105816,0.590898275,0.67549938,0.546365321,0.65405798,0.564560831,0.653996766,0.469025433,0.656879246,0.404193819,0.662330747,0.350645363,0.685031056,0.568961322,0.688109994,0.50892365,0.688010037,0.590483606,0.688429892,0.625065804,0.716255486,0.580169678,0.720347762,0.529273272,0.713030517,0.606814981,0.71075052,0.635573804,0.745664179,0.602308095,0.747416019,0.563462377,0.73615396,0.616620362,0.732670724,0.639677346,Thrust_Up
0.716670752,0.813573003,0.677675366,0.776325405,0.649789512,0.690170467,0.663370609,0.611065686,0.687736928,0.560621858,0.65308553,0.569325626,0.646926105,0.462650299,0.645112991,0.395210922,0.646163344,0.335804015,0.687221348,0.576820374,0.691100717,0.525968015,0.689822137,0.616016626,0.688712418,0.646320105,0.719952524,0.591803789,0.723262489,0.551534414,0.715110481,0.63527739,0.711241961,0.655716419,0.749629557,0.616814971,0.749326766,0.580726981,0.737998307,0.639451683,0.733954668,0.660587788,Thrust_Up
0.71306026,0.829152524,0.679728091,0.785376728,0.659069777,0.704380572,0.673399687,0.62349999,0.694078803,0.564413846,0.643797874,0.58294791,0.640380681,0.480080605,0.638486624,0.414992422,0.640199065,0.35866648,0.676411927,0.587722719,0.678896964,0.50951755,0.674040616,0.591745794,0.672213852,0.628650188,0.707636654,0.604524076,0.709608376,0.555652678,0.70014298,0.639482141,0.695945442,0.664462328,0.735811889,0.634367883,0.734224737,0.594306946,0.723583937,0.653991878,0.71925652,0.676700711,Thrust_Up
0.703150094,0.809735358,0.669834316,0.754732847,0.653145313,0.664588094,0.66956073,0.581715882,0.691661,0.517922997,0.645349085,0.558949411,0.64572221,0.46224609,0.648501515,0.402517527,0.655088425,0.347202867,0.677768528,0.569063604,0.684903622,0.50257498,0.675229549,0.576480091,0.672185123,0.605587304,0.707561076,0.591134429,0.711789429,0.555966377,0.699201941,0.629747033,0.696232498,0.6417045,0.733993411,0.620935321,0.732611477,0.591284037,0.720189035,0.645880938,0.717253983,0.660087526,Thrust_Up
0.69592613,0.814365029,0.667056799,0.761543274,0.651881218,0.677052677,0.668610394,0.596609116,0.692925692,0.535425901,0.631754577,0.569532514,0.628945053,0.471837044,0.627237976,0.409927398,0.628137052,0.356997043,0.664787591,0.574202776,0.666510761,0.506144285,0.662045121,0.570735395,0.660253584,0.606489837,0.696141958,0.593726277,0.698451638,0.556597233,0.690460622,0.62318933,0.687296212,0.643876851,0.723268151,0.62510258,0.721251369,0.59558171,0.711616457,0.645423651,0.707489729,0.662100315,Thrust_Up
0.725242972,0.81750679,0.69269824,0.766082406,0.673222601,0.676000118,0.687538624,0.588957191,0.710766196,0.524273217,0.658899367,0.566669345,0.651464522,0.462206185,0.647384048,0.396173716,0.648201764,0.339615554,0.692596197,0.571081281,0.70014286,0.50051862,0.691071928,0.574335694,0.688409507,0.615287781,0.723572612,0.590083301,0.727901876,0.549180508,0.715241909,0.62293756,0.712724209,0.648192883,0.750569642,0.620493293,0.748598397,0.590309918,0.736094415,0.643625975,0.733332634,0.663057983,Thrust_Up
0.708810508,0.809590697,0.675317347,0.755843759,0.658499122,0.658791363,0.675402343,0.573630571,0.701123834,0.513540208,0.651062131,0.563621581,0.649288476,0.461120963,0.648919761,0.400084555,0.653735995,0.344638258,0.684176981,0.573617935,0.690566778,0.508913398,0.679149926,0.583747745,0.677909315,0.617829442,0.713704407,0.595683455,0.715872705,0.557815492,0.701084137,0.632788062,0.700333953,0.651105523,0.739082873,0.625059605,0.734279811,0.59702301,0.720874965,0.652464747,0.720463574,0.669369698,Thrust_Up
0.710367322,0.78236711,0.666801214,0.73741591,0.642058134,0.659493387,0.647275567,0.580863595,0.665795505,0.528876364,0.641780913,0.544768572,0.638044178,0.444053382,0.638397098,0.380333394,0.640578508,0.324680686,0.673545122,0.547188938,0.673267901,0.488648355,0.678131938,0.573977768,0.679625809,0.604069471,0.704333127,0.554642975,0.70628798,0.507253349,0.703203976,0.588477433,0.701286197,0.611947954,0.73369199,0.573174417,0.735301375,0.531169415,0.726728559,0.587251544,0.723631918,0.61095649,Thrust_Up
0.71923995,0.798382878,0.682137847,0.749915719,0.671792328,0.668466568,0.70176363,0.599350035,0.729316652,0.546007693,0.663312733,0.541332662,0.646776378,0.437248766,0.636599123,0.376000643,0.628746867,0.323120832,0.698274195,0.532492518,0.705637276,0.41422388,0.709785879,0.33932209,0.714030802,0.27745524,0.727039158,0.556684196,0.731734335,0.509398222,0.721599758,0.57496208,0.715854645,0.617525697,0.751737833,0.595677495,0.756035507,0.550297916,0.743426502,0.597711265,0.734751344,0.635977447,Down
0.732256055,0.773572385,0.697783411,0.717078447,0.690533876,0.629545033,0.717666686,0.554768324,0.741617382,0.492440969,0.672123432,0.529663265,0.653853953,0.42703563,0.643491149,0.366487116,0.635458648,0.315740019,0.706087947,0.521194339,0.708919644,0.403800786,0.710835397,0.329687089,0.712883472,0.272927433,0.735294819,0.543100953,0.740639508,0.497300744,0.734426677,0.554084361,0.73098135,0.593424916,0.759825766,0.574725389,0.764500916,0.525737047,0.755517125,0.565582573,0.749975443,0.600091696,Down
0.741379142,0.814792216,0.709947169,0.759271145,0.705600023,0.671860456,0.736821473,0.60115236,0.764320612,0.54608047,0.694227576,0.567492485,0.68806076,0.458101273,0.683740675,0.392528206,0.679319739,0.337426543,0.726792932,0.561999381,0.732055843,0.445293993,0.736260056,0.370570332,0.739093602,0.309678048,0.754981339,0.585910916,0.764949918,0.538332999,0.759347379,0.594136536,0.754007876,0.634693742,0.778822005,0.621629775,0.786959648,0.574221849,0.779333234,0.610699058,0.773279667,0.644129097,Down
0.73572433,0.820044339,0.703281105,0.767623782,0.69682461,0.681178451,0.725537121,0.610923052,0.752605975,0.555475295,0.691798508,0.569876611,0.692319155,0.459182113,0.693400919,0.392080694,0.694752991,0.334384531,0.722817242,0.565827012,0.723722994,0.447313607,0.724648952,0.372294575,0.726225853,0.309198201,0.751264691,0.589541554,0.759546041,0.540460885,0.751185656,0.600495398,0.744180977,0.643332005,0.776255965,0.625763535,0.782408059,0.579371214,0.772680879,0.616859019,0.765519381,0.650244892,Down
0.727801561,0.847918987,0.697828054,0.793365479,0.696785808,0.710949898,0.729331553,0.649683595,0.758492768,0.599247217,0.682327867,0.607622862,0.678503811,0.499715626,0.676398277,0.435173273,0.674945116,0.381041527,0.715230167,0.605982542,0.724554539,0.491124153,0.730653465,0.421239644,0.73602581,0.364538223,0.743206143,0.630420327,0.7542575,0.599204898,0.744193912,0.660464942,0.736904502,0.694281101,0.766540587,0.664314389,0.773112297,0.640283942,0.760885954,0.688768446,0.751163721,0.719930828,Down
0.741709471,0.936745286,0.712241471,0.871073425,0.714981556,0.776937306,0.752980769,0.708364308,0.782918036,0.657027304,0.706861436,0.663822234,0.709987938,0.548736513,0.713161707,0.480282485,0.716664791,0.421666026,0.740793705,0.666904926,0.75239414,0.548242688,0.761880219,0.473224699,0.771451294,0.407941073,0.76920253,0.696818113,0.787571192,0.654413939,0.77630794,0.716711819,0.766592801,0.755696416,0.793195844,0.737159073,0.805485547,0.696156144,0.792036414,0.740116179,0.77992487,0.771944702,Down
0.730495274,0.844438672,0.69416523,0.787333846,0.689438164,0.695973217,0.723557353,0.624151468,0.752972126,0.569081485,0.674452305,0.593460798,0.664295912,0.481034994,0.657468975,0.413059026,0.651252747,0.356667787,0.708929181,0.587851107,0.713167667,0.465777844,0.714757502,0.390453696,0.717452347,0.327615559,0.739589691,0.612451792,0.748463452,0.572071791,0.737467349,0.635081768,0.731737614,0.673418164,0.765283287,0.650536001,0.768947482,0.613412559,0.756602466,0.66241318,0.749353349,0.69724977,Down
0.731004357,0.807430625,0.690772653,0.753471971,0.683200121,0.660654426,0.712338686,0.589374304,0.735562086,0.542273283,0.679966211,0.553807437,0.661777973,0.455280364,0.650033534,0.392208695,0.641840219,0.337673068,0.71573478,0.544907033,0.712854266,0.432496965,0.711469591,0.357169271,0.712448001,0.292958051,0.745919526,0.566316366,0.755115449,0.503406882,0.747504711,0.568847001,0.741874635,0.620967805,0.77172929,0.602110982,0.776378989,0.553341508,0.765021205,0.597627878,0.756197929,0.638969064,Down
0.732235432,0.823099554,0.691005647,0.765904784,0.684809804,0.669826508,0.714859486,0.600952804,0.738596618,0.558401108,0.686614454,0.564849913,0.677626014,0.464653671,0.672348917,0.403378665,0.670104623,0.349935472,0.721548796,0.561127424,0.721975327,0.448699474,0.721875072,0.372156888,0.724421978,0.305302471,0.751420021,0.586472034,0.761911929,0.522540629,0.749782801,0.593147159,0.740642488,0.647530198,0.776747644,0.625070572,0.779594958,0.580113292,0.765964746,0.62840575,0.755446076,0.669879198,Down
0.729257882,0.823514163,0.692118585,0.767463207,0.68501544,0.679165304,0.711316228,0.608313084,0.733881295,0.559262633,0.687537074,0.566586673,0.683881223,0.460318297,0.681588888,0.393943012,0.681373477,0.336057276,0.721026659,0.559797227,0.719945967,0.441917837,0.720158339,0.368223727,0.72223717,0.303991109,0.749816716,0.581136107,0.761872649,0.510643125,0.755612195,0.573872983,0.749729097,0.626985013,0.775211036,0.618679702,0.78235817,0.569094598,0.772555351,0.609640419,0.763611674,0.649289608,Down
0.725694299,0.814058959,0.685470343,0.761187077,0.679515362,0.668681026,0.708918869,0.597779989,0.729341209,0.544734418,0.67852968,0.553604603,0.665308595,0.449644744,0.657070398,0.385106832,0.652172863,0.329795837,0.714319646,0.549475968,0.716431677,0.433907807,0.718799174,0.35731113,0.722942233,0.291097045,0.743227124,0.574266911,0.755621612,0.509677052,0.746606112,0.572604537,0.739581585,0.622762918,0.768383503,0.612053812,0.77468574,0.566585004,0.763641715,0.609143078,0.75478828,0.647262633,Down
0.722361803,0.820895135,0.685963452,0.75859791,0.683279395,0.663636446,0.716020823,0.590527892,0.743784904,0.540167511,0.679727137,0.561517537,0.674488246,0.450242162,0.67185688,0.383338422,0.669312,0.326397061,0.713319898,0.564912021,0.722511709,0.447196126,0.727573812,0.370589405,0.732867002,0.309010416,0.74143523,0.595136046,0.749218404,0.548890293,0.735157251,0.612953484,0.727164745,0.659439087,0.764094651,0.63568598,0.765640795,0.59376359,0.75121516,0.64397186,0.742650688,0.684944212,Down
0.721503556,0.824342012,0.684683561,0.766349196,0.679095209,0.672877491,0.711543262,0.598090887,0.739715874,0.546824813,0.676748097,0.569919407,0.669652224,0.458973467,0.665410936,0.390844047,0.661989629,0.333269238,0.709054112,0.567639053,0.709252,0.449882537,0.709095001,0.3734833,0.710324347,0.312556386,0.737939656,0.591652513,0.743615568,0.550634742,0.732895672,0.615147114,0.725961983,0.661253154,0.761917233,0.626280546,0.76340878,0.58381027,0.751724303,0.632603288,0.744500995,0.673710763,Down
0.721001446,0.824448109,0.684632719,0.768469989,0.677780807,0.681059778,0.706456482,0.606627107,0.733002484,0.55189383,0.676778316,0.571666777,0.677015722,0.460505337,0.679026723,0.391456485,0.681908607,0.332100958,0.70791018,0.570499599,0.70814997,0.45329991,0.709496856,0.3770096,0.712591052,0.314590961,0.737023592,0.594184935,0.742013514,0.549547315,0.731234729,0.616764784,0.723968327,0.665935397,0.761601627,0.62997061,0.763398349,0.585174143,0.751330853,0.635583401,0.742687404,0.678293109,Down
0.720085442,0.820123374,0.682012975,0.768736839,0.675083935,0.683148503,0.708172262,0.613333583,0.735835731,0.553482294,0.669906497,0.567008853,0.654209316,0.460383594,0.644054353,0.395290941,0.636618614,0.339563131,0.705939293,0.563679636,0.716833711,0.445824862,0.723134696,0.367790669,0.729499221,0.306316555,0.734916985,0.59167248,0.741477668,0.54741168,0.728216946,0.614324868,0.720914245,0.660346627,0.758797824,0.631103396,0.762261033,0.585319519,0.748776615,0.636631608,0.740014374,0.678366721,Down
0.72144407,0.823784173,0.68628335,0.771761358,0.680581689,0.686301112,0.713987589,0.615165889,0.742041588,0.557318509,0.674798429,0.572885573,0.666342854,0.46349591,0.660688758,0.395612001,0.656093419,0.33836937,0.708782196,0.569137871,0.714731276,0.451213807,0.718187213,0.373849422,0.721875191,0.310788333,0.738261104,0.594831884,0.745516837,0.555973828,0.734422803,0.619907141,0.72763896,0.664627612,0.76253885,0.633354425,0.766752303,0.593258321,0.75434345,0.642691851,0.745912254,0.683452785,Down
0.724235475,0.821262717,0.685485661,0.769074857,0.678174257,0.684857488,0.714507103,0.61372,0.743793964,0.554122329,0.67178309,0.570247293,0.649371803,0.467344284,0.635021389,0.402645528,0.625027239,0.346592277,0.709076941,0.563912272,0.719176829,0.448007822,0.727405429,0.370402038,0.736525357,0.308986157,0.738578558,0.591226816,0.746035397,0.549317539,0.733862936,0.618361115,0.727877855,0.666146815,0.762765467,0.630897939,0.766552985,0.585738122,0.753910601,0.638779998,0.745949924,0.682359159,Down
0.723404229,0.827869773,0.688123584,0.773509383,0.682266533,0.68846941,0.717260242,0.619246304,0.745508432,0.562025547,0.677583814,0.573349178,0.665323734,0.465028882,0.656739593,0.398393899,0.650118053,0.342053711,0.712457836,0.570861042,0.721175969,0.454890668,0.727055848,0.376680493,0.733771205,0.313878775,0.741882503,0.599245608,0.749959767,0.562811315,0.736512244,0.631080747,0.728943229,0.678203821,0.765897393,0.640319943,0.770077825,0.598883629,0.756371796,0.649711967,0.747251391,0.69122088,Down
0.72230351,0.831044555,0.684657931,0.778658986,0.677927434,0.694626391,0.713130891,0.62690407,0.741991401,0.570299566,0.675115347,0.576443732,0.660525978,0.468512118,0.651115298,0.401564777,0.644085824,0.344628543,0.711827397,0.574248314,0.724458873,0.458094597,0.73380965,0.381269097,0.742692947,0.319970071,0.741071105,0.603929996,0.748775721,0.564507663,0.733786583,0.633106649,0.725066185,0.680411577,0.764688909,0.645443082,0.768073142,0.604462743,0.753423393,0.656008482,0.743387461,0.697389007,Down
0.781717539,0.849520922,0.743389904,0.789490938,0.736008584,0.699184179,0.766508162,0.626211286,0.791738987,0.569322169,0.729196012,0.583480954,0.711970448,0.469757736,0.701332867,0.400711238,0.693146527,0.341246635,0.765986204,0.581404388,0.776191771,0.456855536,0.781923532,0.373330981,0.787631929,0.3075293,0.79658711,0.608130515,0.803184688,0.566102445,0.789013028,0.633932352,0.779961765,0.684994757,0.822585404,0.644809425,0.827714741,0.593216658,0.813324392,0.641239703,0.802333713,0.686808467,Down
0.767171085,0.824002326,0.728212535,0.766958654,0.719866514,0.680337012,0.75092715,0.61051923,0.777539015,0.554732144,0.713375747,0.564965427,0.696480393,0.453391522,0.685547709,0.386286557,0.677076221,0.328986853,0.750100434,0.561301947,0.758941591,0.439467311,0.764048219,0.356650501,0.769224763,0.291949242,0.780637383,0.587042212,0.784774721,0.549217641,0.772349477,0.614573717,0.765165329,0.661634386,0.806695282,0.62273258,0.810443819,0.575535238,0.796805203,0.625475347,0.787047625,0.669530272,Down
0.76136595,0.817821383,0.722317755,0.764811635,0.711845636,0.678443074,0.739164412,0.60585779,0.764072239,0.548690379,0.706208885,0.559760153,0.693193674,0.448294997,0.684551656,0.379334927,0.677505374,0.319754809,0.741238713,0.553646922,0.74748522,0.429874599,0.750535727,0.346551746,0.753993452,0.278979748,0.772024572,0.575984001,0.776585817,0.538415074,0.765452564,0.608199656,0.75884366,0.658222377,0.798537076,0.610513926,0.801863432,0.565328121,0.788503349,0.617295146,0.778191388,0.662593305,Down
0.759604216,0.809869945,0.722903371,0.758948147,0.713540852,0.673348308,0.7428267,0.598669827,0.768346846,0.537613869,0.702941298,0.553538024,0.684498668,0.445513904,0.673169971,0.379752934,0.664406776,0.323872358,0.738078296,0.544141293,0.740635514,0.422527194,0.743079603,0.343973249,0.745846093,0.280964494,0.767592609,0.567597985,0.772364497,0.51214391,0.766098857,0.57832545,0.762467682,0.627075195,0.792515218,0.605830669,0.797046661,0.556355655,0.78683728,0.608138442,0.779118657,0.653436482,Down
0.762317955,0.820470393,0.724749386,0.766923845,0.71548748,0.677261412,0.743057966,0.600836396,0.769117534,0.543323755,0.705459595,0.564537287,0.692594767,0.45394671,0.68391645,0.386529565,0.676708102,0.328791171,0.740539789,0.556239426,0.744172513,0.433133066,0.745684981,0.352968693,0.747869909,0.287072599,0.770806193,0.57905376,0.777474821,0.521077454,0.769759059,0.589219868,0.765070379,0.638121963,0.796662927,0.61517781,0.800591528,0.56891489,0.789935768,0.619777203,0.782542109,0.662095129,Down
0.759458005,0.819190025,0.721201241,0.765177786,0.713065565,0.676890671,0.743357122,0.602925599,0.770609558,0.543457389,0.703326643,0.558301687,0.684853673,0.450649977,0.673058689,0.384028196,0.663982391,0.328008294,0.739821434,0.552685142,0.743439734,0.429416597,0.745213866,0.349167258,0.747340024,0.284794211,0.770030558,0.578930199,0.774782419,0.519045115,0.765788615,0.586873531,0.76064676,0.636715412,0.79474926,0.617369473,0.797265828,0.568648517,0.78553021,0.621441901,0.77784282,0.666829705,Down
